student_id,week_number,month,total_classes,attended_classes,percentage
1,1,August,18,15,83.33
1,2,August,25,20,80.0
1,3,August,25,20,80.0
1,4,August,22,16,72.73
1,5,September,19,14,73.68
1,6,September,25,17,68.0
1,7,September,24,15,62.5
1,8,September,19,12,63.16
1,9,October,19,11,57.89
1,10,October,18,11,61.11
1,11,October,18,9,50.0
1,12,October,18,8,44.44
1,13,November,23,10,43.48
1,14,November,22,9,40.91
2,1,August,21,13,61.9
2,2,August,22,15,68.18
2,3,August,23,16,69.57
2,4,August,20,14,70.0
2,5,September,21,16,76.19
2,6,September,24,18,75.0
2,7,September,24,19,79.17
2,8,September,19,15,78.95
2,9,October,25,20,80.0
2,10,October,23,19,82.61
2,11,October,25,21,84.0
2,12,October,24,22,91.67
2,13,November,21,19,90.48
2,14,November,23,21,91.3
3,1,August,20,18,90.0
3,2,August,22,20,90.91
3,3,August,19,17,89.47
3,4,August,22,19,86.36
3,5,September,22,19,86.36
3,6,September,23,20,86.96
3,7,September,24,21,87.5
3,8,September,21,18,85.71
3,9,October,25,21,84.0
3,10,October,19,18,94.74
3,11,October,24,21,87.5
3,12,October,19,16,84.21
3,13,November,18,15,83.33
3,14,November,24,22,91.67
4,1,August,25,21,84.0
4,2,August,21,17,80.95
4,3,August,25,21,84.0
4,4,August,23,19,82.61
4,5,September,23,18,78.26
4,6,September,21,17,80.95
4,7,September,22,17,77.27
4,8,September,21,15,71.43
4,9,October,22,17,77.27
4,10,October,19,13,68.42
4,11,October,22,16,72.73
4,12,October,18,12,66.67
4,13,November,22,15,68.18
4,14,November,23,15,65.22
5,1,August,25,21,84.0
5,2,August,19,16,84.21
5,3,August,21,18,85.71
5,4,August,23,20,86.96
5,5,September,19,17,89.47
5,6,September,19,16,84.21
5,7,September,19,17,89.47
5,8,September,24,20,83.33
5,9,October,24,21,87.5
5,10,October,19,16,84.21
5,11,October,23,20,86.96
5,12,October,20,18,90.0
5,13,November,18,16,88.89
5,14,November,25,22,88.0
6,1,August,20,18,90.0
6,2,August,19,17,89.47
6,3,August,19,18,94.74
6,4,August,20,19,95.0
6,5,September,21,19,90.48
6,6,September,25,23,92.0
6,7,September,25,22,88.0
6,8,September,20,19,95.0
6,9,October,18,17,94.44
6,10,October,22,20,90.91
6,11,October,21,20,95.24
6,12,October,21,19,90.48
6,13,November,21,19,90.48
6,14,November,20,19,95.0
7,1,August,18,16,88.89
7,2,August,19,16,84.21
7,3,August,19,16,84.21
7,4,August,18,14,77.78
7,5,September,20,15,75.0
7,6,September,23,17,73.91
7,7,September,18,12,66.67
7,8,September,18,12,66.67
7,9,October,18,11,61.11
7,10,October,24,14,58.33
7,11,October,19,10,52.63
7,12,October,21,12,57.14
7,13,November,21,11,52.38
7,14,November,24,11,45.83
8,1,August,20,17,85.0
8,2,August,22,18,81.82
8,3,August,24,18,75.0
8,4,August,23,17,73.91
8,5,September,25,17,68.0
8,6,September,25,18,72.0
8,7,September,25,17,68.0
8,8,September,21,13,61.9
8,9,October,23,15,65.22
8,10,October,18,10,55.56
8,11,October,20,10,50.0
8,12,October,18,10,55.56
8,13,November,19,10,52.63
8,14,November,22,10,45.45
9,1,August,24,21,87.5
9,2,August,21,18,85.71
9,3,August,19,17,89.47
9,4,August,18,16,88.89
9,5,September,19,17,89.47
9,6,September,21,19,90.48
9,7,September,22,20,90.91
9,8,September,25,23,92.0
9,9,October,22,20,90.91
9,10,October,18,16,88.89
9,11,October,22,20,90.91
9,12,October,18,16,88.89
9,13,November,19,17,89.47
9,14,November,25,23,92.0
10,1,August,18,9,50.0
10,2,August,22,13,59.09
10,3,August,23,14,60.87
10,4,August,22,14,63.64
10,5,September,23,16,69.57
10,6,September,18,12,66.67
10,7,September,22,16,72.73
10,8,September,21,15,71.43
10,9,October,25,18,72.0
10,10,October,25,20,80.0
10,11,October,25,19,76.0
10,12,October,19,15,78.95
10,13,November,22,19,86.36
10,14,November,25,21,84.0
11,1,August,19,12,63.16
11,2,August,24,16,66.67
11,3,August,21,15,71.43
11,4,August,25,17,68.0
11,5,September,23,17,73.91
11,6,September,25,18,72.0
11,7,September,23,17,73.91
11,8,September,23,18,78.26
11,9,October,21,17,80.95
11,10,October,21,17,80.95
11,11,October,22,18,81.82
11,12,October,20,17,85.0
11,13,November,20,18,90.0
11,14,November,24,21,87.5
12,1,August,20,17,85.0
12,2,August,25,22,88.0
12,3,August,20,17,85.0
12,4,August,19,17,89.47
12,5,September,22,19,86.36
12,6,September,20,17,85.0
12,7,September,23,20,86.96
12,8,September,21,18,85.71
12,9,October,21,19,90.48
12,10,October,18,15,83.33
12,11,October,20,17,85.0
12,12,October,23,20,86.96
12,13,November,21,18,85.71
12,14,November,19,17,89.47
13,1,August,24,20,83.33
13,2,August,22,18,81.82
13,3,August,23,19,82.61
13,4,August,22,17,77.27
13,5,September,23,18,78.26
13,6,September,18,14,77.78
13,7,September,20,15,75.0
13,8,September,18,13,72.22
13,9,October,25,18,72.0
13,10,October,20,14,70.0
13,11,October,20,14,70.0
13,12,October,25,16,64.0
13,13,November,20,13,65.0
13,14,November,21,13,61.9
14,1,August,19,16,84.21
14,2,August,18,16,88.89
14,3,August,22,18,81.82
14,4,August,20,18,90.0
14,5,September,20,17,85.0
14,6,September,21,19,90.48
14,7,September,25,22,88.0
14,8,September,20,17,85.0
14,9,October,22,19,86.36
14,10,October,21,18,85.71
14,11,October,25,22,88.0
14,12,October,25,22,88.0
14,13,November,23,19,82.61
14,14,November,24,21,87.5
15,1,August,20,14,70.0
15,2,August,22,15,68.18
15,3,August,23,16,69.57
15,4,August,20,14,70.0
15,5,September,22,16,72.73
15,6,September,19,15,78.95
15,7,September,22,17,77.27
15,8,September,23,18,78.26
15,9,October,21,18,85.71
15,10,October,20,16,80.0
15,11,October,23,19,82.61
15,12,October,20,17,85.0
15,13,November,20,17,85.0
15,14,November,19,16,84.21
16,1,August,22,20,90.91
16,2,August,18,15,83.33
16,3,August,20,17,85.0
16,4,August,24,19,79.17
16,5,September,19,16,84.21
16,6,September,23,19,82.61
16,7,September,21,18,85.71
16,8,September,20,17,85.0
16,9,October,24,20,83.33
16,10,October,22,19,86.36
16,11,October,20,17,85.0
16,12,October,18,15,83.33
16,13,November,20,16,80.0
16,14,November,18,14,77.78
17,1,August,20,16,80.0
17,2,August,20,16,80.0
17,3,August,21,15,71.43
17,4,August,21,16,76.19
17,5,September,20,15,75.0
17,6,September,18,12,66.67
17,7,September,20,14,70.0
17,8,September,24,16,66.67
17,9,October,18,11,61.11
17,10,October,22,14,63.64
17,11,October,18,11,61.11
17,12,October,24,14,58.33
17,13,November,21,12,57.14
17,14,November,25,14,56.0
18,1,August,18,16,88.89
18,2,August,25,24,96.0
18,3,August,21,19,90.48
18,4,August,24,22,91.67
18,5,September,19,17,89.47
18,6,September,18,16,88.89
18,7,September,24,22,91.67
18,8,September,22,20,90.91
18,9,October,24,22,91.67
18,10,October,20,19,95.0
18,11,October,23,21,91.3
18,12,October,21,19,90.48
18,13,November,24,22,91.67
18,14,November,21,19,90.48
19,1,August,24,22,91.67
19,2,August,20,18,90.0
19,3,August,21,19,90.48
19,4,August,20,18,90.0
19,5,September,24,22,91.67
19,6,September,20,18,90.0
19,7,September,21,19,90.48
19,8,September,24,23,95.83
19,9,October,18,16,88.89
19,10,October,24,21,87.5
19,11,October,19,17,89.47
19,12,October,19,18,94.74
19,13,November,19,18,94.74
19,14,November,24,22,91.67
20,1,August,20,17,85.0
20,2,August,22,18,81.82
20,3,August,20,17,85.0
20,4,August,22,18,81.82
20,5,September,22,17,77.27
20,6,September,22,17,77.27
20,7,September,21,15,71.43
20,8,September,18,13,72.22
20,9,October,20,14,70.0
20,10,October,19,13,68.42
20,11,October,20,13,65.0
20,12,October,23,15,65.22
20,13,November,23,15,65.22
20,14,November,18,11,61.11
21,1,August,25,21,84.0
21,2,August,18,15,83.33
21,3,August,20,16,80.0
21,4,August,20,15,75.0
21,5,September,23,17,73.91
21,6,September,21,15,71.43
21,7,September,24,16,66.67
21,8,September,20,13,65.0
21,9,October,22,13,59.09
21,10,October,18,11,61.11
21,11,October,22,11,50.0
21,12,October,23,11,47.83
21,13,November,25,11,44.0
21,14,November,23,9,39.13
22,1,August,24,15,62.5
22,2,August,22,13,59.09
22,3,August,21,14,66.67
22,4,August,20,13,65.0
22,5,September,19,13,68.42
22,6,September,19,13,68.42
22,7,September,20,14,70.0
22,8,September,21,15,71.43
22,9,October,25,19,76.0
22,10,October,24,19,79.17
22,11,October,20,16,80.0
22,12,October,25,20,80.0
22,13,November,25,21,84.0
22,14,November,24,20,83.33
23,1,August,24,22,91.67
23,2,August,21,18,85.71
23,3,August,18,16,88.89
23,4,August,19,17,89.47
23,5,September,18,16,88.89
23,6,September,23,21,91.3
23,7,September,25,23,92.0
23,8,September,22,20,90.91
23,9,October,22,20,90.91
23,10,October,24,22,91.67
23,11,October,23,22,95.65
23,12,October,19,17,89.47
23,13,November,21,19,90.48
23,14,November,21,19,90.48
24,1,August,23,20,86.96
24,2,August,18,16,88.89
24,3,August,18,16,88.89
24,4,August,19,17,89.47
24,5,September,19,16,84.21
24,6,September,23,21,91.3
24,7,September,22,19,86.36
24,8,September,20,17,85.0
24,9,October,22,19,86.36
24,10,October,18,16,88.89
24,11,October,25,22,88.0
24,12,October,25,22,88.0
24,13,November,19,17,89.47
24,14,November,21,18,85.71
25,1,August,20,17,85.0
25,2,August,22,17,77.27
25,3,August,24,19,79.17
25,4,August,18,14,77.78
25,5,September,24,18,75.0
25,6,September,20,14,70.0
25,7,September,18,11,61.11
25,8,September,24,15,62.5
25,9,October,24,14,58.33
25,10,October,18,10,55.56
25,11,October,23,12,52.17
25,12,October,18,8,44.44
25,13,November,20,10,50.0
25,14,November,19,8,42.11
26,1,August,19,17,89.47
26,2,August,21,19,90.48
26,3,August,23,21,91.3
26,4,August,21,19,90.48
26,5,September,24,22,91.67
26,6,September,20,17,85.0
26,7,September,20,18,90.0
26,8,September,19,17,89.47
26,9,October,25,23,92.0
26,10,October,20,18,90.0
26,11,October,25,22,88.0
26,12,October,24,21,87.5
26,13,November,20,18,90.0
26,14,November,18,16,88.89
27,1,August,24,14,58.33
27,2,August,21,14,66.67
27,3,August,18,12,66.67
27,4,August,22,15,68.18
27,5,September,22,15,68.18
27,6,September,24,17,70.83
27,7,September,18,13,72.22
27,8,September,25,18,72.0
27,9,October,24,18,75.0
27,10,October,20,16,80.0
27,11,October,20,16,80.0
27,12,October,22,18,81.82
27,13,November,23,19,82.61
27,14,November,20,16,80.0
28,1,August,19,16,84.21
28,2,August,22,19,86.36
28,3,August,25,21,84.0
28,4,August,24,21,87.5
28,5,September,22,19,86.36
28,6,September,18,16,88.89
28,7,September,19,17,89.47
28,8,September,25,22,88.0
28,9,October,18,16,88.89
28,10,October,18,16,88.89
28,11,October,24,21,87.5
28,12,October,20,18,90.0
28,13,November,19,16,84.21
28,14,November,25,21,84.0
29,1,August,22,19,86.36
29,2,August,22,19,86.36
29,3,August,21,17,80.95
29,4,August,25,20,80.0
29,5,September,22,19,86.36
29,6,September,22,19,86.36
29,7,September,22,19,86.36
29,8,September,25,21,84.0
29,9,October,21,18,85.71
29,10,October,21,19,90.48
29,11,October,20,18,90.0
29,12,October,18,15,83.33
29,13,November,19,17,89.47
29,14,November,18,15,83.33
30,1,August,24,19,79.17
30,2,August,18,14,77.78
30,3,August,18,14,77.78
30,4,August,18,14,77.78
30,5,September,20,15,75.0
30,6,September,24,18,75.0
30,7,September,25,18,72.0
30,8,September,22,16,72.73
30,9,October,19,12,63.16
30,10,October,25,17,68.0
30,11,October,21,14,66.67
30,12,October,21,13,61.9
30,13,November,21,12,57.14
30,14,November,19,12,63.16
31,1,August,18,15,83.33
31,2,August,18,15,83.33
31,3,August,24,19,79.17
31,4,August,22,17,77.27
31,5,September,19,14,73.68
31,6,September,23,16,69.57
31,7,September,24,16,66.67
31,8,September,18,11,61.11
31,9,October,25,15,60.0
31,10,October,24,13,54.17
31,11,October,21,11,52.38
31,12,October,22,11,50.0
31,13,November,25,13,52.0
31,14,November,24,11,45.83
32,1,August,24,20,83.33
32,2,August,24,20,83.33
32,3,August,20,17,85.0
32,4,August,20,17,85.0
32,5,September,21,19,90.48
32,6,September,19,16,84.21
32,7,September,21,19,90.48
32,8,September,22,18,81.82
32,9,October,19,16,84.21
32,10,October,20,17,85.0
32,11,October,24,20,83.33
32,12,October,24,20,83.33
32,13,November,19,17,89.47
32,14,November,21,18,85.71
33,1,August,25,24,96.0
33,2,August,22,21,95.45
33,3,August,23,21,91.3
33,4,August,21,19,90.48
33,5,September,24,23,95.83
33,6,September,25,23,92.0
33,7,September,24,23,95.83
33,8,September,18,16,88.89
33,9,October,18,17,94.44
33,10,October,22,21,95.45
33,11,October,23,21,91.3
33,12,October,21,19,90.48
33,13,November,23,21,91.3
33,14,November,19,18,94.74
34,1,August,25,15,60.0
34,2,August,19,12,63.16
34,3,August,24,15,62.5
34,4,August,20,13,65.0
34,5,September,21,14,66.67
34,6,September,19,13,68.42
34,7,September,25,18,72.0
34,8,September,24,17,70.83
34,9,October,22,17,77.27
34,10,October,23,18,78.26
34,11,October,18,14,77.78
34,12,October,25,20,80.0
34,13,November,19,16,84.21
34,14,November,21,18,85.71
35,1,August,22,14,63.64
35,2,August,20,13,65.0
35,3,August,21,14,66.67
35,4,August,19,13,68.42
35,5,September,22,16,72.73
35,6,September,22,16,72.73
35,7,September,24,17,70.83
35,8,September,25,19,76.0
35,9,October,25,19,76.0
35,10,October,18,15,83.33
35,11,October,24,20,83.33
35,12,October,18,15,83.33
35,13,November,18,15,83.33
35,14,November,23,20,86.96
36,1,August,23,20,86.96
36,2,August,18,16,88.89
36,3,August,21,18,85.71
36,4,August,18,16,88.89
36,5,September,21,19,90.48
36,6,September,24,20,83.33
36,7,September,20,18,90.0
36,8,September,23,20,86.96
36,9,October,20,18,90.0
36,10,October,24,21,87.5
36,11,October,20,17,85.0
36,12,October,18,16,88.89
36,13,November,19,17,89.47
36,14,November,19,17,89.47
37,1,August,24,23,95.83
37,2,August,23,21,91.3
37,3,August,21,20,95.24
37,4,August,18,17,94.44
37,5,September,22,20,90.91
37,6,September,25,23,92.0
37,7,September,22,20,90.91
37,8,September,21,19,90.48
37,9,October,18,17,94.44
37,10,October,19,17,89.47
37,11,October,24,21,87.5
37,12,October,23,21,91.3
37,13,November,25,22,88.0
37,14,November,24,23,95.83
38,1,August,20,13,65.0
38,2,August,19,12,63.16
38,3,August,25,16,64.0
38,4,August,25,17,68.0
38,5,September,20,14,70.0
38,6,September,19,13,68.42
38,7,September,19,14,73.68
38,8,September,21,15,71.43
38,9,October,18,14,77.78
38,10,October,20,16,80.0
38,11,October,22,17,77.27
38,12,October,21,17,80.95
38,13,November,23,19,82.61
38,14,November,22,18,81.82
39,1,August,21,18,85.71
39,2,August,19,16,84.21
39,3,August,25,22,88.0
39,4,August,22,19,86.36
39,5,September,24,21,87.5
39,6,September,25,22,88.0
39,7,September,18,15,83.33
39,8,September,23,21,91.3
39,9,October,19,17,89.47
39,10,October,21,18,85.71
39,11,October,18,16,88.89
39,12,October,21,18,85.71
39,13,November,21,19,90.48
39,14,November,22,19,86.36
40,1,August,25,22,88.0
40,2,August,21,17,80.95
40,3,August,22,18,81.82
40,4,August,24,20,83.33
40,5,September,23,17,73.91
40,6,September,22,17,77.27
40,7,September,22,16,72.73
40,8,September,21,15,71.43
40,9,October,20,14,70.0
40,10,October,22,16,72.73
40,11,October,24,17,70.83
40,12,October,24,16,66.67
40,13,November,23,15,65.22
40,14,November,24,15,62.5
41,1,August,24,16,66.67
41,2,August,23,15,65.22
41,3,August,19,13,68.42
41,4,August,20,13,65.0
41,5,September,21,15,71.43
41,6,September,21,16,76.19
41,7,September,21,16,76.19
41,8,September,24,19,79.17
41,9,October,22,17,77.27
41,10,October,18,14,77.78
41,11,October,24,20,83.33
41,12,October,23,19,82.61
41,13,November,23,19,82.61
41,14,November,24,21,87.5
42,1,August,20,18,90.0
42,2,August,19,18,94.74
42,3,August,18,16,88.89
42,4,August,19,18,94.74
42,5,September,25,23,92.0
42,6,September,19,17,89.47
42,7,September,21,19,90.48
42,8,September,18,16,88.89
42,9,October,25,22,88.0
42,10,October,24,21,87.5
42,11,October,21,18,85.71
42,12,October,19,17,89.47
42,13,November,20,18,90.0
42,14,November,19,17,89.47
43,1,August,19,16,84.21
43,2,August,22,17,77.27
43,3,August,22,16,72.73
43,4,August,21,15,71.43
43,5,September,20,14,70.0
43,6,September,23,14,60.87
43,7,September,20,13,65.0
43,8,September,24,14,58.33
43,9,October,24,13,54.17
43,10,October,20,10,50.0
43,11,October,24,11,45.83
43,12,October,19,8,42.11
43,13,November,25,9,36.0
43,14,November,19,7,36.84
44,1,August,21,18,85.71
44,2,August,24,21,87.5
44,3,August,22,19,86.36
44,4,August,23,20,86.96
44,5,September,24,21,87.5
44,6,September,25,21,84.0
44,7,September,18,16,88.89
44,8,September,18,15,83.33
44,9,October,18,16,88.89
44,10,October,23,18,78.26
44,11,October,20,17,85.0
44,12,October,19,16,84.21
44,13,November,19,16,84.21
44,14,November,18,15,83.33
45,1,August,18,16,88.89
45,2,August,20,18,90.0
45,3,August,24,21,87.5
45,4,August,18,16,88.89
45,5,September,20,18,90.0
45,6,September,19,17,89.47
45,7,September,23,20,86.96
45,8,September,22,19,86.36
45,9,October,22,19,86.36
45,10,October,24,21,87.5
45,11,October,19,17,89.47
45,12,October,25,22,88.0
45,13,November,22,19,86.36
45,14,November,23,20,86.96
46,1,August,18,16,88.89
46,2,August,21,18,85.71
46,3,August,22,17,77.27
46,4,August,18,15,83.33
46,5,September,22,18,81.82
46,6,September,23,17,73.91
46,7,September,18,13,72.22
46,8,September,18,13,72.22
46,9,October,21,13,61.9
46,10,October,18,12,66.67
46,11,October,24,14,58.33
46,12,October,22,13,59.09
46,13,November,24,14,58.33
46,14,November,20,11,55.0
47,1,August,25,17,68.0
47,2,August,23,16,69.57
47,3,August,24,16,66.67
47,4,August,24,19,79.17
47,5,September,24,19,79.17
47,6,September,21,17,80.95
47,7,September,24,19,79.17
47,8,September,23,19,82.61
47,9,October,21,19,90.48
47,10,October,20,18,90.0
47,11,October,19,17,89.47
47,12,October,24,21,87.5
47,13,November,24,22,91.67
47,14,November,19,18,94.74
48,1,August,18,16,88.89
48,2,August,24,21,87.5
48,3,August,20,17,85.0
48,4,August,21,19,90.48
48,5,September,22,19,86.36
48,6,September,24,20,83.33
48,7,September,25,22,88.0
48,8,September,21,18,85.71
48,9,October,23,20,86.96
48,10,October,22,18,81.82
48,11,October,21,18,85.71
48,12,October,21,18,85.71
48,13,November,23,19,82.61
48,14,November,22,19,86.36
49,1,August,18,15,83.33
49,2,August,18,15,83.33
49,3,August,18,14,77.78
49,4,August,20,16,80.0
49,5,September,22,17,77.27
49,6,September,18,13,72.22
49,7,September,20,15,75.0
49,8,September,22,16,72.73
49,9,October,20,14,70.0
49,10,October,19,13,68.42
49,11,October,21,14,66.67
49,12,October,18,12,66.67
49,13,November,25,17,68.0
49,14,November,25,14,56.0
50,1,August,21,20,95.24
50,2,August,25,23,92.0
50,3,August,22,21,95.45
50,4,August,21,20,95.24
50,5,September,20,19,95.0
50,6,September,19,18,94.74
50,7,September,23,22,95.65
50,8,September,23,22,95.65
50,9,October,21,19,90.48
50,10,October,25,23,92.0
50,11,October,24,22,91.67
50,12,October,19,18,94.74
50,13,November,18,17,94.44
50,14,November,21,20,95.24
51,1,August,20,19,95.0
51,2,August,23,21,91.3
51,3,August,24,22,91.67
51,4,August,19,17,89.47
51,5,September,19,18,94.74
51,6,September,22,20,90.91
51,7,September,21,19,90.48
51,8,September,20,18,90.0
51,9,October,22,21,95.45
51,10,October,19,17,89.47
51,11,October,25,22,88.0
51,12,October,23,21,91.3
51,13,November,23,20,86.96
51,14,November,18,16,88.89
52,1,August,19,18,94.74
52,2,August,24,23,95.83
52,3,August,23,22,95.65
52,4,August,21,20,95.24
52,5,September,18,17,94.44
52,6,September,25,24,96.0
52,7,September,18,17,94.44
52,8,September,24,22,91.67
52,9,October,24,22,91.67
52,10,October,22,21,95.45
52,11,October,22,20,90.91
52,12,October,18,16,88.89
52,13,November,25,24,96.0
52,14,November,18,17,94.44
53,1,August,24,20,83.33
53,2,August,20,17,85.0
53,3,August,20,16,80.0
53,4,August,21,16,76.19
53,5,September,20,15,75.0
53,6,September,25,17,68.0
53,7,September,19,12,63.16
53,8,September,23,15,65.22
53,9,October,22,12,54.55
53,10,October,25,14,56.0
53,11,October,23,13,56.52
53,12,October,18,9,50.0
53,13,November,23,11,47.83
53,14,November,19,8,42.11
54,1,August,22,18,81.82
54,2,August,24,20,83.33
54,3,August,25,20,80.0
54,4,August,22,16,72.73
54,5,September,24,18,75.0
54,6,September,23,17,73.91
54,7,September,24,18,75.0
54,8,September,18,12,66.67
54,9,October,21,13,61.9
54,10,October,19,13,68.42
54,11,October,21,13,61.9
54,12,October,24,16,66.67
54,13,November,20,12,60.0
54,14,November,18,11,61.11
55,1,August,21,19,90.48
55,2,August,23,20,86.96
55,3,August,24,19,79.17
55,4,August,25,20,80.0
55,5,September,21,16,76.19
55,6,September,19,13,68.42
55,7,September,22,15,68.18
55,8,September,21,15,71.43
55,9,October,21,14,66.67
55,10,October,19,13,68.42
55,11,October,18,11,61.11
55,12,October,22,13,59.09
55,13,November,21,11,52.38
55,14,November,18,9,50.0
56,1,August,23,21,91.3
56,2,August,22,20,90.91
56,3,August,22,18,81.82
56,4,August,23,18,78.26
56,5,September,23,18,78.26
56,6,September,24,18,75.0
56,7,September,20,14,70.0
56,8,September,23,17,73.91
56,9,October,19,13,68.42
56,10,October,25,16,64.0
56,11,October,18,10,55.56
56,12,October,24,14,58.33
56,13,November,19,11,57.89
56,14,November,19,10,52.63
57,1,August,19,12,63.16
57,2,August,19,13,68.42
57,3,August,18,12,66.67
57,4,August,21,14,66.67
57,5,September,19,14,73.68
57,6,September,23,17,73.91
57,7,September,22,17,77.27
57,8,September,25,20,80.0
57,9,October,18,14,77.78
57,10,October,24,19,79.17
57,11,October,18,15,83.33
57,12,October,22,18,81.82
57,13,November,19,17,89.47
57,14,November,19,16,84.21
58,1,August,22,19,86.36
58,2,August,20,17,85.0
58,3,August,23,19,82.61
58,4,August,22,17,77.27
58,5,September,21,17,80.95
58,6,September,25,20,80.0
58,7,September,20,15,75.0
58,8,September,18,14,77.78
58,9,October,25,18,72.0
58,10,October,25,18,72.0
58,11,October,23,16,69.57
58,12,October,24,17,70.83
58,13,November,22,15,68.18
58,14,November,20,14,70.0
59,1,August,23,21,91.3
59,2,August,20,19,95.0
59,3,August,18,17,94.44
59,4,August,21,19,90.48
59,5,September,24,22,91.67
59,6,September,23,21,91.3
59,7,September,23,22,95.65
59,8,September,19,18,94.74
59,9,October,24,23,95.83
59,10,October,21,19,90.48
59,11,October,20,19,95.0
59,12,October,22,20,90.91
59,13,November,23,21,91.3
59,14,November,25,23,92.0
60,1,August,20,17,85.0
60,2,August,23,21,91.3
60,3,August,22,19,86.36
60,4,August,18,15,83.33
60,5,September,18,15,83.33
60,6,September,20,18,90.0
60,7,September,18,15,83.33
60,8,September,18,15,83.33
60,9,October,18,15,83.33
60,10,October,23,20,86.96
60,11,October,20,17,85.0
60,12,October,19,15,78.95
60,13,November,20,17,85.0
60,14,November,20,16,80.0
61,1,August,24,20,83.33
61,2,August,18,15,83.33
61,3,August,24,18,75.0
61,4,August,25,19,76.0
61,5,September,18,14,77.78
61,6,September,23,16,69.57
61,7,September,19,13,68.42
61,8,September,18,13,72.22
61,9,October,24,16,66.67
61,10,October,22,14,63.64
61,11,October,19,12,63.16
61,12,October,23,13,56.52
61,13,November,20,12,60.0
61,14,November,18,10,55.56
62,1,August,22,13,59.09
62,2,August,25,14,56.0
62,3,August,24,15,62.5
62,4,August,19,13,68.42
62,5,September,25,17,68.0
62,6,September,23,16,69.57
62,7,September,22,15,68.18
62,8,September,20,14,70.0
62,9,October,19,13,68.42
62,10,October,22,16,72.73
62,11,October,24,19,79.17
62,12,October,21,17,80.95
62,13,November,22,18,81.82
62,14,November,19,15,78.95
63,1,August,23,20,86.96
63,2,August,23,19,82.61
63,3,August,18,15,83.33
63,4,August,18,15,83.33
63,5,September,25,21,84.0
63,6,September,18,15,83.33
63,7,September,25,21,84.0
63,8,September,24,18,75.0
63,9,October,24,18,75.0
63,10,October,23,17,73.91
63,11,October,24,17,70.83
63,12,October,20,14,70.0
63,13,November,22,15,68.18
63,14,November,24,17,70.83
64,1,August,25,21,84.0
64,2,August,23,18,78.26
64,3,August,20,15,75.0
64,4,August,21,17,80.95
64,5,September,19,13,68.42
64,6,September,22,15,68.18
64,7,September,18,12,66.67
64,8,September,19,12,63.16
64,9,October,19,11,57.89
64,10,October,20,12,60.0
64,11,October,25,13,52.0
64,12,October,22,11,50.0
64,13,November,19,10,52.63
64,14,November,18,9,50.0
65,1,August,20,17,85.0
65,2,August,21,18,85.71
65,3,August,21,18,85.71
65,4,August,20,17,85.0
65,5,September,20,15,75.0
65,6,September,24,19,79.17
65,7,September,20,16,80.0
65,8,September,22,16,72.73
65,9,October,19,14,73.68
65,10,October,23,17,73.91
65,11,October,24,16,66.67
65,12,October,20,14,70.0
65,13,November,25,17,68.0
65,14,November,24,16,66.67
66,1,August,19,17,89.47
66,2,August,23,20,86.96
66,3,August,22,19,86.36
66,4,August,24,20,83.33
66,5,September,19,16,84.21
66,6,September,20,16,80.0
66,7,September,21,16,76.19
66,8,September,18,14,77.78
66,9,October,19,14,73.68
66,10,October,19,14,73.68
66,11,October,19,13,68.42
66,12,October,21,15,71.43
66,13,November,21,14,66.67
66,14,November,20,14,70.0
67,1,August,18,15,83.33
67,2,August,25,20,80.0
67,3,August,24,19,79.17
67,4,August,21,16,76.19
67,5,September,21,16,76.19
67,6,September,20,15,75.0
67,7,September,25,18,72.0
67,8,September,18,13,72.22
67,9,October,20,14,70.0
67,10,October,18,12,66.67
67,11,October,22,15,68.18
67,12,October,22,14,63.64
67,13,November,21,13,61.9
67,14,November,18,11,61.11
68,1,August,20,17,85.0
68,2,August,18,15,83.33
68,3,August,19,16,84.21
68,4,August,24,21,87.5
68,5,September,25,22,88.0
68,6,September,21,18,85.71
68,7,September,22,19,86.36
68,8,September,19,16,84.21
68,9,October,23,19,82.61
68,10,October,18,16,88.89
68,11,October,19,16,84.21
68,12,October,20,17,85.0
68,13,November,24,20,83.33
68,14,November,20,17,85.0
69,1,August,19,18,94.74
69,2,August,18,16,88.89
69,3,August,24,23,95.83
69,4,August,24,22,91.67
69,5,September,20,18,90.0
69,6,September,21,18,85.71
69,7,September,25,23,92.0
69,8,September,18,16,88.89
69,9,October,20,18,90.0
69,10,October,20,19,95.0
69,11,October,22,20,90.91
69,12,October,23,22,95.65
69,13,November,19,18,94.74
69,14,November,20,18,90.0
70,1,August,22,13,59.09
70,2,August,23,15,65.22
70,3,August,20,13,65.0
70,4,August,21,14,66.67
70,5,September,24,16,66.67
70,6,September,24,17,70.83
70,7,September,23,16,69.57
70,8,September,21,16,76.19
70,9,October,22,17,77.27
70,10,October,21,16,76.19
70,11,October,19,15,78.95
70,12,October,24,19,79.17
70,13,November,22,17,77.27
70,14,November,19,16,84.21
71,1,August,19,18,94.74
71,2,August,20,19,95.0
71,3,August,19,18,94.74
71,4,August,25,23,92.0
71,5,September,24,23,95.83
71,6,September,25,23,92.0
71,7,September,18,17,94.44
71,8,September,23,22,95.65
71,9,October,22,21,95.45
71,10,October,24,23,95.83
71,11,October,18,17,94.44
71,12,October,25,23,92.0
71,13,November,20,19,95.0
71,14,November,20,18,90.0
72,1,August,22,14,63.64
72,2,August,22,15,68.18
72,3,August,22,14,63.64
72,4,August,19,13,68.42
72,5,September,23,17,73.91
72,6,September,18,13,72.22
72,7,September,21,15,71.43
72,8,September,20,15,75.0
72,9,October,20,16,80.0
72,10,October,19,15,78.95
72,11,October,24,19,79.17
72,12,October,25,21,84.0
72,13,November,23,19,82.61
72,14,November,22,17,77.27
73,1,August,19,16,84.21
73,2,August,22,19,86.36
73,3,August,21,17,80.95
73,4,August,18,15,83.33
73,5,September,24,20,83.33
73,6,September,19,15,78.95
73,7,September,18,15,83.33
73,8,September,25,21,84.0
73,9,October,23,19,82.61
73,10,October,24,19,79.17
73,11,October,18,15,83.33
73,12,October,23,19,82.61
73,13,November,18,15,83.33
73,14,November,18,15,83.33
74,1,August,18,17,94.44
74,2,August,18,18,100.0
74,3,August,21,20,95.24
74,4,August,24,23,95.83
74,5,September,23,21,91.3
74,6,September,24,22,91.67
74,7,September,21,19,90.48
74,8,September,20,18,90.0
74,9,October,24,22,91.67
74,10,October,21,20,95.24
74,11,October,21,19,90.48
74,12,October,21,20,95.24
74,13,November,24,23,95.83
74,14,November,24,23,95.83
75,1,August,20,17,85.0
75,2,August,23,20,86.96
75,3,August,22,20,90.91
75,4,August,23,21,91.3
75,5,September,22,19,86.36
75,6,September,21,19,90.48
75,7,September,25,21,84.0
75,8,September,24,22,91.67
75,9,October,22,19,86.36
75,10,October,24,22,91.67
75,11,October,20,18,90.0
75,12,October,21,19,90.48
75,13,November,25,22,88.0
75,14,November,22,20,90.91
76,1,August,23,21,91.3
76,2,August,21,19,90.48
76,3,August,21,20,95.24
76,4,August,20,19,95.0
76,5,September,18,17,94.44
76,6,September,25,23,92.0
76,7,September,25,22,88.0
76,8,September,24,22,91.67
76,9,October,18,16,88.89
76,10,October,22,20,90.91
76,11,October,22,21,95.45
76,12,October,24,22,91.67
76,13,November,24,22,91.67
76,14,November,22,21,95.45
77,1,August,25,21,84.0
77,2,August,21,18,85.71
77,3,August,18,16,88.89
77,4,August,21,19,90.48
77,5,September,20,18,90.0
77,6,September,24,20,83.33
77,7,September,24,20,83.33
77,8,September,19,16,84.21
77,9,October,23,20,86.96
77,10,October,22,18,81.82
77,11,October,19,16,84.21
77,12,October,20,18,90.0
77,13,November,25,22,88.0
77,14,November,25,21,84.0
78,1,August,20,17,85.0
78,2,August,20,17,85.0
78,3,August,18,15,83.33
78,4,August,24,20,83.33
78,5,September,22,17,77.27
78,6,September,22,18,81.82
78,7,September,22,17,77.27
78,8,September,22,17,77.27
78,9,October,20,15,75.0
78,10,October,25,18,72.0
78,11,October,18,13,72.22
78,12,October,21,14,66.67
78,13,November,19,12,63.16
78,14,November,24,15,62.5
79,1,August,22,19,86.36
79,2,August,21,17,80.95
79,3,August,23,19,82.61
79,4,August,23,18,78.26
79,5,September,23,17,73.91
79,6,September,24,18,75.0
79,7,September,21,15,71.43
79,8,September,25,18,72.0
79,9,October,18,12,66.67
79,10,October,21,14,66.67
79,11,October,21,13,61.9
79,12,October,24,15,62.5
79,13,November,21,12,57.14
79,14,November,18,11,61.11
80,1,August,20,18,90.0
80,2,August,25,22,88.0
80,3,August,20,17,85.0
80,4,August,19,16,84.21
80,5,September,21,16,76.19
80,6,September,25,19,76.0
80,7,September,19,13,68.42
80,8,September,19,14,73.68
80,9,October,20,13,65.0
80,10,October,23,14,60.87
80,11,October,18,12,66.67
80,12,October,25,15,60.0
80,13,November,21,12,57.14
80,14,November,20,11,55.0
81,1,August,19,17,89.47
81,2,August,20,17,85.0
81,3,August,21,18,85.71
81,4,August,23,19,82.61
81,5,September,19,15,78.95
81,6,September,23,18,78.26
81,7,September,19,15,78.95
81,8,September,18,13,72.22
81,9,October,24,17,70.83
81,10,October,21,15,71.43
81,11,October,22,15,68.18
81,12,October,24,17,70.83
81,13,November,22,15,68.18
81,14,November,22,15,68.18
82,1,August,21,14,66.67
82,2,August,18,12,66.67
82,3,August,19,14,73.68
82,4,August,21,16,76.19
82,5,September,24,17,70.83
82,6,September,20,15,75.0
82,7,September,22,17,77.27
82,8,September,19,15,78.95
82,9,October,22,17,77.27
82,10,October,19,15,78.95
82,11,October,19,16,84.21
82,12,October,19,16,84.21
82,13,November,19,16,84.21
82,14,November,23,20,86.96
83,1,August,25,21,84.0
83,2,August,21,18,85.71
83,3,August,24,18,75.0
83,4,August,22,16,72.73
83,5,September,25,17,68.0
83,6,September,24,16,66.67
83,7,September,25,16,64.0
83,8,September,22,13,59.09
83,9,October,18,10,55.56
83,10,October,23,11,47.83
83,11,October,23,12,52.17
83,12,October,21,10,47.62
83,13,November,22,8,36.36
83,14,November,20,8,40.0
84,1,August,19,17,89.47
84,2,August,22,20,90.91
84,3,August,19,17,89.47
84,4,August,24,21,87.5
84,5,September,22,19,86.36
84,6,September,18,15,83.33
84,7,September,21,19,90.48
84,8,September,22,19,86.36
84,9,October,18,16,88.89
84,10,October,19,17,89.47
84,11,October,24,20,83.33
84,12,October,21,19,90.48
84,13,November,19,17,89.47
84,14,November,24,21,87.5
85,1,August,21,20,95.24
85,2,August,23,22,95.65
85,3,August,22,20,90.91
85,4,August,21,19,90.48
85,5,September,23,21,91.3
85,6,September,24,23,95.83
85,7,September,24,22,91.67
85,8,September,24,22,91.67
85,9,October,22,20,90.91
85,10,October,23,21,91.3
85,11,October,19,17,89.47
85,12,October,25,24,96.0
85,13,November,25,24,96.0
85,14,November,19,18,94.74
86,1,August,24,22,91.67
86,2,August,21,19,90.48
86,3,August,18,16,88.89
86,4,August,24,23,95.83
86,5,September,18,16,88.89
86,6,September,23,21,91.3
86,7,September,24,22,91.67
86,8,September,20,18,90.0
86,9,October,23,20,86.96
86,10,October,22,20,90.91
86,11,October,23,20,86.96
86,12,October,21,19,90.48
86,13,November,20,19,95.0
86,14,November,20,19,95.0
87,1,August,21,18,85.71
87,2,August,18,16,88.89
87,3,August,21,17,80.95
87,4,August,24,19,79.17
87,5,September,19,15,78.95
87,6,September,23,17,73.91
87,7,September,20,14,70.0
87,8,September,25,16,64.0
87,9,October,21,14,66.67
87,10,October,24,15,62.5
87,11,October,22,12,54.55
87,12,October,18,9,50.0
87,13,November,23,12,52.17
87,14,November,18,8,44.44
88,1,August,23,13,56.52
88,2,August,25,15,60.0
88,3,August,25,16,64.0
88,4,August,20,13,65.0
88,5,September,23,15,65.22
88,6,September,20,14,70.0
88,7,September,18,13,72.22
88,8,September,22,16,72.73
88,9,October,21,16,76.19
88,10,October,24,18,75.0
88,11,October,19,15,78.95
88,12,October,18,14,77.78
88,13,November,22,18,81.82
88,14,November,19,16,84.21
89,1,August,22,20,90.91
89,2,August,25,23,92.0
89,3,August,24,22,91.67
89,4,August,19,17,89.47
89,5,September,23,21,91.3
89,6,September,21,19,90.48
89,7,September,18,17,94.44
89,8,September,20,19,95.0
89,9,October,23,21,91.3
89,10,October,24,22,91.67
89,11,October,22,21,95.45
89,12,October,18,16,88.89
89,13,November,20,18,90.0
89,14,November,20,18,90.0
90,1,August,21,18,85.71
90,2,August,22,18,81.82
90,3,August,20,16,80.0
90,4,August,20,16,80.0
90,5,September,25,19,76.0
90,6,September,18,14,77.78
90,7,September,20,15,75.0
90,8,September,23,16,69.57
90,9,October,18,13,72.22
90,10,October,22,15,68.18
90,11,October,23,15,65.22
90,12,October,23,15,65.22
90,13,November,22,14,63.64
90,14,November,21,13,61.9
91,1,August,20,18,90.0
91,2,August,19,17,89.47
91,3,August,23,20,86.96
91,4,August,23,20,86.96
91,5,September,24,21,87.5
91,6,September,18,16,88.89
91,7,September,19,16,84.21
91,8,September,25,22,88.0
91,9,October,18,15,83.33
91,10,October,20,18,90.0
91,11,October,19,16,84.21
91,12,October,20,18,90.0
91,13,November,24,21,87.5
91,14,November,18,16,88.89
92,1,August,19,15,78.95
92,2,August,18,15,83.33
92,3,August,22,17,77.27
92,4,August,25,18,72.0
92,5,September,20,15,75.0
92,6,September,25,17,68.0
92,7,September,18,13,72.22
92,8,September,24,17,70.83
92,9,October,22,15,68.18
92,10,October,19,13,68.42
92,11,October,23,16,69.57
92,12,October,22,13,59.09
92,13,November,23,15,65.22
92,14,November,20,12,60.0
93,1,August,23,14,60.87
93,2,August,24,15,62.5
93,3,August,18,11,61.11
93,4,August,20,13,65.0
93,5,September,21,14,66.67
93,6,September,25,18,72.0
93,7,September,19,13,68.42
93,8,September,22,16,72.73
93,9,October,20,14,70.0
93,10,October,21,15,71.43
93,11,October,21,16,76.19
93,12,October,22,17,77.27
93,13,November,24,18,75.0
93,14,November,21,16,76.19
94,1,August,18,12,66.67
94,2,August,19,12,63.16
94,3,August,23,15,65.22
94,4,August,24,16,66.67
94,5,September,23,15,65.22
94,6,September,22,16,72.73
94,7,September,23,18,78.26
94,8,September,18,14,77.78
94,9,October,21,16,76.19
94,10,October,20,17,85.0
94,11,October,24,19,79.17
94,12,October,18,16,88.89
94,13,November,24,20,83.33
94,14,November,19,17,89.47
95,1,August,23,21,91.3
95,2,August,18,17,94.44
95,3,August,18,16,88.89
95,4,August,21,20,95.24
95,5,September,24,23,95.83
95,6,September,23,20,86.96
95,7,September,19,18,94.74
95,8,September,25,24,96.0
95,9,October,18,17,94.44
95,10,October,21,19,90.48
95,11,October,19,17,89.47
95,12,October,23,21,91.3
95,13,November,20,19,95.0
95,14,November,18,16,88.89
96,1,August,22,18,81.82
96,2,August,19,16,84.21
96,3,August,22,18,81.82
96,4,August,18,14,77.78
96,5,September,23,17,73.91
96,6,September,19,14,73.68
96,7,September,20,14,70.0
96,8,September,18,12,66.67
96,9,October,19,12,63.16
96,10,October,19,13,68.42
96,11,October,21,13,61.9
96,12,October,19,12,63.16
96,13,November,21,13,61.9
96,14,November,25,16,64.0
97,1,August,18,11,61.11
97,2,August,19,11,57.89
97,3,August,24,14,58.33
97,4,August,21,13,61.9
97,5,September,23,14,60.87
97,6,September,23,16,69.57
97,7,September,21,14,66.67
97,8,September,19,13,68.42
97,9,October,18,13,72.22
97,10,October,21,15,71.43
97,11,October,19,14,73.68
97,12,October,22,17,77.27
97,13,November,19,15,78.95
97,14,November,25,20,80.0
98,1,August,24,22,91.67
98,2,August,21,18,85.71
98,3,August,25,22,88.0
98,4,August,19,17,89.47
98,5,September,21,19,90.48
98,6,September,25,23,92.0
98,7,September,21,19,90.48
98,8,September,23,21,91.3
98,9,October,23,20,86.96
98,10,October,25,23,92.0
98,11,October,24,21,87.5
98,12,October,23,20,86.96
98,13,November,23,21,91.3
98,14,November,20,18,90.0
99,1,August,22,20,90.91
99,2,August,24,22,91.67
99,3,August,24,22,91.67
99,4,August,21,19,90.48
99,5,September,20,19,95.0
99,6,September,20,18,90.0
99,7,September,21,20,95.24
99,8,September,25,23,92.0
99,9,October,21,20,95.24
99,10,October,21,20,95.24
99,11,October,19,17,89.47
99,12,October,20,18,90.0
99,13,November,21,19,90.48
99,14,November,24,22,91.67
100,1,August,19,16,84.21
100,2,August,18,15,83.33
100,3,August,23,19,82.61
100,4,August,23,19,82.61
100,5,September,24,20,83.33
100,6,September,21,18,85.71
100,7,September,25,21,84.0
100,8,September,19,16,84.21
100,9,October,21,17,80.95
100,10,October,23,19,82.61
100,11,October,25,20,80.0
100,12,October,21,18,85.71
100,13,November,20,16,80.0
100,14,November,23,19,82.61
101,1,August,18,17,94.44
101,2,August,22,20,90.91
101,3,August,21,19,90.48
101,4,August,18,16,88.89
101,5,September,21,19,90.48
101,6,September,19,18,94.74
101,7,September,19,18,94.74
101,8,September,22,21,95.45
101,9,October,22,20,90.91
101,10,October,25,23,92.0
101,11,October,21,20,95.24
101,12,October,22,20,90.91
101,13,November,23,21,91.3
101,14,November,18,17,94.44
102,1,August,20,18,90.0
102,2,August,20,17,85.0
102,3,August,22,19,86.36
102,4,August,22,18,81.82
102,5,September,24,19,79.17
102,6,September,22,17,77.27
102,7,September,22,17,77.27
102,8,September,21,16,76.19
102,9,October,22,16,72.73
102,10,October,25,17,68.0
102,11,October,22,16,72.73
102,12,October,19,13,68.42
102,13,November,22,15,68.18
102,14,November,24,16,66.67
103,1,August,19,17,89.47
103,2,August,22,20,90.91
103,3,August,18,16,88.89
103,4,August,22,19,86.36
103,5,September,19,17,89.47
103,6,September,24,21,87.5
103,7,September,24,22,91.67
103,8,September,18,17,94.44
103,9,October,21,19,90.48
103,10,October,20,18,90.0
103,11,October,24,22,91.67
103,12,October,21,19,90.48
103,13,November,21,19,90.48
103,14,November,21,19,90.48
104,1,August,23,21,91.3
104,2,August,21,19,90.48
104,3,August,23,20,86.96
104,4,August,20,18,90.0
104,5,September,19,16,84.21
104,6,September,23,21,91.3
104,7,September,25,22,88.0
104,8,September,21,19,90.48
104,9,October,25,22,88.0
104,10,October,25,21,84.0
104,11,October,20,18,90.0
104,12,October,20,18,90.0
104,13,November,20,18,90.0
104,14,November,22,20,90.91
105,1,August,24,21,87.5
105,2,August,19,16,84.21
105,3,August,21,18,85.71
105,4,August,25,21,84.0
105,5,September,25,19,76.0
105,6,September,19,14,73.68
105,7,September,19,13,68.42
105,8,September,18,13,72.22
105,9,October,22,15,68.18
105,10,October,24,15,62.5
105,11,October,25,15,60.0
105,12,October,18,10,55.56
105,13,November,25,13,52.0
105,14,November,18,9,50.0
106,1,August,18,15,83.33
106,2,August,23,19,82.61
106,3,August,23,17,73.91
106,4,August,18,13,72.22
106,5,September,24,17,70.83
106,6,September,23,16,69.57
106,7,September,20,13,65.0
106,8,September,18,11,61.11
106,9,October,18,11,61.11
106,10,October,23,12,52.17
106,11,October,20,11,55.0
106,12,October,23,11,47.83
106,13,November,23,10,43.48
106,14,November,20,9,45.0
107,1,August,25,17,68.0
107,2,August,19,13,68.42
107,3,August,23,16,69.57
107,4,August,25,19,76.0
107,5,September,21,15,71.43
107,6,September,24,18,75.0
107,7,September,21,18,85.71
107,8,September,21,17,80.95
107,9,October,23,19,82.61
107,10,October,24,19,79.17
107,11,October,21,19,90.48
107,12,October,22,19,86.36
107,13,November,21,19,90.48
107,14,November,24,23,95.83
108,1,August,20,18,90.0
108,2,August,19,18,94.74
108,3,August,18,17,94.44
108,4,August,24,22,91.67
108,5,September,22,20,90.91
108,6,September,21,19,90.48
108,7,September,22,20,90.91
108,8,September,25,23,92.0
108,9,October,22,20,90.91
108,10,October,24,22,91.67
108,11,October,20,19,95.0
108,12,October,21,19,90.48
108,13,November,18,16,88.89
108,14,November,24,21,87.5
109,1,August,22,18,81.82
109,2,August,21,18,85.71
109,3,August,22,19,86.36
109,4,August,23,19,82.61
109,5,September,19,16,84.21
109,6,September,22,19,86.36
109,7,September,25,21,84.0
109,8,September,19,16,84.21
109,9,October,22,19,86.36
109,10,October,25,22,88.0
109,11,October,20,17,85.0
109,12,October,18,16,88.89
109,13,November,22,19,86.36
109,14,November,24,19,79.17
110,1,August,20,17,85.0
110,2,August,23,20,86.96
110,3,August,19,17,89.47
110,4,August,25,22,88.0
110,5,September,19,17,89.47
110,6,September,19,17,89.47
110,7,September,24,21,87.5
110,8,September,25,22,88.0
110,9,October,25,22,88.0
110,10,October,24,21,87.5
110,11,October,21,19,90.48
110,12,October,22,20,90.91
110,13,November,18,16,88.89
110,14,November,24,22,91.67
111,1,August,23,14,60.87
111,2,August,18,12,66.67
111,3,August,20,14,70.0
111,4,August,18,12,66.67
111,5,September,19,14,73.68
111,6,September,25,19,76.0
111,7,September,20,16,80.0
111,8,September,18,14,77.78
111,9,October,23,18,78.26
111,10,October,18,15,83.33
111,11,October,24,20,83.33
111,12,October,22,19,86.36
111,13,November,18,15,83.33
111,14,November,18,16,88.89
112,1,August,25,23,92.0
112,2,August,24,22,91.67
112,3,August,21,19,90.48
112,4,August,24,23,95.83
112,5,September,23,21,91.3
112,6,September,23,21,91.3
112,7,September,19,17,89.47
112,8,September,23,22,95.65
112,9,October,23,22,95.65
112,10,October,21,20,95.24
112,11,October,24,22,91.67
112,12,October,22,21,95.45
112,13,November,25,23,92.0
112,14,November,23,22,95.65
113,1,August,23,21,91.3
113,2,August,21,19,90.48
113,3,August,21,18,85.71
113,4,August,22,19,86.36
113,5,September,19,18,94.74
113,6,September,19,17,89.47
113,7,September,23,21,91.3
113,8,September,25,22,88.0
113,9,October,24,21,87.5
113,10,October,20,18,90.0
113,11,October,18,16,88.89
113,12,October,24,21,87.5
113,13,November,22,20,90.91
113,14,November,19,17,89.47
114,1,August,20,16,80.0
114,2,August,22,17,77.27
114,3,August,22,18,81.82
114,4,August,21,16,76.19
114,5,September,20,15,75.0
114,6,September,19,14,73.68
114,7,September,24,17,70.83
114,8,September,23,16,69.57
114,9,October,24,16,66.67
114,10,October,21,14,66.67
114,11,October,21,14,66.67
114,12,October,21,14,66.67
114,13,November,21,13,61.9
114,14,November,20,11,55.0
115,1,August,25,22,88.0
115,2,August,24,21,87.5
115,3,August,20,17,85.0
115,4,August,18,16,88.89
115,5,September,23,19,82.61
115,6,September,19,17,89.47
115,7,September,20,17,85.0
115,8,September,22,18,81.82
115,9,October,22,18,81.82
115,10,October,19,16,84.21
115,11,October,25,21,84.0
115,12,October,20,17,85.0
115,13,November,18,16,88.89
115,14,November,20,16,80.0
116,1,August,20,18,90.0
116,2,August,20,18,90.0
116,3,August,20,18,90.0
116,4,August,20,18,90.0
116,5,September,22,20,90.91
116,6,September,18,16,88.89
116,7,September,21,19,90.48
116,8,September,21,19,90.48
116,9,October,19,16,84.21
116,10,October,24,22,91.67
116,11,October,25,22,88.0
116,12,October,23,20,86.96
116,13,November,23,20,86.96
116,14,November,19,17,89.47
117,1,August,23,20,86.96
117,2,August,21,19,90.48
117,3,August,23,19,82.61
117,4,August,19,15,78.95
117,5,September,20,14,70.0
117,6,September,23,17,73.91
117,7,September,18,12,66.67
117,8,September,25,16,64.0
117,9,October,18,11,61.11
117,10,October,18,10,55.56
117,11,October,20,12,60.0
117,12,October,22,12,54.55
117,13,November,21,10,47.62
117,14,November,25,11,44.0
118,1,August,21,19,90.48
118,2,August,24,21,87.5
118,3,August,19,16,84.21
118,4,August,18,14,77.78
118,5,September,25,19,76.0
118,6,September,22,15,68.18
118,7,September,23,16,69.57
118,8,September,18,12,66.67
118,9,October,25,15,60.0
118,10,October,21,11,52.38
118,11,October,18,10,55.56
118,12,October,24,12,50.0
118,13,November,24,10,41.67
118,14,November,22,9,40.91
119,1,August,24,15,62.5
119,2,August,19,13,68.42
119,3,August,24,16,66.67
119,4,August,22,15,68.18
119,5,September,25,18,72.0
119,6,September,18,13,72.22
119,7,September,23,16,69.57
119,8,September,21,15,71.43
119,9,October,25,20,80.0
119,10,October,19,15,78.95
119,11,October,25,20,80.0
119,12,October,24,20,83.33
119,13,November,18,14,77.78
119,14,November,22,18,81.82
120,1,August,23,18,78.26
120,2,August,24,19,79.17
120,3,August,24,19,79.17
120,4,August,21,15,71.43
120,5,September,18,14,77.78
120,6,September,23,18,78.26
120,7,September,25,18,72.0
120,8,September,18,13,72.22
120,9,October,23,15,65.22
120,10,October,21,14,66.67
120,11,October,23,15,65.22
120,12,October,25,15,60.0
120,13,November,21,12,57.14
120,14,November,20,12,60.0
121,1,August,20,16,80.0
121,2,August,20,16,80.0
121,3,August,22,17,77.27
121,4,August,23,18,78.26
121,5,September,23,17,73.91
121,6,September,25,18,72.0
121,7,September,25,18,72.0
121,8,September,24,17,70.83
121,9,October,25,17,68.0
121,10,October,24,15,62.5
121,11,October,25,16,64.0
121,12,October,22,14,63.64
121,13,November,24,16,66.67
121,14,November,19,11,57.89
122,1,August,25,21,84.0
122,2,August,18,14,77.78
122,3,August,23,18,78.26
122,4,August,23,17,73.91
122,5,September,23,18,78.26
122,6,September,25,19,76.0
122,7,September,18,13,72.22
122,8,September,22,16,72.73
122,9,October,19,13,68.42
122,10,October,25,18,72.0
122,11,October,25,17,68.0
122,12,October,23,15,65.22
122,13,November,19,12,63.16
122,14,November,25,15,60.0
123,1,August,21,18,85.71
123,2,August,22,18,81.82
123,3,August,20,17,85.0
123,4,August,23,19,82.61
123,5,September,25,21,84.0
123,6,September,24,21,87.5
123,7,September,18,16,88.89
123,8,September,25,22,88.0
123,9,October,18,15,83.33
123,10,October,23,20,86.96
123,11,October,22,19,86.36
123,12,October,20,18,90.0
123,13,November,22,19,86.36
123,14,November,21,19,90.48
124,1,August,25,16,64.0
124,2,August,25,17,68.0
124,3,August,21,15,71.43
124,4,August,19,14,73.68
124,5,September,19,14,73.68
124,6,September,21,16,76.19
124,7,September,23,18,78.26
124,8,September,23,19,82.61
124,9,October,18,15,83.33
124,10,October,23,20,86.96
124,11,October,22,19,86.36
124,12,October,19,17,89.47
124,13,November,21,19,90.48
124,14,November,18,16,88.89
125,1,August,24,21,87.5
125,2,August,20,18,90.0
125,3,August,22,20,90.91
125,4,August,24,21,87.5
125,5,September,24,22,91.67
125,6,September,24,22,91.67
125,7,September,25,23,92.0
125,8,September,22,20,90.91
125,9,October,24,23,95.83
125,10,October,25,24,96.0
125,11,October,21,20,95.24
125,12,October,22,21,95.45
125,13,November,25,23,92.0
125,14,November,20,18,90.0
126,1,August,18,11,61.11
126,2,August,23,12,52.17
126,3,August,21,13,61.9
126,4,August,19,12,63.16
126,5,September,20,14,70.0
126,6,September,24,16,66.67
126,7,September,20,14,70.0
126,8,September,21,15,71.43
126,9,October,18,12,66.67
126,10,October,21,15,71.43
126,11,October,24,18,75.0
126,12,October,24,19,79.17
126,13,November,21,17,80.95
126,14,November,21,17,80.95
127,1,August,25,22,88.0
127,2,August,21,19,90.48
127,3,August,24,23,95.83
127,4,August,20,19,95.0
127,5,September,21,20,95.24
127,6,September,19,18,94.74
127,7,September,21,20,95.24
127,8,September,25,24,96.0
127,9,October,24,23,95.83
127,10,October,20,19,95.0
127,11,October,20,19,95.0
127,12,October,19,18,94.74
127,13,November,23,21,91.3
127,14,November,20,19,95.0
128,1,August,20,18,90.0
128,2,August,20,17,85.0
128,3,August,19,16,84.21
128,4,August,20,18,90.0
128,5,September,23,20,86.96
128,6,September,19,18,94.74
128,7,September,24,21,87.5
128,8,September,23,20,86.96
128,9,October,20,18,90.0
128,10,October,23,21,91.3
128,11,October,21,18,85.71
128,12,October,24,22,91.67
128,13,November,19,16,84.21
128,14,November,18,15,83.33
129,1,August,25,23,92.0
129,2,August,19,17,89.47
129,3,August,19,17,89.47
129,4,August,21,19,90.48
129,5,September,21,20,95.24
129,6,September,21,19,90.48
129,7,September,25,23,92.0
129,8,September,25,23,92.0
129,9,October,21,19,90.48
129,10,October,25,23,92.0
129,11,October,23,21,91.3
129,12,October,20,18,90.0
129,13,November,23,21,91.3
129,14,November,19,17,89.47
130,1,August,18,15,83.33
130,2,August,21,17,80.95
130,3,August,21,16,76.19
130,4,August,21,16,76.19
130,5,September,24,18,75.0
130,6,September,23,18,78.26
130,7,September,25,18,72.0
130,8,September,25,17,68.0
130,9,October,25,16,64.0
130,10,October,24,14,58.33
130,11,October,19,12,63.16
130,12,October,23,14,60.87
130,13,November,24,14,58.33
130,14,November,20,11,55.0
131,1,August,21,19,90.48
131,2,August,21,18,85.71
131,3,August,22,19,86.36
131,4,August,21,18,85.71
131,5,September,20,17,85.0
131,6,September,21,17,80.95
131,7,September,18,15,83.33
131,8,September,21,18,85.71
131,9,October,21,18,85.71
131,10,October,22,18,81.82
131,11,October,24,21,87.5
131,12,October,22,19,86.36
131,13,November,18,16,88.89
131,14,November,18,15,83.33
132,1,August,20,18,90.0
132,2,August,23,20,86.96
132,3,August,21,19,90.48
132,4,August,23,20,86.96
132,5,September,24,21,87.5
132,6,September,19,17,89.47
132,7,September,24,22,91.67
132,8,September,25,21,84.0
132,9,October,18,16,88.89
132,10,October,23,21,91.3
132,11,October,23,20,86.96
132,12,October,24,21,87.5
132,13,November,24,21,87.5
132,14,November,18,16,88.89
133,1,August,23,19,82.61
133,2,August,21,17,80.95
133,3,August,22,17,77.27
133,4,August,19,15,78.95
133,5,September,23,18,78.26
133,6,September,24,17,70.83
133,7,September,18,13,72.22
133,8,September,24,16,66.67
133,9,October,19,13,68.42
133,10,October,25,16,64.0
133,11,October,22,14,63.64
133,12,October,18,11,61.11
133,13,November,18,11,61.11
133,14,November,25,15,60.0
134,1,August,22,19,86.36
134,2,August,20,18,90.0
134,3,August,25,23,92.0
134,4,August,23,20,86.96
134,5,September,22,20,90.91
134,6,September,23,21,91.3
134,7,September,20,18,90.0
134,8,September,22,20,90.91
134,9,October,20,19,95.0
134,10,October,21,19,90.48
134,11,October,25,23,92.0
134,12,October,22,20,90.91
134,13,November,23,21,91.3
134,14,November,24,21,87.5
135,1,August,23,21,91.3
135,2,August,25,21,84.0
135,3,August,21,17,80.95
135,4,August,21,17,80.95
135,5,September,19,14,73.68
135,6,September,21,16,76.19
135,7,September,22,16,72.73
135,8,September,25,19,76.0
135,9,October,23,16,69.57
135,10,October,20,14,70.0
135,11,October,19,12,63.16
135,12,October,23,15,65.22
135,13,November,22,14,63.64
135,14,November,18,10,55.56
136,1,August,18,16,88.89
136,2,August,21,18,85.71
136,3,August,18,16,88.89
136,4,August,24,20,83.33
136,5,September,18,15,83.33
136,6,September,21,18,85.71
136,7,September,22,19,86.36
136,8,September,25,21,84.0
136,9,October,24,21,87.5
136,10,October,19,16,84.21
136,11,October,20,17,85.0
136,12,October,20,17,85.0
136,13,November,23,20,86.96
136,14,November,24,20,83.33
137,1,August,25,21,84.0
137,2,August,23,19,82.61
137,3,August,21,17,80.95
137,4,August,24,20,83.33
137,5,September,23,19,82.61
137,6,September,25,21,84.0
137,7,September,18,15,83.33
137,8,September,22,18,81.82
137,9,October,23,18,78.26
137,10,October,23,18,78.26
137,11,October,22,18,81.82
137,12,October,19,15,78.95
137,13,November,25,20,80.0
137,14,November,19,15,78.95
138,1,August,19,12,63.16
138,2,August,19,12,63.16
138,3,August,22,14,63.64
138,4,August,19,13,68.42
138,5,September,18,13,72.22
138,6,September,20,15,75.0
138,7,September,22,16,72.73
138,8,September,22,16,72.73
138,9,October,19,15,78.95
138,10,October,20,15,75.0
138,11,October,21,18,85.71
138,12,October,21,17,80.95
138,13,November,24,20,83.33
138,14,November,24,21,87.5
139,1,August,24,20,83.33
139,2,August,19,15,78.95
139,3,August,22,17,77.27
139,4,August,23,17,73.91
139,5,September,20,14,70.0
139,6,September,18,12,66.67
139,7,September,20,12,60.0
139,8,September,23,13,56.52
139,9,October,20,11,55.0
139,10,October,19,10,52.63
139,11,October,25,13,52.0
139,12,October,20,9,45.0
139,13,November,22,10,45.45
139,14,November,23,9,39.13
140,1,August,23,20,86.96
140,2,August,24,21,87.5
140,3,August,24,21,87.5
140,4,August,21,18,85.71
140,5,September,18,15,83.33
140,6,September,19,16,84.21
140,7,September,18,15,83.33
140,8,September,20,17,85.0
140,9,October,21,18,85.71
140,10,October,22,18,81.82
140,11,October,20,17,85.0
140,12,October,24,20,83.33
140,13,November,20,18,90.0
140,14,November,23,20,86.96
141,1,August,22,13,59.09
141,2,August,18,11,61.11
141,3,August,18,12,66.67
141,4,August,18,12,66.67
141,5,September,19,13,68.42
141,6,September,19,13,68.42
141,7,September,22,16,72.73
141,8,September,25,19,76.0
141,9,October,19,15,78.95
141,10,October,19,15,78.95
141,11,October,21,16,76.19
141,12,October,19,16,84.21
141,13,November,24,20,83.33
141,14,November,24,21,87.5
142,1,August,21,13,61.9
142,2,August,22,14,63.64
142,3,August,22,14,63.64
142,4,August,20,13,65.0
142,5,September,25,17,68.0
142,6,September,22,15,68.18
142,7,September,23,16,69.57
142,8,September,19,14,73.68
142,9,October,19,14,73.68
142,10,October,25,20,80.0
142,11,October,18,14,77.78
142,12,October,20,16,80.0
142,13,November,21,18,85.71
142,14,November,20,16,80.0
143,1,August,22,20,90.91
143,2,August,19,17,89.47
143,3,August,18,16,88.89
143,4,August,20,17,85.0
143,5,September,21,19,90.48
143,6,September,22,19,86.36
143,7,September,24,21,87.5
143,8,September,25,22,88.0
143,9,October,25,22,88.0
143,10,October,21,19,90.48
143,11,October,24,21,87.5
143,12,October,21,18,85.71
143,13,November,21,18,85.71
143,14,November,20,18,90.0
144,1,August,22,19,86.36
144,2,August,24,20,83.33
144,3,August,24,20,83.33
144,4,August,20,15,75.0
144,5,September,23,17,73.91
144,6,September,24,19,79.17
144,7,September,24,18,75.0
144,8,September,20,15,75.0
144,9,October,20,14,70.0
144,10,October,19,13,68.42
144,11,October,20,13,65.0
144,12,October,25,17,68.0
144,13,November,19,12,63.16
144,14,November,22,14,63.64
145,1,August,22,14,63.64
145,2,August,20,13,65.0
145,3,August,24,16,66.67
145,4,August,22,14,63.64
145,5,September,18,13,72.22
145,6,September,19,13,68.42
145,7,September,19,14,73.68
145,8,September,20,15,75.0
145,9,October,20,16,80.0
145,10,October,21,17,80.95
145,11,October,19,15,78.95
145,12,October,18,15,83.33
145,13,November,23,20,86.96
145,14,November,22,19,86.36
146,1,August,20,18,90.0
146,2,August,24,21,87.5
146,3,August,22,20,90.91
146,4,August,25,24,96.0
146,5,September,19,18,94.74
146,6,September,18,17,94.44
146,7,September,18,17,94.44
146,8,September,18,17,94.44
146,9,October,22,21,95.45
146,10,October,22,20,90.91
146,11,October,25,23,92.0
146,12,October,25,23,92.0
146,13,November,24,22,91.67
146,14,November,21,19,90.48
147,1,August,19,16,84.21
147,2,August,18,15,83.33
147,3,August,24,22,91.67
147,4,August,23,20,86.96
147,5,September,23,21,91.3
147,6,September,19,16,84.21
147,7,September,22,19,86.36
147,8,September,18,16,88.89
147,9,October,21,19,90.48
147,10,October,23,20,86.96
147,11,October,19,17,89.47
147,12,October,23,20,86.96
147,13,November,20,18,90.0
147,14,November,18,16,88.89
148,1,August,19,17,89.47
148,2,August,23,19,82.61
148,3,August,18,15,83.33
148,4,August,25,20,80.0
148,5,September,20,16,80.0
148,6,September,20,15,75.0
148,7,September,25,19,76.0
148,8,September,20,14,70.0
148,9,October,20,14,70.0
148,10,October,21,15,71.43
148,11,October,25,17,68.0
148,12,October,18,12,66.67
148,13,November,23,14,60.87
148,14,November,18,11,61.11
149,1,August,20,13,65.0
149,2,August,21,15,71.43
149,3,August,22,16,72.73
149,4,August,18,14,77.78
149,5,September,21,16,76.19
149,6,September,18,14,77.78
149,7,September,21,18,85.71
149,8,September,18,15,83.33
149,9,October,25,21,84.0
149,10,October,19,16,84.21
149,11,October,18,16,88.89
149,12,October,19,17,89.47
149,13,November,19,18,94.74
149,14,November,21,20,95.24
150,1,August,21,19,90.48
150,2,August,18,17,94.44
150,3,August,20,18,90.0
150,4,August,19,17,89.47
150,5,September,25,22,88.0
150,6,September,20,18,90.0
150,7,September,18,16,88.89
150,8,September,22,20,90.91
150,9,October,23,21,91.3
150,10,October,24,22,91.67
150,11,October,21,18,85.71
150,12,October,20,18,90.0
150,13,November,22,19,86.36
150,14,November,25,22,88.0
151,1,August,25,21,84.0
151,2,August,23,20,86.96
151,3,August,24,19,79.17
151,4,August,25,21,84.0
151,5,September,23,19,82.61
151,6,September,20,17,85.0
151,7,September,19,16,84.21
151,8,September,21,18,85.71
151,9,October,22,19,86.36
151,10,October,24,20,83.33
151,11,October,25,22,88.0
151,12,October,24,21,87.5
151,13,November,23,19,82.61
151,14,November,19,16,84.21
152,1,August,19,16,84.21
152,2,August,21,19,90.48
152,3,August,19,16,84.21
152,4,August,24,20,83.33
152,5,September,22,18,81.82
152,6,September,22,19,86.36
152,7,September,22,19,86.36
152,8,September,24,21,87.5
152,9,October,25,21,84.0
152,10,October,22,20,90.91
152,11,October,20,18,90.0
152,12,October,20,18,90.0
152,13,November,18,15,83.33
152,14,November,22,19,86.36
153,1,August,18,15,83.33
153,2,August,25,21,84.0
153,3,August,25,21,84.0
153,4,August,20,17,85.0
153,5,September,20,16,80.0
153,6,September,23,19,82.61
153,7,September,22,19,86.36
153,8,September,18,15,83.33
153,9,October,24,21,87.5
153,10,October,20,17,85.0
153,11,October,24,20,83.33
153,12,October,24,20,83.33
153,13,November,22,18,81.82
153,14,November,19,16,84.21
154,1,August,22,18,81.82
154,2,August,24,19,79.17
154,3,August,21,16,76.19
154,4,August,19,15,78.95
154,5,September,20,15,75.0
154,6,September,23,17,73.91
154,7,September,19,13,68.42
154,8,September,20,14,70.0
154,9,October,22,15,68.18
154,10,October,24,16,66.67
154,11,October,21,13,61.9
154,12,October,18,12,66.67
154,13,November,19,12,63.16
154,14,November,23,14,60.87
155,1,August,23,21,91.3
155,2,August,23,21,91.3
155,3,August,23,21,91.3
155,4,August,22,21,95.45
155,5,September,20,18,90.0
155,6,September,24,22,91.67
155,7,September,24,22,91.67
155,8,September,19,17,89.47
155,9,October,21,19,90.48
155,10,October,25,23,92.0
155,11,October,18,17,94.44
155,12,October,24,22,91.67
155,13,November,21,19,90.48
155,14,November,25,24,96.0
156,1,August,20,18,90.0
156,2,August,20,17,85.0
156,3,August,22,18,81.82
156,4,August,24,19,79.17
156,5,September,25,19,76.0
156,6,September,24,18,75.0
156,7,September,18,14,77.78
156,8,September,24,18,75.0
156,9,October,21,15,71.43
156,10,October,21,14,66.67
156,11,October,21,14,66.67
156,12,October,21,13,61.9
156,13,November,18,11,61.11
156,14,November,21,14,66.67
157,1,August,18,15,83.33
157,2,August,18,15,83.33
157,3,August,22,19,86.36
157,4,August,21,18,85.71
157,5,September,21,18,85.71
157,6,September,23,20,86.96
157,7,September,24,21,87.5
157,8,September,19,17,89.47
157,9,October,18,15,83.33
157,10,October,24,21,87.5
157,11,October,23,21,91.3
157,12,October,23,20,86.96
157,13,November,19,17,89.47
157,14,November,25,23,92.0
158,1,August,24,20,83.33
158,2,August,24,20,83.33
158,3,August,19,15,78.95
158,4,August,23,17,73.91
158,5,September,23,18,78.26
158,6,September,25,19,76.0
158,7,September,18,13,72.22
158,8,September,21,15,71.43
158,9,October,20,14,70.0
158,10,October,23,15,65.22
158,11,October,21,14,66.67
158,12,October,19,12,63.16
158,13,November,18,11,61.11
158,14,November,19,12,63.16
159,1,August,21,19,90.48
159,2,August,20,16,80.0
159,3,August,23,19,82.61
159,4,August,22,18,81.82
159,5,September,18,15,83.33
159,6,September,22,16,72.73
159,7,September,25,18,72.0
159,8,September,25,18,72.0
159,9,October,18,12,66.67
159,10,October,23,16,69.57
159,11,October,23,14,60.87
159,12,October,23,14,60.87
159,13,November,24,14,58.33
159,14,November,23,13,56.52
160,1,August,25,21,84.0
160,2,August,22,19,86.36
160,3,August,23,18,78.26
160,4,August,18,14,77.78
160,5,September,25,18,72.0
160,6,September,23,16,69.57
160,7,September,18,12,66.67
160,8,September,21,13,61.9
160,9,October,18,11,61.11
160,10,October,18,9,50.0
160,11,October,18,9,50.0
160,12,October,25,12,48.0
160,13,November,24,11,45.83
160,14,November,19,9,47.37
161,1,August,25,22,88.0
161,2,August,19,17,89.47
161,3,August,20,18,90.0
161,4,August,20,18,90.0
161,5,September,19,17,89.47
161,6,September,18,16,88.89
161,7,September,23,21,91.3
161,8,September,22,19,86.36
161,9,October,20,18,90.0
161,10,October,24,21,87.5
161,11,October,21,19,90.48
161,12,October,21,19,90.48
161,13,November,21,18,85.71
161,14,November,18,16,88.89
162,1,August,19,16,84.21
162,2,August,25,21,84.0
162,3,August,21,19,90.48
162,4,August,19,16,84.21
162,5,September,20,17,85.0
162,6,September,19,16,84.21
162,7,September,18,15,83.33
162,8,September,20,17,85.0
162,9,October,19,16,84.21
162,10,October,19,16,84.21
162,11,October,23,20,86.96
162,12,October,20,17,85.0
162,13,November,24,19,79.17
162,14,November,20,17,85.0
163,1,August,21,18,85.71
163,2,August,20,17,85.0
163,3,August,23,20,86.96
163,4,August,22,20,90.91
163,5,September,18,16,88.89
163,6,September,22,20,90.91
163,7,September,23,20,86.96
163,8,September,22,20,90.91
163,9,October,25,21,84.0
163,10,October,20,18,90.0
163,11,October,22,19,86.36
163,12,October,19,17,89.47
163,13,November,24,21,87.5
163,14,November,20,17,85.0
164,1,August,20,16,80.0
164,2,August,20,17,85.0
164,3,August,25,22,88.0
164,4,August,25,21,84.0
164,5,September,24,20,83.33
164,6,September,19,16,84.21
164,7,September,18,16,88.89
164,8,September,19,16,84.21
164,9,October,20,18,90.0
164,10,October,24,21,87.5
164,11,October,18,15,83.33
164,12,October,25,21,84.0
164,13,November,23,21,91.3
164,14,November,24,21,87.5
165,1,August,23,19,82.61
165,2,August,23,18,78.26
165,3,August,18,14,77.78
165,4,August,20,16,80.0
165,5,September,21,16,76.19
165,6,September,21,16,76.19
165,7,September,22,16,72.73
165,8,September,18,13,72.22
165,9,October,23,16,69.57
165,10,October,25,17,68.0
165,11,October,22,15,68.18
165,12,October,21,14,66.67
165,13,November,20,12,60.0
165,14,November,25,16,64.0
166,1,August,21,13,61.9
166,2,August,22,15,68.18
166,3,August,22,14,63.64
166,4,August,18,12,66.67
166,5,September,25,17,68.0
166,6,September,23,17,73.91
166,7,September,19,14,73.68
166,8,September,21,16,76.19
166,9,October,25,18,72.0
166,10,October,18,14,77.78
166,11,October,22,16,72.73
166,12,October,23,18,78.26
166,13,November,25,21,84.0
166,14,November,22,18,81.82
167,1,August,19,15,78.95
167,2,August,21,17,80.95
167,3,August,19,15,78.95
167,4,August,18,15,83.33
167,5,September,22,18,81.82
167,6,September,20,16,80.0
167,7,September,19,16,84.21
167,8,September,22,18,81.82
167,9,October,23,19,82.61
167,10,October,24,19,79.17
167,11,October,24,19,79.17
167,12,October,18,15,83.33
167,13,November,25,21,84.0
167,14,November,25,21,84.0
168,1,August,25,21,84.0
168,2,August,19,16,84.21
168,3,August,19,14,73.68
168,4,August,19,14,73.68
168,5,September,22,16,72.73
168,6,September,18,12,66.67
168,7,September,18,12,66.67
168,8,September,19,12,63.16
168,9,October,22,13,59.09
168,10,October,25,13,52.0
168,11,October,25,11,44.0
168,12,October,22,11,50.0
168,13,November,23,10,43.48
168,14,November,22,9,40.91
169,1,August,20,18,90.0
169,2,August,24,21,87.5
169,3,August,22,19,86.36
169,4,August,20,17,85.0
169,5,September,24,21,87.5
169,6,September,21,18,85.71
169,7,September,23,20,86.96
169,8,September,19,16,84.21
169,9,October,20,17,85.0
169,10,October,22,19,86.36
169,11,October,22,20,90.91
169,12,October,24,22,91.67
169,13,November,22,18,81.82
169,14,November,25,21,84.0
170,1,August,24,22,91.67
170,2,August,18,16,88.89
170,3,August,18,16,88.89
170,4,August,21,18,85.71
170,5,September,24,22,91.67
170,6,September,18,16,88.89
170,7,September,25,22,88.0
170,8,September,22,19,86.36
170,9,October,23,21,91.3
170,10,October,18,16,88.89
170,11,October,19,16,84.21
170,12,October,25,22,88.0
170,13,November,23,20,86.96
170,14,November,24,22,91.67
171,1,August,24,22,91.67
171,2,August,25,24,96.0
171,3,August,21,20,95.24
171,4,August,25,23,92.0
171,5,September,22,20,90.91
171,6,September,25,23,92.0
171,7,September,24,23,95.83
171,8,September,19,18,94.74
171,9,October,25,24,96.0
171,10,October,23,22,95.65
171,11,October,19,18,94.74
171,12,October,23,22,95.65
171,13,November,20,19,95.0
171,14,November,25,24,96.0
172,1,August,21,17,80.95
172,2,August,25,20,80.0
172,3,August,24,19,79.17
172,4,August,21,16,76.19
172,5,September,19,15,78.95
172,6,September,18,13,72.22
172,7,September,23,16,69.57
172,8,September,21,15,71.43
172,9,October,23,16,69.57
172,10,October,18,11,61.11
172,11,October,23,16,69.57
172,12,October,21,13,61.9
172,13,November,23,13,56.52
172,14,November,20,13,65.0
173,1,August,25,24,96.0
173,2,August,22,21,95.45
173,3,August,23,21,91.3
173,4,August,23,20,86.96
173,5,September,24,23,95.83
173,6,September,18,17,94.44
173,7,September,19,17,89.47
173,8,September,21,19,90.48
173,9,October,18,17,94.44
173,10,October,23,21,91.3
173,11,October,24,22,91.67
173,12,October,24,22,91.67
173,13,November,18,16,88.89
173,14,November,23,20,86.96
174,1,August,23,21,91.3
174,2,August,22,20,90.91
174,3,August,22,20,90.91
174,4,August,21,19,90.48
174,5,September,23,21,91.3
174,6,September,24,22,91.67
174,7,September,20,18,90.0
174,8,September,23,20,86.96
174,9,October,20,18,90.0
174,10,October,18,16,88.89
174,11,October,24,21,87.5
174,12,October,18,16,88.89
174,13,November,21,19,90.48
174,14,November,22,20,90.91
175,1,August,20,17,85.0
175,2,August,21,18,85.71
175,3,August,21,19,90.48
175,4,August,23,20,86.96
175,5,September,21,18,85.71
175,6,September,19,17,89.47
175,7,September,20,17,85.0
175,8,September,22,19,86.36
175,9,October,25,23,92.0
175,10,October,20,17,85.0
175,11,October,22,19,86.36
175,12,October,22,18,81.82
175,13,November,25,22,88.0
175,14,November,22,19,86.36
176,1,August,22,20,90.91
176,2,August,20,18,90.0
176,3,August,18,15,83.33
176,4,August,25,22,88.0
176,5,September,23,20,86.96
176,6,September,18,17,94.44
176,7,September,24,21,87.5
176,8,September,24,21,87.5
176,9,October,21,19,90.48
176,10,October,18,16,88.89
176,11,October,23,20,86.96
176,12,October,22,19,86.36
176,13,November,21,18,85.71
176,14,November,22,19,86.36
177,1,August,22,14,63.64
177,2,August,20,13,65.0
177,3,August,18,13,72.22
177,4,August,19,14,73.68
177,5,September,22,15,68.18
177,6,September,20,15,75.0
177,7,September,18,13,72.22
177,8,September,19,15,78.95
177,9,October,21,17,80.95
177,10,October,19,16,84.21
177,11,October,19,16,84.21
177,12,October,20,18,90.0
177,13,November,23,20,86.96
177,14,November,25,22,88.0
178,1,August,23,20,86.96
178,2,August,24,21,87.5
178,3,August,24,20,83.33
178,4,August,22,18,81.82
178,5,September,22,19,86.36
178,6,September,18,14,77.78
178,7,September,19,16,84.21
178,8,September,24,20,83.33
178,9,October,19,16,84.21
178,10,October,24,20,83.33
178,11,October,24,21,87.5
178,12,October,24,20,83.33
178,13,November,22,19,86.36
178,14,November,23,19,82.61
179,1,August,22,18,81.82
179,2,August,18,15,83.33
179,3,August,23,20,86.96
179,4,August,20,17,85.0
179,5,September,25,20,80.0
179,6,September,24,20,83.33
179,7,September,22,19,86.36
179,8,September,21,19,90.48
179,9,October,24,20,83.33
179,10,October,20,17,85.0
179,11,October,22,19,86.36
179,12,October,24,21,87.5
179,13,November,19,17,89.47
179,14,November,18,15,83.33
180,1,August,18,15,83.33
180,2,August,20,16,80.0
180,3,August,22,17,77.27
180,4,August,21,15,71.43
180,5,September,19,14,73.68
180,6,September,23,15,65.22
180,7,September,21,13,61.9
180,8,September,24,14,58.33
180,9,October,19,10,52.63
180,10,October,18,10,55.56
180,11,October,24,12,50.0
180,12,October,23,11,47.83
180,13,November,22,9,40.91
180,14,November,21,8,38.1
181,1,August,18,16,88.89
181,2,August,18,15,83.33
181,3,August,24,21,87.5
181,4,August,18,15,83.33
181,5,September,19,17,89.47
181,6,September,20,19,95.0
181,7,September,18,16,88.89
181,8,September,24,21,87.5
181,9,October,22,20,90.91
181,10,October,24,21,87.5
181,11,October,23,19,82.61
181,12,October,22,20,90.91
181,13,November,23,20,86.96
181,14,November,19,16,84.21
182,1,August,25,21,84.0
182,2,August,22,19,86.36
182,3,August,22,19,86.36
182,4,August,20,17,85.0
182,5,September,22,18,81.82
182,6,September,18,15,83.33
182,7,September,25,21,84.0
182,8,September,21,17,80.95
182,9,October,23,19,82.61
182,10,October,25,21,84.0
182,11,October,18,16,88.89
182,12,October,21,18,85.71
182,13,November,18,16,88.89
182,14,November,24,20,83.33
183,1,August,22,18,81.82
183,2,August,19,14,73.68
183,3,August,22,18,81.82
183,4,August,23,18,78.26
183,5,September,18,13,72.22
183,6,September,24,19,79.17
183,7,September,25,18,72.0
183,8,September,18,12,66.67
183,9,October,23,15,65.22
183,10,October,18,12,66.67
183,11,October,22,14,63.64
183,12,October,23,15,65.22
183,13,November,22,13,59.09
183,14,November,25,15,60.0
184,1,August,24,23,95.83
184,2,August,19,18,94.74
184,3,August,19,18,94.74
184,4,August,19,18,94.74
184,5,September,20,18,90.0
184,6,September,18,17,94.44
184,7,September,20,19,95.0
184,8,September,25,24,96.0
184,9,October,23,22,95.65
184,10,October,19,18,94.74
184,11,October,24,22,91.67
184,12,October,18,17,94.44
184,13,November,24,23,95.83
184,14,November,21,20,95.24
185,1,August,19,17,89.47
185,2,August,22,19,86.36
185,3,August,20,16,80.0
185,4,August,18,14,77.78
185,5,September,23,17,73.91
185,6,September,22,15,68.18
185,7,September,23,15,65.22
185,8,September,23,14,60.87
185,9,October,25,16,64.0
185,10,October,21,13,61.9
185,11,October,20,10,50.0
185,12,October,21,10,47.62
185,13,November,22,11,50.0
185,14,November,19,8,42.11
186,1,August,18,14,77.78
186,2,August,24,19,79.17
186,3,August,23,17,73.91
186,4,August,20,14,70.0
186,5,September,18,13,72.22
186,6,September,19,14,73.68
186,7,September,23,15,65.22
186,8,September,18,12,66.67
186,9,October,22,15,68.18
186,10,October,21,12,57.14
186,11,October,18,10,55.56
186,12,October,23,14,60.87
186,13,November,18,9,50.0
186,14,November,22,12,54.55
187,1,August,18,11,61.11
187,2,August,22,14,63.64
187,3,August,22,15,68.18
187,4,August,22,14,63.64
187,5,September,20,13,65.0
187,6,September,24,16,66.67
187,7,September,19,13,68.42
187,8,September,25,19,76.0
187,9,October,25,18,72.0
187,10,October,22,16,72.73
187,11,October,21,17,80.95
187,12,October,20,16,80.0
187,13,November,18,14,77.78
187,14,November,24,19,79.17
188,1,August,19,17,89.47
188,2,August,18,16,88.89
188,3,August,19,17,89.47
188,4,August,20,19,95.0
188,5,September,22,20,90.91
188,6,September,19,18,94.74
188,7,September,18,17,94.44
188,8,September,18,16,88.89
188,9,October,20,18,90.0
188,10,October,23,21,91.3
188,11,October,24,22,91.67
188,12,October,19,17,89.47
188,13,November,24,21,87.5
188,14,November,19,17,89.47
189,1,August,21,17,80.95
189,2,August,23,18,78.26
189,3,August,21,16,76.19
189,4,August,24,18,75.0
189,5,September,24,17,70.83
189,6,September,23,14,60.87
189,7,September,19,12,63.16
189,8,September,20,12,60.0
189,9,October,19,10,52.63
189,10,October,18,9,50.0
189,11,October,20,9,45.0
189,12,October,18,7,38.89
189,13,November,18,6,33.33
189,14,November,22,8,36.36
190,1,August,23,21,91.3
190,2,August,22,21,95.45
190,3,August,23,22,95.65
190,4,August,25,23,92.0
190,5,September,24,23,95.83
190,6,September,21,19,90.48
190,7,September,22,21,95.45
190,8,September,23,22,95.65
190,9,October,25,23,92.0
190,10,October,21,19,90.48
190,11,October,21,20,95.24
190,12,October,24,22,91.67
190,13,November,18,18,100.0
190,14,November,23,21,91.3
191,1,August,18,16,88.89
191,2,August,24,22,91.67
191,3,August,22,20,90.91
191,4,August,21,18,85.71
191,5,September,21,18,85.71
191,6,September,24,21,87.5
191,7,September,25,22,88.0
191,8,September,25,22,88.0
191,9,October,20,17,85.0
191,10,October,19,17,89.47
191,11,October,18,16,88.89
191,12,October,20,17,85.0
191,13,November,22,20,90.91
191,14,November,18,17,94.44
192,1,August,20,17,85.0
192,2,August,23,19,82.61
192,3,August,21,17,80.95
192,4,August,21,18,85.71
192,5,September,18,15,83.33
192,6,September,19,15,78.95
192,7,September,24,20,83.33
192,8,September,21,19,90.48
192,9,October,21,18,85.71
192,10,October,21,17,80.95
192,11,October,25,21,84.0
192,12,October,24,20,83.33
192,13,November,18,16,88.89
192,14,November,18,16,88.89
193,1,August,25,22,88.0
193,2,August,23,21,91.3
193,3,August,19,18,94.74
193,4,August,24,23,95.83
193,5,September,20,18,90.0
193,6,September,25,24,96.0
193,7,September,19,17,89.47
193,8,September,21,19,90.48
193,9,October,21,20,95.24
193,10,October,21,20,95.24
193,11,October,22,20,90.91
193,12,October,25,24,96.0
193,13,November,25,23,92.0
193,14,November,21,19,90.48
194,1,August,21,18,85.71
194,2,August,23,20,86.96
194,3,August,19,15,78.95
194,4,August,18,15,83.33
194,5,September,19,16,84.21
194,6,September,18,15,83.33
194,7,September,22,18,81.82
194,8,September,22,18,81.82
194,9,October,21,18,85.71
194,10,October,23,19,82.61
194,11,October,19,16,84.21
194,12,October,23,19,82.61
194,13,November,23,19,82.61
194,14,November,20,17,85.0
195,1,August,24,22,91.67
195,2,August,22,19,86.36
195,3,August,20,19,95.0
195,4,August,25,24,96.0
195,5,September,24,23,95.83
195,6,September,25,23,92.0
195,7,September,18,16,88.89
195,8,September,24,22,91.67
195,9,October,24,21,87.5
195,10,October,20,19,95.0
195,11,October,25,23,92.0
195,12,October,21,19,90.48
195,13,November,20,18,90.0
195,14,November,23,21,91.3
196,1,August,18,17,94.44
196,2,August,23,21,91.3
196,3,August,18,17,94.44
196,4,August,25,23,92.0
196,5,September,18,16,88.89
196,6,September,22,21,95.45
196,7,September,25,23,92.0
196,8,September,21,18,85.71
196,9,October,19,18,94.74
196,10,October,21,20,95.24
196,11,October,22,20,90.91
196,12,October,22,20,90.91
196,13,November,23,21,91.3
196,14,November,22,20,90.91
197,1,August,24,20,83.33
197,2,August,23,19,82.61
197,3,August,22,18,81.82
197,4,August,20,16,80.0
197,5,September,22,17,77.27
197,6,September,24,18,75.0
197,7,September,20,15,75.0
197,8,September,21,15,71.43
197,9,October,25,17,68.0
197,10,October,25,17,68.0
197,11,October,22,14,63.64
197,12,October,25,16,64.0
197,13,November,24,15,62.5
197,14,November,20,12,60.0
198,1,August,19,16,84.21
198,2,August,23,20,86.96
198,3,August,25,22,88.0
198,4,August,24,20,83.33
198,5,September,19,16,84.21
198,6,September,19,16,84.21
198,7,September,20,18,90.0
198,8,September,25,22,88.0
198,9,October,23,20,86.96
198,10,October,19,16,84.21
198,11,October,20,18,90.0
198,12,October,20,17,85.0
198,13,November,19,16,84.21
198,14,November,24,21,87.5
199,1,August,22,19,86.36
199,2,August,20,18,90.0
199,3,August,21,18,85.71
199,4,August,19,16,84.21
199,5,September,25,21,84.0
199,6,September,20,18,90.0
199,7,September,18,15,83.33
199,8,September,24,21,87.5
199,9,October,18,15,83.33
199,10,October,22,19,86.36
199,11,October,20,17,85.0
199,12,October,19,16,84.21
199,13,November,19,17,89.47
199,14,November,19,17,89.47
200,1,August,19,16,84.21
200,2,August,19,16,84.21
200,3,August,22,19,86.36
200,4,August,21,18,85.71
200,5,September,25,22,88.0
200,6,September,19,16,84.21
200,7,September,18,15,83.33
200,8,September,25,21,84.0
200,9,October,22,19,86.36
200,10,October,22,19,86.36
200,11,October,20,17,85.0
200,12,October,18,15,83.33
200,13,November,19,17,89.47
200,14,November,21,18,85.71
201,1,August,20,17,85.0
201,2,August,18,16,88.89
201,3,August,23,18,78.26
201,4,August,21,16,76.19
201,5,September,24,18,75.0
201,6,September,24,16,66.67
201,7,September,23,16,69.57
201,8,September,25,16,64.0
201,9,October,24,14,58.33
201,10,October,19,10,52.63
201,11,October,22,11,50.0
201,12,October,21,10,47.62
201,13,November,18,8,44.44
201,14,November,20,9,45.0
202,1,August,25,20,80.0
202,2,August,23,19,82.61
202,3,August,24,21,87.5
202,4,August,22,18,81.82
202,5,September,19,16,84.21
202,6,September,23,19,82.61
202,7,September,18,16,88.89
202,8,September,22,20,90.91
202,9,October,24,20,83.33
202,10,October,24,21,87.5
202,11,October,24,21,87.5
202,12,October,25,22,88.0
202,13,November,18,16,88.89
202,14,November,18,16,88.89
203,1,August,23,19,82.61
203,2,August,24,19,79.17
203,3,August,24,18,75.0
203,4,August,23,17,73.91
203,5,September,25,18,72.0
203,6,September,20,15,75.0
203,7,September,20,14,70.0
203,8,September,25,17,68.0
203,9,October,20,13,65.0
203,10,October,24,16,66.67
203,11,October,18,11,61.11
203,12,October,18,10,55.56
203,13,November,19,10,52.63
203,14,November,20,12,60.0
204,1,August,22,19,86.36
204,2,August,25,21,84.0
204,3,August,25,21,84.0
204,4,August,25,21,84.0
204,5,September,25,22,88.0
204,6,September,22,19,86.36
204,7,September,24,21,87.5
204,8,September,19,17,89.47
204,9,October,18,16,88.89
204,10,October,21,18,85.71
204,11,October,24,21,87.5
204,12,October,19,17,89.47
204,13,November,19,17,89.47
204,14,November,21,18,85.71
205,1,August,19,17,89.47
205,2,August,20,18,90.0
205,3,August,19,17,89.47
205,4,August,18,16,88.89
205,5,September,20,17,85.0
205,6,September,23,21,91.3
205,7,September,22,20,90.91
205,8,September,19,17,89.47
205,9,October,18,16,88.89
205,10,October,22,20,90.91
205,11,October,19,17,89.47
205,12,October,19,17,89.47
205,13,November,23,20,86.96
205,14,November,20,18,90.0
206,1,August,25,23,92.0
206,2,August,20,19,95.0
206,3,August,18,16,88.89
206,4,August,24,22,91.67
206,5,September,19,17,89.47
206,6,September,21,19,90.48
206,7,September,22,21,95.45
206,8,September,25,22,88.0
206,9,October,21,18,85.71
206,10,October,20,18,90.0
206,11,October,22,20,90.91
206,12,October,21,19,90.48
206,13,November,24,21,87.5
206,14,November,22,20,90.91
207,1,August,25,22,88.0
207,2,August,23,21,91.3
207,3,August,19,18,94.74
207,4,August,22,20,90.91
207,5,September,21,19,90.48
207,6,September,25,22,88.0
207,7,September,25,23,92.0
207,8,September,22,20,90.91
207,9,October,20,18,90.0
207,10,October,21,19,90.48
207,11,October,18,15,83.33
207,12,October,25,23,92.0
207,13,November,23,22,95.65
207,14,November,20,19,95.0
208,1,August,24,21,87.5
208,2,August,20,17,85.0
208,3,August,21,18,85.71
208,4,August,18,15,83.33
208,5,September,24,20,83.33
208,6,September,18,14,77.78
208,7,September,24,19,79.17
208,8,September,23,18,78.26
208,9,October,18,14,77.78
208,10,October,19,14,73.68
208,11,October,21,15,71.43
208,12,October,23,16,69.57
208,13,November,19,14,73.68
208,14,November,18,12,66.67
209,1,August,25,22,88.0
209,2,August,19,17,89.47
209,3,August,20,18,90.0
209,4,August,20,17,85.0
209,5,September,22,20,90.91
209,6,September,18,16,88.89
209,7,September,22,20,90.91
209,8,September,22,20,90.91
209,9,October,23,21,91.3
209,10,October,23,21,91.3
209,11,October,23,21,91.3
209,12,October,22,20,90.91
209,13,November,21,19,90.48
209,14,November,18,16,88.89
210,1,August,23,18,78.26
210,2,August,24,19,79.17
210,3,August,23,17,73.91
210,4,August,23,17,73.91
210,5,September,20,15,75.0
210,6,September,18,13,72.22
210,7,September,23,17,73.91
210,8,September,23,16,69.57
210,9,October,22,14,63.64
210,10,October,22,14,63.64
210,11,October,19,11,57.89
210,12,October,22,13,59.09
210,13,November,20,11,55.0
210,14,November,21,11,52.38
211,1,August,25,21,84.0
211,2,August,20,16,80.0
211,3,August,25,20,80.0
211,4,August,21,17,80.95
211,5,September,18,14,77.78
211,6,September,20,15,75.0
211,7,September,21,15,71.43
211,8,September,21,15,71.43
211,9,October,20,14,70.0
211,10,October,21,14,66.67
211,11,October,18,12,66.67
211,12,October,21,13,61.9
211,13,November,21,13,61.9
211,14,November,22,13,59.09
212,1,August,24,20,83.33
212,2,August,25,21,84.0
212,3,August,22,18,81.82
212,4,August,21,17,80.95
212,5,September,25,20,80.0
212,6,September,24,18,75.0
212,7,September,23,16,69.57
212,8,September,20,14,70.0
212,9,October,22,16,72.73
212,10,October,22,16,72.73
212,11,October,21,15,71.43
212,12,October,25,16,64.0
212,13,November,25,16,64.0
212,14,November,21,13,61.9
213,1,August,19,18,94.74
213,2,August,19,17,89.47
213,3,August,18,16,88.89
213,4,August,23,21,91.3
213,5,September,23,20,86.96
213,6,September,23,21,91.3
213,7,September,20,18,90.0
213,8,September,21,19,90.48
213,9,October,21,19,90.48
213,10,October,21,19,90.48
213,11,October,18,16,88.89
213,12,October,21,19,90.48
213,13,November,19,16,84.21
213,14,November,24,22,91.67
214,1,August,19,17,89.47
214,2,August,24,20,83.33
214,3,August,19,15,78.95
214,4,August,18,14,77.78
214,5,September,21,16,76.19
214,6,September,20,14,70.0
214,7,September,20,14,70.0
214,8,September,18,12,66.67
214,9,October,20,12,60.0
214,10,October,18,11,61.11
214,11,October,24,14,58.33
214,12,October,21,12,57.14
214,13,November,21,11,52.38
214,14,November,20,10,50.0
215,1,August,20,17,85.0
215,2,August,24,20,83.33
215,3,August,25,20,80.0
215,4,August,19,15,78.95
215,5,September,22,15,68.18
215,6,September,25,17,68.0
215,7,September,24,15,62.5
215,8,September,23,14,60.87
215,9,October,21,12,57.14
215,10,October,24,13,54.17
215,11,October,18,9,50.0
215,12,October,22,9,40.91
215,13,November,18,7,38.89
215,14,November,22,8,36.36
216,1,August,22,19,86.36
216,2,August,23,19,82.61
216,3,August,22,18,81.82
216,4,August,22,17,77.27
216,5,September,18,14,77.78
216,6,September,22,15,68.18
216,7,September,23,15,65.22
216,8,September,24,16,66.67
216,9,October,18,10,55.56
216,10,October,23,13,56.52
216,11,October,19,10,52.63
216,12,October,22,11,50.0
216,13,November,18,8,44.44
216,14,November,22,9,40.91
217,1,August,24,22,91.67
217,2,August,21,19,90.48
217,3,August,24,22,91.67
217,4,August,22,20,90.91
217,5,September,24,22,91.67
217,6,September,24,21,87.5
217,7,September,18,16,88.89
217,8,September,20,18,90.0
217,9,October,21,19,90.48
217,10,October,19,17,89.47
217,11,October,18,17,94.44
217,12,October,18,16,88.89
217,13,November,25,22,88.0
217,14,November,25,23,92.0
218,1,August,23,21,91.3
218,2,August,18,16,88.89
218,3,August,18,17,94.44
218,4,August,23,19,82.61
218,5,September,18,16,88.89
218,6,September,20,18,90.0
218,7,September,25,23,92.0
218,8,September,19,17,89.47
218,9,October,20,18,90.0
218,10,October,25,23,92.0
218,11,October,22,19,86.36
218,12,October,25,23,92.0
218,13,November,20,18,90.0
218,14,November,22,20,90.91
219,1,August,20,16,80.0
219,2,August,25,20,80.0
219,3,August,21,18,85.71
219,4,August,21,17,80.95
219,5,September,24,20,83.33
219,6,September,19,17,89.47
219,7,September,19,16,84.21
219,8,September,18,16,88.89
219,9,October,20,17,85.0
219,10,October,18,15,83.33
219,11,October,20,17,85.0
219,12,October,20,17,85.0
219,13,November,21,18,85.71
219,14,November,23,20,86.96
220,1,August,18,11,61.11
220,2,August,20,13,65.0
220,3,August,25,17,68.0
220,4,August,18,13,72.22
220,5,September,25,18,72.0
220,6,September,18,13,72.22
220,7,September,21,15,71.43
220,8,September,21,16,76.19
220,9,October,23,18,78.26
220,10,October,25,20,80.0
220,11,October,24,19,79.17
220,12,October,22,19,86.36
220,13,November,21,18,85.71
220,14,November,20,17,85.0
221,1,August,24,20,83.33
221,2,August,25,22,88.0
221,3,August,22,19,86.36
221,4,August,25,21,84.0
221,5,September,23,19,82.61
221,6,September,23,20,86.96
221,7,September,23,20,86.96
221,8,September,24,21,87.5
221,9,October,24,20,83.33
221,10,October,25,20,80.0
221,11,October,19,16,84.21
221,12,October,22,19,86.36
221,13,November,18,15,83.33
221,14,November,23,20,86.96
222,1,August,23,15,65.22
222,2,August,22,14,63.64
222,3,August,22,15,68.18
222,4,August,21,14,66.67
222,5,September,19,13,68.42
222,6,September,19,14,73.68
222,7,September,18,13,72.22
222,8,September,20,16,80.0
222,9,October,21,17,80.95
222,10,October,23,18,78.26
222,11,October,23,19,82.61
222,12,October,23,19,82.61
222,13,November,25,22,88.0
222,14,November,22,19,86.36
223,1,August,22,20,90.91
223,2,August,22,18,81.82
223,3,August,24,19,79.17
223,4,August,24,20,83.33
223,5,September,25,20,80.0
223,6,September,23,17,73.91
223,7,September,23,18,78.26
223,8,September,25,18,72.0
223,9,October,21,16,76.19
223,10,October,23,16,69.57
223,11,October,25,16,64.0
223,12,October,22,14,63.64
223,13,November,20,13,65.0
223,14,November,20,13,65.0
224,1,August,25,22,88.0
224,2,August,22,20,90.91
224,3,August,24,21,87.5
224,4,August,22,18,81.82
224,5,September,23,19,82.61
224,6,September,19,17,89.47
224,7,September,24,21,87.5
224,8,September,18,16,88.89
224,9,October,24,21,87.5
224,10,October,24,20,83.33
224,11,October,18,15,83.33
224,12,October,25,21,84.0
224,13,November,25,21,84.0
224,14,November,20,16,80.0
225,1,August,22,19,86.36
225,2,August,18,15,83.33
225,3,August,24,20,83.33
225,4,August,25,21,84.0
225,5,September,19,16,84.21
225,6,September,24,20,83.33
225,7,September,25,20,80.0
225,8,September,24,19,79.17
225,9,October,18,15,83.33
225,10,October,25,21,84.0
225,11,October,18,15,83.33
225,12,October,25,20,80.0
225,13,November,18,15,83.33
225,14,November,18,15,83.33
226,1,August,22,19,86.36
226,2,August,18,15,83.33
226,3,August,24,20,83.33
226,4,August,25,21,84.0
226,5,September,22,18,81.82
226,6,September,18,14,77.78
226,7,September,22,19,86.36
226,8,September,25,22,88.0
226,9,October,22,18,81.82
226,10,October,18,16,88.89
226,11,October,18,15,83.33
226,12,October,20,17,85.0
226,13,November,24,20,83.33
226,14,November,18,16,88.89
227,1,August,22,18,81.82
227,2,August,23,20,86.96
227,3,August,20,17,85.0
227,4,August,25,21,84.0
227,5,September,18,15,83.33
227,6,September,19,16,84.21
227,7,September,25,21,84.0
227,8,September,25,22,88.0
227,9,October,21,18,85.71
227,10,October,22,18,81.82
227,11,October,20,16,80.0
227,12,October,19,16,84.21
227,13,November,18,15,83.33
227,14,November,19,15,78.95
228,1,August,20,16,80.0
228,2,August,21,17,80.95
228,3,August,18,14,77.78
228,4,August,20,15,75.0
228,5,September,19,14,73.68
228,6,September,24,17,70.83
228,7,September,20,15,75.0
228,8,September,21,14,66.67
228,9,October,24,16,66.67
228,10,October,19,12,63.16
228,11,October,21,13,61.9
228,12,October,21,13,61.9
228,13,November,21,12,57.14
228,14,November,18,11,61.11
229,1,August,25,22,88.0
229,2,August,19,16,84.21
229,3,August,19,16,84.21
229,4,August,23,19,82.61
229,5,September,25,21,84.0
229,6,September,20,15,75.0
229,7,September,22,17,77.27
229,8,September,24,18,75.0
229,9,October,18,13,72.22
229,10,October,20,15,75.0
229,11,October,18,13,72.22
229,12,October,19,14,73.68
229,13,November,24,16,66.67
229,14,November,20,13,65.0
230,1,August,25,21,84.0
230,2,August,23,20,86.96
230,3,August,21,18,85.71
230,4,August,19,17,89.47
230,5,September,23,19,82.61
230,6,September,23,20,86.96
230,7,September,22,19,86.36
230,8,September,25,21,84.0
230,9,October,25,21,84.0
230,10,October,19,16,84.21
230,11,October,23,20,86.96
230,12,October,18,16,88.89
230,13,November,19,17,89.47
230,14,November,20,17,85.0
231,1,August,21,19,90.48
231,2,August,20,18,90.0
231,3,August,25,22,88.0
231,4,August,19,17,89.47
231,5,September,21,19,90.48
231,6,September,23,19,82.61
231,7,September,20,18,90.0
231,8,September,23,21,91.3
231,9,October,20,18,90.0
231,10,October,23,21,91.3
231,11,October,24,23,95.83
231,12,October,24,22,91.67
231,13,November,20,19,95.0
231,14,November,24,21,87.5
232,1,August,18,12,66.67
232,2,August,25,17,68.0
232,3,August,19,12,63.16
232,4,August,23,17,73.91
232,5,September,21,15,71.43
232,6,September,19,14,73.68
232,7,September,20,15,75.0
232,8,September,21,16,76.19
232,9,October,18,14,77.78
232,10,October,25,20,80.0
232,11,October,23,19,82.61
232,12,October,19,16,84.21
232,13,November,19,17,89.47
232,14,November,22,20,90.91
233,1,August,19,17,89.47
233,2,August,18,15,83.33
233,3,August,25,22,88.0
233,4,August,25,22,88.0
233,5,September,24,22,91.67
233,6,September,21,18,85.71
233,7,September,19,17,89.47
233,8,September,18,16,88.89
233,9,October,23,20,86.96
233,10,October,20,17,85.0
233,11,October,20,18,90.0
233,12,October,22,19,86.36
233,13,November,18,16,88.89
233,14,November,21,18,85.71
234,1,August,20,16,80.0
234,2,August,23,19,82.61
234,3,August,25,20,80.0
234,4,August,18,14,77.78
234,5,September,25,19,76.0
234,6,September,21,16,76.19
234,7,September,25,19,76.0
234,8,September,19,13,68.42
234,9,October,25,17,68.0
234,10,October,24,16,66.67
234,11,October,22,14,63.64
234,12,October,24,16,66.67
234,13,November,25,16,64.0
234,14,November,23,15,65.22
235,1,August,19,16,84.21
235,2,August,22,19,86.36
235,3,August,23,19,82.61
235,4,August,18,15,83.33
235,5,September,24,21,87.5
235,6,September,19,16,84.21
235,7,September,18,15,83.33
235,8,September,19,15,78.95
235,9,October,24,20,83.33
235,10,October,22,19,86.36
235,11,October,22,19,86.36
235,12,October,23,19,82.61
235,13,November,25,21,84.0
235,14,November,22,19,86.36
236,1,August,23,20,86.96
236,2,August,25,22,88.0
236,3,August,24,20,83.33
236,4,August,24,19,79.17
236,5,September,22,17,77.27
236,6,September,22,15,68.18
236,7,September,23,16,69.57
236,8,September,22,14,63.64
236,9,October,21,14,66.67
236,10,October,25,15,60.0
236,11,October,24,14,58.33
236,12,October,25,14,56.0
236,13,November,19,9,47.37
236,14,November,18,8,44.44
237,1,August,20,12,60.0
237,2,August,25,16,64.0
237,3,August,22,14,63.64
237,4,August,25,17,68.0
237,5,September,24,16,66.67
237,6,September,23,16,69.57
237,7,September,20,15,75.0
237,8,September,23,17,73.91
237,9,October,19,15,78.95
237,10,October,23,18,78.26
237,11,October,24,19,79.17
237,12,October,19,16,84.21
237,13,November,20,17,85.0
237,14,November,24,20,83.33
238,1,August,19,15,78.95
238,2,August,20,16,80.0
238,3,August,22,16,72.73
238,4,August,23,17,73.91
238,5,September,18,13,72.22
238,6,September,18,12,66.67
238,7,September,19,12,63.16
238,8,September,21,13,61.9
238,9,October,25,14,56.0
238,10,October,21,11,52.38
238,11,October,18,9,50.0
238,12,October,18,8,44.44
238,13,November,19,8,42.11
238,14,November,21,8,38.1
239,1,August,20,17,85.0
239,2,August,20,19,95.0
239,3,August,18,15,83.33
239,4,August,25,22,88.0
239,5,September,19,17,89.47
239,6,September,18,16,88.89
239,7,September,25,23,92.0
239,8,September,25,22,88.0
239,9,October,19,17,89.47
239,10,October,25,22,88.0
239,11,October,23,21,91.3
239,12,October,21,19,90.48
239,13,November,21,19,90.48
239,14,November,20,18,90.0
240,1,August,25,23,92.0
240,2,August,21,20,95.24
240,3,August,19,18,94.74
240,4,August,22,21,95.45
240,5,September,19,18,94.74
240,6,September,18,17,94.44
240,7,September,18,17,94.44
240,8,September,20,19,95.0
240,9,October,20,19,95.0
240,10,October,19,18,94.74
240,11,October,22,21,95.45
240,12,October,25,24,96.0
240,13,November,25,24,96.0
240,14,November,21,20,95.24
241,1,August,22,19,86.36
241,2,August,21,18,85.71
241,3,August,20,17,85.0
241,4,August,24,21,87.5
241,5,September,25,21,84.0
241,6,September,19,16,84.21
241,7,September,25,22,88.0
241,8,September,25,21,84.0
241,9,October,24,21,87.5
241,10,October,22,19,86.36
241,11,October,23,19,82.61
241,12,October,19,17,89.47
241,13,November,21,18,85.71
241,14,November,21,18,85.71
242,1,August,19,17,89.47
242,2,August,18,15,83.33
242,3,August,21,17,80.95
242,4,August,22,17,77.27
242,5,September,21,16,76.19
242,6,September,19,13,68.42
242,7,September,19,13,68.42
242,8,September,19,12,63.16
242,9,October,25,16,64.0
242,10,October,25,15,60.0
242,11,October,22,13,59.09
242,12,October,25,14,56.0
242,13,November,20,11,55.0
242,14,November,20,10,50.0
243,1,August,18,16,88.89
243,2,August,25,22,88.0
243,3,August,22,19,86.36
243,4,August,19,17,89.47
243,5,September,23,20,86.96
243,6,September,18,16,88.89
243,7,September,20,18,90.0
243,8,September,24,21,87.5
243,9,October,23,20,86.96
243,10,October,21,19,90.48
243,11,October,22,20,90.91
243,12,October,19,16,84.21
243,13,November,19,17,89.47
243,14,November,23,20,86.96
244,1,August,25,20,80.0
244,2,August,25,20,80.0
244,3,August,23,18,78.26
244,4,August,23,18,78.26
244,5,September,21,16,76.19
244,6,September,21,15,71.43
244,7,September,18,12,66.67
244,8,September,19,13,68.42
244,9,October,23,16,69.57
244,10,October,24,16,66.67
244,11,October,23,15,65.22
244,12,October,18,11,61.11
244,13,November,20,12,60.0
244,14,November,20,12,60.0
245,1,August,20,17,85.0
245,2,August,21,16,76.19
245,3,August,20,15,75.0
245,4,August,22,16,72.73
245,5,September,24,18,75.0
245,6,September,18,13,72.22
245,7,September,19,13,68.42
245,8,September,22,15,68.18
245,9,October,22,15,68.18
245,10,October,25,15,60.0
245,11,October,18,11,61.11
245,12,October,19,12,63.16
245,13,November,20,12,60.0
245,14,November,19,11,57.89
246,1,August,21,18,85.71
246,2,August,22,19,86.36
246,3,August,20,17,85.0
246,4,August,21,18,85.71
246,5,September,20,17,85.0
246,6,September,25,22,88.0
246,7,September,21,18,85.71
246,8,September,20,17,85.0
246,9,October,24,20,83.33
246,10,October,18,16,88.89
246,11,October,19,16,84.21
246,12,October,25,21,84.0
246,13,November,23,21,91.3
246,14,November,23,20,86.96
247,1,August,18,15,83.33
247,2,August,22,18,81.82
247,3,August,20,16,80.0
247,4,August,21,15,71.43
247,5,September,20,16,80.0
247,6,September,25,19,76.0
247,7,September,18,13,72.22
247,8,September,22,16,72.73
247,9,October,20,13,65.0
247,10,October,18,12,66.67
247,11,October,24,16,66.67
247,12,October,22,13,59.09
247,13,November,25,15,60.0
247,14,November,20,12,60.0
248,1,August,25,15,60.0
248,2,August,19,12,63.16
248,3,August,22,14,63.64
248,4,August,24,16,66.67
248,5,September,25,16,64.0
248,6,September,19,14,73.68
248,7,September,19,14,73.68
248,8,September,21,16,76.19
248,9,October,23,17,73.91
248,10,October,25,18,72.0
248,11,October,18,14,77.78
248,12,October,19,15,78.95
248,13,November,23,19,82.61
248,14,November,21,17,80.95
249,1,August,21,13,61.9
249,2,August,22,15,68.18
249,3,August,23,15,65.22
249,4,August,18,12,66.67
249,5,September,23,17,73.91
249,6,September,20,15,75.0
249,7,September,25,19,76.0
249,8,September,25,18,72.0
249,9,October,22,17,77.27
249,10,October,24,18,75.0
249,11,October,18,14,77.78
249,12,October,20,16,80.0
249,13,November,18,15,83.33
249,14,November,20,17,85.0
250,1,August,21,13,61.9
250,2,August,25,17,68.0
250,3,August,22,14,63.64
250,4,August,18,13,72.22
250,5,September,25,18,72.0
250,6,September,25,18,72.0
250,7,September,23,17,73.91
250,8,September,18,14,77.78
250,9,October,22,18,81.82
250,10,October,19,16,84.21
250,11,October,25,21,84.0
250,12,October,21,19,90.48
250,13,November,23,20,86.96
250,14,November,22,21,95.45
251,1,August,18,15,83.33
251,2,August,24,21,87.5
251,3,August,23,19,82.61
251,4,August,20,16,80.0
251,5,September,21,16,76.19
251,6,September,22,17,77.27
251,7,September,18,14,77.78
251,8,September,22,17,77.27
251,9,October,18,14,77.78
251,10,October,25,18,72.0
251,11,October,21,15,71.43
251,12,October,20,14,70.0
251,13,November,18,13,72.22
251,14,November,23,15,65.22
252,1,August,20,18,90.0
252,2,August,20,18,90.0
252,3,August,25,21,84.0
252,4,August,24,20,83.33
252,5,September,21,18,85.71
252,6,September,18,15,83.33
252,7,September,20,17,85.0
252,8,September,18,15,83.33
252,9,October,25,21,84.0
252,10,October,18,16,88.89
252,11,October,22,19,86.36
252,12,October,23,21,91.3
252,13,November,20,18,90.0
252,14,November,18,15,83.33
253,1,August,21,14,66.67
253,2,August,20,14,70.0
253,3,August,18,13,72.22
253,4,August,20,14,70.0
253,5,September,18,14,77.78
253,6,September,20,15,75.0
253,7,September,25,19,76.0
253,8,September,20,16,80.0
253,9,October,21,17,80.95
253,10,October,22,19,86.36
253,11,October,19,17,89.47
253,12,October,24,21,87.5
253,13,November,19,17,89.47
253,14,November,19,17,89.47
254,1,August,23,22,95.65
254,2,August,25,22,88.0
254,3,August,24,23,95.83
254,4,August,24,23,95.83
254,5,September,23,20,86.96
254,6,September,22,21,95.45
254,7,September,24,23,95.83
254,8,September,25,24,96.0
254,9,October,18,17,94.44
254,10,October,22,20,90.91
254,11,October,19,17,89.47
254,12,October,25,23,92.0
254,13,November,23,22,95.65
254,14,November,23,22,95.65
255,1,August,23,20,86.96
255,2,August,21,17,80.95
255,3,August,21,18,85.71
255,4,August,20,17,85.0
255,5,September,25,20,80.0
255,6,September,19,16,84.21
255,7,September,20,17,85.0
255,8,September,20,17,85.0
255,9,October,19,16,84.21
255,10,October,22,19,86.36
255,11,October,25,21,84.0
255,12,October,22,19,86.36
255,13,November,24,21,87.5
255,14,November,22,18,81.82
256,1,August,18,15,83.33
256,2,August,21,17,80.95
256,3,August,20,16,80.0
256,4,August,19,15,78.95
256,5,September,18,14,77.78
256,6,September,22,15,68.18
256,7,September,21,13,61.9
256,8,September,21,14,66.67
256,9,October,20,12,60.0
256,10,October,18,12,66.67
256,11,October,25,13,52.0
256,12,October,21,11,52.38
256,13,November,25,12,48.0
256,14,November,22,10,45.45
257,1,August,22,19,86.36
257,2,August,19,16,84.21
257,3,August,22,18,81.82
257,4,August,23,17,73.91
257,5,September,18,13,72.22
257,6,September,21,15,71.43
257,7,September,22,14,63.64
257,8,September,24,15,62.5
257,9,October,23,13,56.52
257,10,October,22,12,54.55
257,11,October,18,9,50.0
257,12,October,20,9,45.0
257,13,November,24,10,41.67
257,14,November,20,8,40.0
258,1,August,22,20,90.91
258,2,August,18,15,83.33
258,3,August,21,18,85.71
258,4,August,22,20,90.91
258,5,September,23,20,86.96
258,6,September,20,18,90.0
258,7,September,20,18,90.0
258,8,September,18,16,88.89
258,9,October,20,18,90.0
258,10,October,25,23,92.0
258,11,October,19,17,89.47
258,12,October,18,16,88.89
258,13,November,20,18,90.0
258,14,November,23,20,86.96
259,1,August,22,20,90.91
259,2,August,23,21,91.3
259,3,August,21,19,90.48
259,4,August,22,20,90.91
259,5,September,24,22,91.67
259,6,September,25,24,96.0
259,7,September,23,21,91.3
259,8,September,22,21,95.45
259,9,October,18,16,88.89
259,10,October,22,21,95.45
259,11,October,24,21,87.5
259,12,October,23,22,95.65
259,13,November,25,23,92.0
259,14,November,25,23,92.0
260,1,August,25,20,80.0
260,2,August,20,17,85.0
260,3,August,23,18,78.26
260,4,August,23,18,78.26
260,5,September,20,15,75.0
260,6,September,25,18,72.0
260,7,September,24,17,70.83
260,8,September,22,16,72.73
260,9,October,24,16,66.67
260,10,October,22,15,68.18
260,11,October,20,14,70.0
260,12,October,23,14,60.87
260,13,November,23,14,60.87
260,14,November,23,15,65.22
261,1,August,22,19,86.36
261,2,August,19,17,89.47
261,3,August,21,19,90.48
261,4,August,24,20,83.33
261,5,September,21,18,85.71
261,6,September,23,21,91.3
261,7,September,20,18,90.0
261,8,September,22,19,86.36
261,9,October,20,16,80.0
261,10,October,23,20,86.96
261,11,October,25,22,88.0
261,12,October,25,22,88.0
261,13,November,21,18,85.71
261,14,November,22,19,86.36
262,1,August,21,19,90.48
262,2,August,19,16,84.21
262,3,August,23,20,86.96
262,4,August,24,21,87.5
262,5,September,18,15,83.33
262,6,September,20,18,90.0
262,7,September,20,17,85.0
262,8,September,19,17,89.47
262,9,October,24,20,83.33
262,10,October,22,19,86.36
262,11,October,25,23,92.0
262,12,October,21,18,85.71
262,13,November,20,17,85.0
262,14,November,18,15,83.33
263,1,August,25,23,92.0
263,2,August,18,16,88.89
263,3,August,21,18,85.71
263,4,August,22,20,90.91
263,5,September,18,16,88.89
263,6,September,24,21,87.5
263,7,September,19,17,89.47
263,8,September,20,18,90.0
263,9,October,23,21,91.3
263,10,October,23,21,91.3
263,11,October,24,22,91.67
263,12,October,20,18,90.0
263,13,November,21,19,90.48
263,14,November,23,20,86.96
264,1,August,25,21,84.0
264,2,August,21,19,90.48
264,3,August,19,16,84.21
264,4,August,18,15,83.33
264,5,September,20,17,85.0
264,6,September,20,17,85.0
264,7,September,21,17,80.95
264,8,September,23,19,82.61
264,9,October,21,18,85.71
264,10,October,22,18,81.82
264,11,October,19,15,78.95
264,12,October,20,17,85.0
264,13,November,23,18,78.26
264,14,November,21,17,80.95
265,1,August,22,20,90.91
265,2,August,18,16,88.89
265,3,August,22,20,90.91
265,4,August,23,21,91.3
265,5,September,25,24,96.0
265,6,September,22,20,90.91
265,7,September,20,18,90.0
265,8,September,19,18,94.74
265,9,October,19,17,89.47
265,10,October,23,22,95.65
265,11,October,24,23,95.83
265,12,October,18,16,88.89
265,13,November,18,17,94.44
265,14,November,20,19,95.0
266,1,August,25,22,88.0
266,2,August,19,16,84.21
266,3,August,19,17,89.47
266,4,August,20,17,85.0
266,5,September,25,22,88.0
266,6,September,20,17,85.0
266,7,September,23,20,86.96
266,8,September,22,19,86.36
266,9,October,22,19,86.36
266,10,October,24,21,87.5
266,11,October,21,18,85.71
266,12,October,20,17,85.0
266,13,November,23,20,86.96
266,14,November,19,17,89.47
267,1,August,19,17,89.47
267,2,August,24,21,87.5
267,3,August,24,21,87.5
267,4,August,18,16,88.89
267,5,September,19,17,89.47
267,6,September,19,17,89.47
267,7,September,19,17,89.47
267,8,September,24,21,87.5
267,9,October,22,20,90.91
267,10,October,25,23,92.0
267,11,October,23,21,91.3
267,12,October,21,19,90.48
267,13,November,21,19,90.48
267,14,November,25,22,88.0
268,1,August,24,22,91.67
268,2,August,23,22,95.65
268,3,August,20,19,95.0
268,4,August,24,23,95.83
268,5,September,20,18,90.0
268,6,September,19,17,89.47
268,7,September,23,21,91.3
268,8,September,25,24,96.0
268,9,October,25,24,96.0
268,10,October,20,19,95.0
268,11,October,18,17,94.44
268,12,October,23,22,95.65
268,13,November,21,19,90.48
268,14,November,24,23,95.83
269,1,August,18,16,88.89
269,2,August,20,19,95.0
269,3,August,22,21,95.45
269,4,August,24,21,87.5
269,5,September,22,20,90.91
269,6,September,23,21,91.3
269,7,September,20,18,90.0
269,8,September,25,24,96.0
269,9,October,24,22,91.67
269,10,October,21,19,90.48
269,11,October,20,18,90.0
269,12,October,25,22,88.0
269,13,November,23,21,91.3
269,14,November,20,18,90.0
270,1,August,24,20,83.33
270,2,August,21,18,85.71
270,3,August,19,16,84.21
270,4,August,24,20,83.33
270,5,September,22,19,86.36
270,6,September,24,21,87.5
270,7,September,24,21,87.5
270,8,September,19,15,78.95
270,9,October,20,17,85.0
270,10,October,22,19,86.36
270,11,October,21,18,85.71
270,12,October,24,21,87.5
270,13,November,24,20,83.33
270,14,November,25,21,84.0
271,1,August,22,19,86.36
271,2,August,25,21,84.0
271,3,August,19,17,89.47
271,4,August,22,20,90.91
271,5,September,20,17,85.0
271,6,September,19,16,84.21
271,7,September,24,21,87.5
271,8,September,19,16,84.21
271,9,October,19,16,84.21
271,10,October,22,20,90.91
271,11,October,24,21,87.5
271,12,October,25,22,88.0
271,13,November,24,21,87.5
271,14,November,19,16,84.21
272,1,August,20,17,85.0
272,2,August,18,16,88.89
272,3,August,22,19,86.36
272,4,August,24,20,83.33
272,5,September,22,19,86.36
272,6,September,21,18,85.71
272,7,September,23,20,86.96
272,8,September,18,16,88.89
272,9,October,21,18,85.71
272,10,October,18,16,88.89
272,11,October,24,20,83.33
272,12,October,22,19,86.36
272,13,November,24,20,83.33
272,14,November,19,16,84.21
273,1,August,21,19,90.48
273,2,August,18,16,88.89
273,3,August,19,17,89.47
273,4,August,22,20,90.91
273,5,September,23,21,91.3
273,6,September,20,19,95.0
273,7,September,25,23,92.0
273,8,September,19,17,89.47
273,9,October,24,22,91.67
273,10,October,20,18,90.0
273,11,October,20,18,90.0
273,12,October,21,18,85.71
273,13,November,25,23,92.0
273,14,November,19,17,89.47
274,1,August,19,16,84.21
274,2,August,22,18,81.82
274,3,August,25,20,80.0
274,4,August,25,20,80.0
274,5,September,24,19,79.17
274,6,September,20,15,75.0
274,7,September,18,13,72.22
274,8,September,18,12,66.67
274,9,October,19,13,68.42
274,10,October,20,14,70.0
274,11,October,23,15,65.22
274,12,October,20,14,70.0
274,13,November,25,16,64.0
274,14,November,20,12,60.0
275,1,August,19,16,84.21
275,2,August,22,17,77.27
275,3,August,19,14,73.68
275,4,August,22,17,77.27
275,5,September,23,18,78.26
275,6,September,19,13,68.42
275,7,September,23,16,69.57
275,8,September,21,14,66.67
275,9,October,20,13,65.0
275,10,October,19,12,63.16
275,11,October,24,15,62.5
275,12,October,23,15,65.22
275,13,November,19,12,63.16
275,14,November,21,12,57.14
276,1,August,19,12,63.16
276,2,August,18,12,66.67
276,3,August,19,13,68.42
276,4,August,22,15,68.18
276,5,September,24,17,70.83
276,6,September,20,15,75.0
276,7,September,19,14,73.68
276,8,September,18,14,77.78
276,9,October,25,20,80.0
276,10,October,20,16,80.0
276,11,October,21,17,80.95
276,12,October,24,21,87.5
276,13,November,18,16,88.89
276,14,November,18,16,88.89
277,1,August,24,22,91.67
277,2,August,19,17,89.47
277,3,August,20,17,85.0
277,4,August,18,16,88.89
277,5,September,23,20,86.96
277,6,September,22,19,86.36
277,7,September,23,20,86.96
277,8,September,21,19,90.48
277,9,October,20,18,90.0
277,10,October,25,23,92.0
277,11,October,24,22,91.67
277,12,October,23,21,91.3
277,13,November,18,17,94.44
277,14,November,18,16,88.89
278,1,August,25,21,84.0
278,2,August,20,17,85.0
278,3,August,18,15,83.33
278,4,August,25,20,80.0
278,5,September,24,19,79.17
278,6,September,23,18,78.26
278,7,September,21,16,76.19
278,8,September,23,16,69.57
278,9,October,22,15,68.18
278,10,October,25,17,68.0
278,11,October,18,12,66.67
278,12,October,18,12,66.67
278,13,November,22,13,59.09
278,14,November,23,14,60.87
279,1,August,20,19,95.0
279,2,August,20,19,95.0
279,3,August,21,20,95.24
279,4,August,19,18,94.74
279,5,September,18,17,94.44
279,6,September,18,17,94.44
279,7,September,24,23,95.83
279,8,September,23,22,95.65
279,9,October,24,22,91.67
279,10,October,19,17,89.47
279,11,October,22,21,95.45
279,12,October,20,19,95.0
279,13,November,21,20,95.24
279,14,November,25,23,92.0
280,1,August,23,21,91.3
280,2,August,23,20,86.96
280,3,August,21,20,95.24
280,4,August,19,17,89.47
280,5,September,25,23,92.0
280,6,September,20,18,90.0
280,7,September,24,21,87.5
280,8,September,23,20,86.96
280,9,October,22,19,86.36
280,10,October,21,19,90.48
280,11,October,18,17,94.44
280,12,October,22,20,90.91
280,13,November,19,17,89.47
280,14,November,21,19,90.48
281,1,August,25,22,88.0
281,2,August,25,22,88.0
281,3,August,21,18,85.71
281,4,August,23,20,86.96
281,5,September,18,16,88.89
281,6,September,20,18,90.0
281,7,September,25,22,88.0
281,8,September,23,19,82.61
281,9,October,22,19,86.36
281,10,October,21,18,85.71
281,11,October,21,19,90.48
281,12,October,23,19,82.61
281,13,November,18,16,88.89
281,14,November,25,22,88.0
282,1,August,25,21,84.0
282,2,August,19,16,84.21
282,3,August,18,15,83.33
282,4,August,24,21,87.5
282,5,September,25,21,84.0
282,6,September,18,15,83.33
282,7,September,24,21,87.5
282,8,September,25,20,80.0
282,9,October,24,21,87.5
282,10,October,23,20,86.96
282,11,October,24,20,83.33
282,12,October,21,17,80.95
282,13,November,25,20,80.0
282,14,November,18,15,83.33
283,1,August,20,18,90.0
283,2,August,18,17,94.44
283,3,August,21,20,95.24
283,4,August,19,17,89.47
283,5,September,25,22,88.0
283,6,September,20,18,90.0
283,7,September,20,18,90.0
283,8,September,23,21,91.3
283,9,October,18,17,94.44
283,10,October,18,16,88.89
283,11,October,23,22,95.65
283,12,October,24,22,91.67
283,13,November,23,21,91.3
283,14,November,24,21,87.5
284,1,August,24,22,91.67
284,2,August,19,18,94.74
284,3,August,21,20,95.24
284,4,August,20,19,95.0
284,5,September,24,22,91.67
284,6,September,18,16,88.89
284,7,September,20,18,90.0
284,8,September,18,16,88.89
284,9,October,20,18,90.0
284,10,October,19,17,89.47
284,11,October,22,20,90.91
284,12,October,22,20,90.91
284,13,November,21,19,90.48
284,14,November,21,20,95.24
285,1,August,24,21,87.5
285,2,August,20,16,80.0
285,3,August,19,16,84.21
285,4,August,25,19,76.0
285,5,September,22,17,77.27
285,6,September,22,17,77.27
285,7,September,20,15,75.0
285,8,September,21,14,66.67
285,9,October,18,12,66.67
285,10,October,22,14,63.64
285,11,October,24,15,62.5
285,12,October,25,15,60.0
285,13,November,22,12,54.55
285,14,November,19,11,57.89
286,1,August,20,13,65.0
286,2,August,19,13,68.42
286,3,August,23,17,73.91
286,4,August,23,17,73.91
286,5,September,20,15,75.0
286,6,September,23,17,73.91
286,7,September,20,16,80.0
286,8,September,24,19,79.17
286,9,October,19,16,84.21
286,10,October,20,17,85.0
286,11,October,18,16,88.89
286,12,October,24,21,87.5
286,13,November,19,18,94.74
286,14,November,20,19,95.0
287,1,August,22,19,86.36
287,2,August,22,19,86.36
287,3,August,21,18,85.71
287,4,August,25,22,88.0
287,5,September,23,20,86.96
287,6,September,24,21,87.5
287,7,September,21,18,85.71
287,8,September,25,22,88.0
287,9,October,23,20,86.96
287,10,October,20,18,90.0
287,11,October,25,22,88.0
287,12,October,24,21,87.5
287,13,November,22,19,86.36
287,14,November,23,21,91.3
288,1,August,22,13,59.09
288,2,August,19,12,63.16
288,3,August,20,13,65.0
288,4,August,25,17,68.0
288,5,September,18,12,66.67
288,6,September,25,18,72.0
288,7,September,20,15,75.0
288,8,September,24,18,75.0
288,9,October,18,14,77.78
288,10,October,21,17,80.95
288,11,October,24,19,79.17
288,12,October,20,17,85.0
288,13,November,24,21,87.5
288,14,November,21,19,90.48
289,1,August,21,17,80.95
289,2,August,21,16,76.19
289,3,August,18,14,77.78
289,4,August,18,14,77.78
289,5,September,24,18,75.0
289,6,September,22,16,72.73
289,7,September,22,16,72.73
289,8,September,25,18,72.0
289,9,October,18,13,72.22
289,10,October,23,15,65.22
289,11,October,25,16,64.0
289,12,October,21,14,66.67
289,13,November,23,15,65.22
289,14,November,22,14,63.64
290,1,August,25,22,88.0
290,2,August,18,16,88.89
290,3,August,25,22,88.0
290,4,August,22,20,90.91
290,5,September,20,17,85.0
290,6,September,22,20,90.91
290,7,September,22,20,90.91
290,8,September,24,21,87.5
290,9,October,24,21,87.5
290,10,October,22,19,86.36
290,11,October,18,16,88.89
290,12,October,22,19,86.36
290,13,November,25,22,88.0
290,14,November,22,18,81.82
291,1,August,21,18,85.71
291,2,August,21,17,80.95
291,3,August,18,15,83.33
291,4,August,24,21,87.5
291,5,September,22,19,86.36
291,6,September,23,20,86.96
291,7,September,25,21,84.0
291,8,September,25,23,92.0
291,9,October,24,22,91.67
291,10,October,18,16,88.89
291,11,October,19,17,89.47
291,12,October,20,18,90.0
291,13,November,20,18,90.0
291,14,November,20,18,90.0
292,1,August,25,21,84.0
292,2,August,22,20,90.91
292,3,August,20,18,90.0
292,4,August,22,19,86.36
292,5,September,22,20,90.91
292,6,September,23,20,86.96
292,7,September,20,17,85.0
292,8,September,23,20,86.96
292,9,October,25,23,92.0
292,10,October,24,20,83.33
292,11,October,25,23,92.0
292,12,October,24,22,91.67
292,13,November,21,19,90.48
292,14,November,20,18,90.0
293,1,August,20,18,90.0
293,2,August,23,20,86.96
293,3,August,22,19,86.36
293,4,August,21,19,90.48
293,5,September,23,21,91.3
293,6,September,18,17,94.44
293,7,September,18,16,88.89
293,8,September,19,16,84.21
293,9,October,20,18,90.0
293,10,October,22,21,95.45
293,11,October,22,20,90.91
293,12,October,20,19,95.0
293,13,November,22,20,90.91
293,14,November,21,19,90.48
294,1,August,20,17,85.0
294,2,August,21,18,85.71
294,3,August,25,21,84.0
294,4,August,23,19,82.61
294,5,September,18,15,83.33
294,6,September,21,18,85.71
294,7,September,19,16,84.21
294,8,September,20,17,85.0
294,9,October,23,20,86.96
294,10,October,21,18,85.71
294,11,October,24,21,87.5
294,12,October,19,17,89.47
294,13,November,23,19,82.61
294,14,November,23,20,86.96
295,1,August,21,18,85.71
295,2,August,23,20,86.96
295,3,August,18,16,88.89
295,4,August,25,23,92.0
295,5,September,23,21,91.3
295,6,September,23,21,91.3
295,7,September,24,21,87.5
295,8,September,20,18,90.0
295,9,October,24,21,87.5
295,10,October,24,22,91.67
295,11,October,21,19,90.48
295,12,October,18,17,94.44
295,13,November,18,16,88.89
295,14,November,21,19,90.48
296,1,August,19,17,89.47
296,2,August,20,18,90.0
296,3,August,19,17,89.47
296,4,August,20,17,85.0
296,5,September,23,21,91.3
296,6,September,23,21,91.3
296,7,September,18,16,88.89
296,8,September,23,20,86.96
296,9,October,24,21,87.5
296,10,October,25,21,84.0
296,11,October,20,18,90.0
296,12,October,19,16,84.21
296,13,November,18,15,83.33
296,14,November,22,19,86.36
297,1,August,20,17,85.0
297,2,August,25,21,84.0
297,3,August,21,18,85.71
297,4,August,21,17,80.95
297,5,September,19,17,89.47
297,6,September,25,22,88.0
297,7,September,22,18,81.82
297,8,September,25,22,88.0
297,9,October,21,18,85.71
297,10,October,23,20,86.96
297,11,October,24,22,91.67
297,12,October,24,21,87.5
297,13,November,21,18,85.71
297,14,November,22,20,90.91
298,1,August,21,18,85.71
298,2,August,24,19,79.17
298,3,August,18,14,77.78
298,4,August,24,18,75.0
298,5,September,19,13,68.42
298,6,September,18,12,66.67
298,7,September,22,14,63.64
298,8,September,21,13,61.9
298,9,October,22,12,54.55
298,10,October,19,10,52.63
298,11,October,19,9,47.37
298,12,October,22,11,50.0
298,13,November,20,8,40.0
298,14,November,21,8,38.1
299,1,August,19,15,78.95
299,2,August,20,16,80.0
299,3,August,21,15,71.43
299,4,August,24,17,70.83
299,5,September,23,15,65.22
299,6,September,18,11,61.11
299,7,September,18,11,61.11
299,8,September,22,13,59.09
299,9,October,20,10,50.0
299,10,October,21,10,47.62
299,11,October,23,10,43.48
299,12,October,22,9,40.91
299,13,November,23,9,39.13
299,14,November,20,7,35.0
300,1,August,22,19,86.36
300,2,August,21,17,80.95
300,3,August,18,14,77.78
300,4,August,20,16,80.0
300,5,September,18,14,77.78
300,6,September,24,18,75.0
300,7,September,23,17,73.91
300,8,September,23,17,73.91
300,9,October,24,16,66.67
300,10,October,22,15,68.18
300,11,October,24,15,62.5
300,12,October,24,15,62.5
300,13,November,22,13,59.09
300,14,November,23,13,56.52
301,1,August,25,22,88.0
301,2,August,19,16,84.21
301,3,August,19,16,84.21
301,4,August,21,17,80.95
301,5,September,18,13,72.22
301,6,September,18,13,72.22
301,7,September,24,16,66.67
301,8,September,21,14,66.67
301,9,October,25,15,60.0
301,10,October,25,14,56.0
301,11,October,25,13,52.0
301,12,October,18,9,50.0
301,13,November,21,9,42.86
301,14,November,24,10,41.67
302,1,August,20,17,85.0
302,2,August,24,20,83.33
302,3,August,21,18,85.71
302,4,August,19,17,89.47
302,5,September,21,19,90.48
302,6,September,23,20,86.96
302,7,September,18,16,88.89
302,8,September,23,20,86.96
302,9,October,24,22,91.67
302,10,October,25,23,92.0
302,11,October,22,20,90.91
302,12,October,23,20,86.96
302,13,November,21,18,85.71
302,14,November,21,19,90.48
303,1,August,25,21,84.0
303,2,August,20,16,80.0
303,3,August,21,17,80.95
303,4,August,24,19,79.17
303,5,September,18,13,72.22
303,6,September,24,17,70.83
303,7,September,25,17,68.0
303,8,September,24,17,70.83
303,9,October,18,12,66.67
303,10,October,25,16,64.0
303,11,October,22,14,63.64
303,12,October,24,14,58.33
303,13,November,23,14,60.87
303,14,November,25,14,56.0
304,1,August,25,21,84.0
304,2,August,25,21,84.0
304,3,August,22,18,81.82
304,4,August,25,20,80.0
304,5,September,18,14,77.78
304,6,September,18,14,77.78
304,7,September,22,17,77.27
304,8,September,22,17,77.27
304,9,October,22,17,77.27
304,10,October,23,16,69.57
304,11,October,22,15,68.18
304,12,October,23,16,69.57
304,13,November,20,13,65.0
304,14,November,19,12,63.16
305,1,August,19,16,84.21
305,2,August,22,19,86.36
305,3,August,20,18,90.0
305,4,August,21,18,85.71
305,5,September,23,20,86.96
305,6,September,22,19,86.36
305,7,September,20,18,90.0
305,8,September,25,22,88.0
305,9,October,20,17,85.0
305,10,October,19,17,89.47
305,11,October,25,22,88.0
305,12,October,24,22,91.67
305,13,November,22,20,90.91
305,14,November,21,19,90.48
306,1,August,24,14,58.33
306,2,August,22,14,63.64
306,3,August,21,14,66.67
306,4,August,18,12,66.67
306,5,September,18,13,72.22
306,6,September,23,17,73.91
306,7,September,20,15,75.0
306,8,September,25,19,76.0
306,9,October,19,15,78.95
306,10,October,21,17,80.95
306,11,October,20,16,80.0
306,12,October,22,18,81.82
306,13,November,20,18,90.0
306,14,November,24,21,87.5
307,1,August,22,13,59.09
307,2,August,18,11,61.11
307,3,August,25,15,60.0
307,4,August,20,13,65.0
307,5,September,21,14,66.67
307,6,September,25,18,72.0
307,7,September,20,15,75.0
307,8,September,25,18,72.0
307,9,October,18,13,72.22
307,10,October,24,18,75.0
307,11,October,24,19,79.17
307,12,October,20,16,80.0
307,13,November,23,18,78.26
307,14,November,21,17,80.95
308,1,August,19,16,84.21
308,2,August,24,19,79.17
308,3,August,23,18,78.26
308,4,August,23,18,78.26
308,5,September,23,17,73.91
308,6,September,21,16,76.19
308,7,September,23,17,73.91
308,8,September,25,17,68.0
308,9,October,24,17,70.83
308,10,October,22,14,63.64
308,11,October,22,14,63.64
308,12,October,25,16,64.0
308,13,November,25,15,60.0
308,14,November,19,11,57.89
309,1,August,19,18,94.74
309,2,August,18,17,94.44
309,3,August,24,22,91.67
309,4,August,24,23,95.83
309,5,September,25,23,92.0
309,6,September,23,22,95.65
309,7,September,19,18,94.74
309,8,September,20,18,90.0
309,9,October,19,17,89.47
309,10,October,25,22,88.0
309,11,October,19,18,94.74
309,12,October,23,21,91.3
309,13,November,23,20,86.96
309,14,November,22,20,90.91
310,1,August,23,21,91.3
310,2,August,20,18,90.0
310,3,August,21,19,90.48
310,4,August,20,18,90.0
310,5,September,21,19,90.48
310,6,September,24,22,91.67
310,7,September,24,23,95.83
310,8,September,18,17,94.44
310,9,October,18,16,88.89
310,10,October,18,16,88.89
310,11,October,20,18,90.0
310,12,October,23,21,91.3
310,13,November,20,18,90.0
310,14,November,23,20,86.96
311,1,August,25,17,68.0
311,2,August,25,17,68.0
311,3,August,19,13,68.42
311,4,August,25,18,72.0
311,5,September,24,17,70.83
311,6,September,20,15,75.0
311,7,September,18,14,77.78
311,8,September,24,18,75.0
311,9,October,24,18,75.0
311,10,October,23,19,82.61
311,11,October,18,15,83.33
311,12,October,21,18,85.71
311,13,November,24,21,87.5
311,14,November,23,20,86.96
312,1,August,23,15,65.22
312,2,August,21,14,66.67
312,3,August,18,13,72.22
312,4,August,20,15,75.0
312,5,September,19,13,68.42
312,6,September,23,17,73.91
312,7,September,24,17,70.83
312,8,September,24,19,79.17
312,9,October,22,17,77.27
312,10,October,25,20,80.0
312,11,October,19,15,78.95
312,12,October,22,17,77.27
312,13,November,25,20,80.0
312,14,November,18,15,83.33
313,1,August,18,17,94.44
313,2,August,25,23,92.0
313,3,August,22,21,95.45
313,4,August,25,22,88.0
313,5,September,20,18,90.0
313,6,September,18,17,94.44
313,7,September,23,22,95.65
313,8,September,20,18,90.0
313,9,October,18,17,94.44
313,10,October,18,17,94.44
313,11,October,21,20,95.24
313,12,October,25,22,88.0
313,13,November,21,19,90.48
313,14,November,22,21,95.45
314,1,August,22,14,63.64
314,2,August,23,16,69.57
314,3,August,21,15,71.43
314,4,August,24,18,75.0
314,5,September,21,16,76.19
314,6,September,21,17,80.95
314,7,September,20,15,75.0
314,8,September,22,18,81.82
314,9,October,23,19,82.61
314,10,October,23,20,86.96
314,11,October,18,16,88.89
314,12,October,20,18,90.0
314,13,November,19,17,89.47
314,14,November,23,22,95.65
315,1,August,25,17,68.0
315,2,August,20,14,70.0
315,3,August,24,17,70.83
315,4,August,18,12,66.67
315,5,September,18,13,72.22
315,6,September,18,12,66.67
315,7,September,18,13,72.22
315,8,September,22,16,72.73
315,9,October,18,14,77.78
315,10,October,22,17,77.27
315,11,October,18,14,77.78
315,12,October,19,16,84.21
315,13,November,18,15,83.33
315,14,November,21,18,85.71
316,1,August,19,16,84.21
316,2,August,21,19,90.48
316,3,August,25,22,88.0
316,4,August,23,20,86.96
316,5,September,20,17,85.0
316,6,September,24,21,87.5
316,7,September,18,15,83.33
316,8,September,20,17,85.0
316,9,October,18,16,88.89
316,10,October,21,18,85.71
316,11,October,19,16,84.21
316,12,October,22,19,86.36
316,13,November,22,20,90.91
316,14,November,22,19,86.36
317,1,August,21,13,61.9
317,2,August,25,16,64.0
317,3,August,21,14,66.67
317,4,August,20,13,65.0
317,5,September,18,13,72.22
317,6,September,23,17,73.91
317,7,September,18,13,72.22
317,8,September,18,14,77.78
317,9,October,24,19,79.17
317,10,October,23,18,78.26
317,11,October,22,19,86.36
317,12,October,21,17,80.95
317,13,November,18,15,83.33
317,14,November,23,21,91.3
318,1,August,18,15,83.33
318,2,August,20,16,80.0
318,3,August,21,16,76.19
318,4,August,20,16,80.0
318,5,September,23,17,73.91
318,6,September,21,16,76.19
318,7,September,19,13,68.42
318,8,September,18,12,66.67
318,9,October,18,13,72.22
318,10,October,20,13,65.0
318,11,October,25,16,64.0
318,12,October,22,14,63.64
318,13,November,25,14,56.0
318,14,November,22,13,59.09
319,1,August,21,18,85.71
319,2,August,18,15,83.33
319,3,August,25,22,88.0
319,4,August,25,22,88.0
319,5,September,22,19,86.36
319,6,September,24,21,87.5
319,7,September,22,19,86.36
319,8,September,18,15,83.33
319,9,October,19,16,84.21
319,10,October,24,20,83.33
319,11,October,24,21,87.5
319,12,October,22,19,86.36
319,13,November,22,19,86.36
319,14,November,21,18,85.71
320,1,August,19,16,84.21
320,2,August,19,17,89.47
320,3,August,20,16,80.0
320,4,August,20,17,85.0
320,5,September,22,19,86.36
320,6,September,25,20,80.0
320,7,September,18,16,88.89
320,8,September,18,15,83.33
320,9,October,25,20,80.0
320,10,October,21,17,80.95
320,11,October,18,15,83.33
320,12,October,25,21,84.0
320,13,November,21,18,85.71
320,14,November,18,15,83.33
321,1,August,18,16,88.89
321,2,August,24,21,87.5
321,3,August,25,24,96.0
321,4,August,20,18,90.0
321,5,September,21,20,95.24
321,6,September,18,17,94.44
321,7,September,18,17,94.44
321,8,September,24,22,91.67
321,9,October,25,23,92.0
321,10,October,18,17,94.44
321,11,October,24,24,100.0
321,12,October,25,24,96.0
321,13,November,20,18,90.0
321,14,November,20,19,95.0
322,1,August,25,17,68.0
322,2,August,21,16,76.19
322,3,August,19,14,73.68
322,4,August,22,16,72.73
322,5,September,21,15,71.43
322,6,September,22,17,77.27
322,7,September,18,14,77.78
322,8,September,20,16,80.0
322,9,October,20,16,80.0
322,10,October,24,20,83.33
322,11,October,19,16,84.21
322,12,October,25,22,88.0
322,13,November,21,18,85.71
322,14,November,25,22,88.0
323,1,August,19,18,94.74
323,2,August,23,21,91.3
323,3,August,21,20,95.24
323,4,August,25,23,92.0
323,5,September,23,21,91.3
323,6,September,24,23,95.83
323,7,September,23,21,91.3
323,8,September,22,21,95.45
323,9,October,19,18,94.74
323,10,October,18,17,94.44
323,11,October,22,19,86.36
323,12,October,25,22,88.0
323,13,November,18,15,83.33
323,14,November,19,18,94.74
324,1,August,25,21,84.0
324,2,August,21,18,85.71
324,3,August,18,15,83.33
324,4,August,24,19,79.17
324,5,September,19,15,78.95
324,6,September,19,16,84.21
324,7,September,23,18,78.26
324,8,September,25,18,72.0
324,9,October,20,14,70.0
324,10,October,24,16,66.67
324,11,October,24,17,70.83
324,12,October,22,15,68.18
324,13,November,22,14,63.64
324,14,November,24,15,62.5
325,1,August,23,20,86.96
325,2,August,22,20,90.91
325,3,August,24,21,87.5
325,4,August,19,17,89.47
325,5,September,24,21,87.5
325,6,September,20,18,90.0
325,7,September,19,17,89.47
325,8,September,23,20,86.96
325,9,October,20,18,90.0
325,10,October,23,20,86.96
325,11,October,21,19,90.48
325,12,October,22,19,86.36
325,13,November,25,20,80.0
325,14,November,22,19,86.36
326,1,August,19,16,84.21
326,2,August,24,20,83.33
326,3,August,18,15,83.33
326,4,August,22,17,77.27
326,5,September,24,19,79.17
326,6,September,18,14,77.78
326,7,September,23,17,73.91
326,8,September,23,17,73.91
326,9,October,20,14,70.0
326,10,October,24,17,70.83
326,11,October,18,12,66.67
326,12,October,24,15,62.5
326,13,November,23,15,65.22
326,14,November,23,15,65.22
327,1,August,22,20,90.91
327,2,August,22,19,86.36
327,3,August,19,16,84.21
327,4,August,21,17,80.95
327,5,September,18,14,77.78
327,6,September,24,17,70.83
327,7,September,21,15,71.43
327,8,September,24,17,70.83
327,9,October,19,13,68.42
327,10,October,25,15,60.0
327,11,October,19,11,57.89
327,12,October,25,15,60.0
327,13,November,22,12,54.55
327,14,November,25,13,52.0
328,1,August,20,17,85.0
328,2,August,21,17,80.95
328,3,August,18,14,77.78
328,4,August,21,16,76.19
328,5,September,20,16,80.0
328,6,September,24,17,70.83
328,7,September,20,15,75.0
328,8,September,23,16,69.57
328,9,October,19,12,63.16
328,10,October,19,12,63.16
328,11,October,20,13,65.0
328,12,October,22,13,59.09
328,13,November,25,15,60.0
328,14,November,23,13,56.52
329,1,August,24,19,79.17
329,2,August,23,18,78.26
329,3,August,23,18,78.26
329,4,August,19,15,78.95
329,5,September,23,18,78.26
329,6,September,20,16,80.0
329,7,September,22,16,72.73
329,8,September,25,17,68.0
329,9,October,24,16,66.67
329,10,October,21,14,66.67
329,11,October,21,14,66.67
329,12,October,25,16,64.0
329,13,November,20,13,65.0
329,14,November,22,12,54.55
330,1,August,19,18,94.74
330,2,August,21,20,95.24
330,3,August,20,19,95.0
330,4,August,21,19,90.48
330,5,September,23,21,91.3
330,6,September,21,19,90.48
330,7,September,25,23,92.0
330,8,September,20,18,90.0
330,9,October,22,20,90.91
330,10,October,19,17,89.47
330,11,October,22,20,90.91
330,12,October,23,20,86.96
330,13,November,21,19,90.48
330,14,November,20,18,90.0
331,1,August,19,16,84.21
331,2,August,25,21,84.0
331,3,August,21,16,76.19
331,4,August,23,17,73.91
331,5,September,22,16,72.73
331,6,September,19,12,63.16
331,7,September,21,13,61.9
331,8,September,25,15,60.0
331,9,October,18,10,55.56
331,10,October,20,11,55.0
331,11,October,19,10,52.63
331,12,October,19,9,47.37
331,13,November,25,11,44.0
331,14,November,22,8,36.36
332,1,August,24,20,83.33
332,2,August,18,15,83.33
332,3,August,23,19,82.61
332,4,August,22,19,86.36
332,5,September,25,22,88.0
332,6,September,23,19,82.61
332,7,September,25,21,84.0
332,8,September,25,20,80.0
332,9,October,25,21,84.0
332,10,October,20,17,85.0
332,11,October,19,16,84.21
332,12,October,25,21,84.0
332,13,November,21,17,80.95
332,14,November,25,20,80.0
333,1,August,24,19,79.17
333,2,August,18,14,77.78
333,3,August,21,17,80.95
333,4,August,19,14,73.68
333,5,September,22,15,68.18
333,6,September,23,17,73.91
333,7,September,24,16,66.67
333,8,September,23,15,65.22
333,9,October,21,13,61.9
333,10,October,23,14,60.87
333,11,October,19,11,57.89
333,12,October,21,13,61.9
333,13,November,21,12,57.14
333,14,November,19,10,52.63
334,1,August,25,21,84.0
334,2,August,19,16,84.21
334,3,August,24,20,83.33
334,4,August,18,15,83.33
334,5,September,25,21,84.0
334,6,September,22,18,81.82
334,7,September,22,19,86.36
334,8,September,24,21,87.5
334,9,October,18,15,83.33
334,10,October,23,19,82.61
334,11,October,18,14,77.78
334,12,October,25,22,88.0
334,13,November,20,16,80.0
334,14,November,19,16,84.21
335,1,August,20,19,95.0
335,2,August,21,19,90.48
335,3,August,18,17,94.44
335,4,August,20,19,95.0
335,5,September,21,20,95.24
335,6,September,22,21,95.45
335,7,September,19,18,94.74
335,8,September,18,17,94.44
335,9,October,23,22,95.65
335,10,October,19,18,94.74
335,11,October,20,19,95.0
335,12,October,23,22,95.65
335,13,November,22,21,95.45
335,14,November,23,22,95.65
336,1,August,25,22,88.0
336,2,August,22,19,86.36
336,3,August,20,16,80.0
336,4,August,18,14,77.78
336,5,September,18,14,77.78
336,6,September,23,17,73.91
336,7,September,23,17,73.91
336,8,September,18,13,72.22
336,9,October,19,15,78.95
336,10,October,23,16,69.57
336,11,October,19,12,63.16
336,12,October,23,16,69.57
336,13,November,22,14,63.64
336,14,November,24,16,66.67
337,1,August,25,22,88.0
337,2,August,24,21,87.5
337,3,August,21,18,85.71
337,4,August,18,16,88.89
337,5,September,25,22,88.0
337,6,September,21,19,90.48
337,7,September,23,20,86.96
337,8,September,23,20,86.96
337,9,October,24,21,87.5
337,10,October,19,17,89.47
337,11,October,24,21,87.5
337,12,October,19,17,89.47
337,13,November,19,18,94.74
337,14,November,22,19,86.36
338,1,August,25,24,96.0
338,2,August,23,19,82.61
338,3,August,19,16,84.21
338,4,August,21,17,80.95
338,5,September,25,19,76.0
338,6,September,23,17,73.91
338,7,September,21,14,66.67
338,8,September,25,17,68.0
338,9,October,19,13,68.42
338,10,October,23,14,60.87
338,11,October,20,12,60.0
338,12,October,25,14,56.0
338,13,November,23,13,56.52
338,14,November,25,12,48.0
339,1,August,25,23,92.0
339,2,August,22,20,90.91
339,3,August,24,21,87.5
339,4,August,20,18,90.0
339,5,September,25,23,92.0
339,6,September,25,22,88.0
339,7,September,24,21,87.5
339,8,September,21,19,90.48
339,9,October,19,16,84.21
339,10,October,19,17,89.47
339,11,October,25,22,88.0
339,12,October,24,21,87.5
339,13,November,18,16,88.89
339,14,November,21,18,85.71
340,1,August,20,17,85.0
340,2,August,24,20,83.33
340,3,August,22,18,81.82
340,4,August,18,16,88.89
340,5,September,25,22,88.0
340,6,September,25,21,84.0
340,7,September,22,18,81.82
340,8,September,20,17,85.0
340,9,October,22,19,86.36
340,10,October,22,20,90.91
340,11,October,19,17,89.47
340,12,October,22,19,86.36
340,13,November,18,16,88.89
340,14,November,21,18,85.71
341,1,August,22,21,95.45
341,2,August,19,18,94.74
341,3,August,23,22,95.65
341,4,August,24,22,91.67
341,5,September,18,17,94.44
341,6,September,21,19,90.48
341,7,September,23,21,91.3
341,8,September,18,17,94.44
341,9,October,24,22,91.67
341,10,October,21,19,90.48
341,11,October,20,18,90.0
341,12,October,19,19,100.0
341,13,November,19,18,94.74
341,14,November,25,23,92.0
342,1,August,22,19,86.36
342,2,August,25,20,80.0
342,3,August,22,19,86.36
342,4,August,24,19,79.17
342,5,September,21,18,85.71
342,6,September,24,19,79.17
342,7,September,19,15,78.95
342,8,September,20,17,85.0
342,9,October,18,16,88.89
342,10,October,18,16,88.89
342,11,October,18,14,77.78
342,12,October,21,17,80.95
342,13,November,25,22,88.0
342,14,November,24,20,83.33
343,1,August,23,20,86.96
343,2,August,20,17,85.0
343,3,August,21,17,80.95
343,4,August,19,16,84.21
343,5,September,23,17,73.91
343,6,September,18,12,66.67
343,7,September,20,14,70.0
343,8,September,23,16,69.57
343,9,October,19,12,63.16
343,10,October,22,14,63.64
343,11,October,18,11,61.11
343,12,October,24,14,58.33
343,13,November,21,11,52.38
343,14,November,24,12,50.0
344,1,August,24,20,83.33
344,2,August,18,15,83.33
344,3,August,25,21,84.0
344,4,August,23,19,82.61
344,5,September,23,18,78.26
344,6,September,19,15,78.95
344,7,September,18,14,77.78
344,8,September,23,17,73.91
344,9,October,18,13,72.22
344,10,October,22,15,68.18
344,11,October,21,15,71.43
344,12,October,23,16,69.57
344,13,November,22,14,63.64
344,14,November,23,14,60.87
345,1,August,21,18,85.71
345,2,August,18,15,83.33
345,3,August,20,16,80.0
345,4,August,24,18,75.0
345,5,September,20,14,70.0
345,6,September,23,16,69.57
345,7,September,18,12,66.67
345,8,September,23,14,60.87
345,9,October,21,12,57.14
345,10,October,19,10,52.63
345,11,October,24,13,54.17
345,12,October,18,9,50.0
345,13,November,22,9,40.91
345,14,November,19,8,42.11
346,1,August,19,16,84.21
346,2,August,21,18,85.71
346,3,August,19,15,78.95
346,4,August,23,16,69.57
346,5,September,19,13,68.42
346,6,September,24,15,62.5
346,7,September,18,11,61.11
346,8,September,21,13,61.9
346,9,October,21,11,52.38
346,10,October,21,11,52.38
346,11,October,20,9,45.0
346,12,October,25,11,44.0
346,13,November,24,9,37.5
346,14,November,18,6,33.33
347,1,August,23,20,86.96
347,2,August,22,20,90.91
347,3,August,21,19,90.48
347,4,August,18,16,88.89
347,5,September,20,18,90.0
347,6,September,24,22,91.67
347,7,September,25,24,96.0
347,8,September,23,21,91.3
347,9,October,22,20,90.91
347,10,October,19,18,94.74
347,11,October,22,21,95.45
347,12,October,25,24,96.0
347,13,November,25,23,92.0
347,14,November,19,17,89.47
348,1,August,21,19,90.48
348,2,August,21,19,90.48
348,3,August,24,22,91.67
348,4,August,20,17,85.0
348,5,September,24,22,91.67
348,6,September,19,18,94.74
348,7,September,25,23,92.0
348,8,September,23,21,91.3
348,9,October,19,17,89.47
348,10,October,22,20,90.91
348,11,October,20,18,90.0
348,12,October,18,16,88.89
348,13,November,25,23,92.0
348,14,November,21,19,90.48
349,1,August,24,20,83.33
349,2,August,18,15,83.33
349,3,August,20,15,75.0
349,4,August,19,14,73.68
349,5,September,19,14,73.68
349,6,September,24,18,75.0
349,7,September,20,15,75.0
349,8,September,20,15,75.0
349,9,October,20,15,75.0
349,10,October,19,12,63.16
349,11,October,22,15,68.18
349,12,October,24,16,66.67
349,13,November,19,12,63.16
349,14,November,22,14,63.64
350,1,August,25,23,92.0
350,2,August,24,22,91.67
350,3,August,21,20,95.24
350,4,August,23,22,95.65
350,5,September,20,18,90.0
350,6,September,19,18,94.74
350,7,September,22,21,95.45
350,8,September,22,20,90.91
350,9,October,25,24,96.0
350,10,October,24,22,91.67
350,11,October,20,19,95.0
350,12,October,18,17,94.44
350,13,November,19,18,94.74
350,14,November,20,18,90.0
351,1,August,20,17,85.0
351,2,August,18,15,83.33
351,3,August,23,19,82.61
351,4,August,22,18,81.82
351,5,September,18,14,77.78
351,6,September,18,14,77.78
351,7,September,23,17,73.91
351,8,September,18,13,72.22
351,9,October,24,16,66.67
351,10,October,18,13,72.22
351,11,October,18,12,66.67
351,12,October,19,12,63.16
351,13,November,19,12,63.16
351,14,November,20,12,60.0
352,1,August,24,22,91.67
352,2,August,19,17,89.47
352,3,August,21,19,90.48
352,4,August,20,19,95.0
352,5,September,23,21,91.3
352,6,September,19,18,94.74
352,7,September,25,24,96.0
352,8,September,18,16,88.89
352,9,October,24,22,91.67
352,10,October,21,19,90.48
352,11,October,19,17,89.47
352,12,October,23,22,95.65
352,13,November,18,17,94.44
352,14,November,20,18,90.0
353,1,August,22,18,81.82
353,2,August,18,14,77.78
353,3,August,23,18,78.26
353,4,August,22,17,77.27
353,5,September,24,19,79.17
353,6,September,23,18,78.26
353,7,September,22,16,72.73
353,8,September,20,13,65.0
353,9,October,22,15,68.18
353,10,October,23,15,65.22
353,11,October,24,16,66.67
353,12,October,19,12,63.16
353,13,November,20,13,65.0
353,14,November,25,16,64.0
354,1,August,22,20,90.91
354,2,August,24,22,91.67
354,3,August,21,18,85.71
354,4,August,20,15,75.0
354,5,September,21,18,85.71
354,6,September,19,16,84.21
354,7,September,18,14,77.78
354,8,September,20,14,70.0
354,9,October,20,14,70.0
354,10,October,21,16,76.19
354,11,October,22,16,72.73
354,12,October,19,14,73.68
354,13,November,21,15,71.43
354,14,November,19,12,63.16
355,1,August,21,13,61.9
355,2,August,23,14,60.87
355,3,August,18,11,61.11
355,4,August,19,13,68.42
355,5,September,25,17,68.0
355,6,September,23,16,69.57
355,7,September,22,16,72.73
355,8,September,23,17,73.91
355,9,October,24,17,70.83
355,10,October,20,14,70.0
355,11,October,18,14,77.78
355,12,October,19,15,78.95
355,13,November,24,19,79.17
355,14,November,25,20,80.0
356,1,August,25,21,84.0
356,2,August,18,15,83.33
356,3,August,25,21,84.0
356,4,August,22,18,81.82
356,5,September,25,19,76.0
356,6,September,18,14,77.78
356,7,September,18,13,72.22
356,8,September,20,15,75.0
356,9,October,20,15,75.0
356,10,October,21,15,71.43
356,11,October,21,15,71.43
356,12,October,18,12,66.67
356,13,November,24,15,62.5
356,14,November,21,13,61.9
357,1,August,24,19,79.17
357,2,August,23,18,78.26
357,3,August,18,13,72.22
357,4,August,21,15,71.43
357,5,September,20,14,70.0
357,6,September,22,14,63.64
357,7,September,20,12,60.0
357,8,September,25,14,56.0
357,9,October,23,13,56.52
357,10,October,22,12,54.55
357,11,October,21,10,47.62
357,12,October,24,10,41.67
357,13,November,19,8,42.11
357,14,November,22,9,40.91
358,1,August,25,22,88.0
358,2,August,19,16,84.21
358,3,August,19,15,78.95
358,4,August,23,18,78.26
358,5,September,25,19,76.0
358,6,September,24,16,66.67
358,7,September,23,15,65.22
358,8,September,23,15,65.22
358,9,October,22,13,59.09
358,10,October,23,14,60.87
358,11,October,24,14,58.33
358,12,October,18,10,55.56
358,13,November,21,11,52.38
358,14,November,19,9,47.37
359,1,August,24,16,66.67
359,2,August,23,16,69.57
359,3,August,19,13,68.42
359,4,August,25,18,72.0
359,5,September,20,15,75.0
359,6,September,20,16,80.0
359,7,September,21,17,80.95
359,8,September,24,19,79.17
359,9,October,23,19,82.61
359,10,October,25,21,84.0
359,11,October,21,19,90.48
359,12,October,20,18,90.0
359,13,November,20,18,90.0
359,14,November,18,17,94.44
360,1,August,18,16,88.89
360,2,August,25,20,80.0
360,3,August,25,20,80.0
360,4,August,25,19,76.0
360,5,September,23,17,73.91
360,6,September,24,18,75.0
360,7,September,20,14,70.0
360,8,September,23,15,65.22
360,9,October,25,17,68.0
360,10,October,18,11,61.11
360,11,October,25,15,60.0
360,12,October,19,11,57.89
360,13,November,24,14,58.33
360,14,November,18,10,55.56
361,1,August,24,21,87.5
361,2,August,25,23,92.0
361,3,August,21,19,90.48
361,4,August,20,17,85.0
361,5,September,18,16,88.89
361,6,September,24,22,91.67
361,7,September,19,17,89.47
361,8,September,19,17,89.47
361,9,October,22,19,86.36
361,10,October,22,20,90.91
361,11,October,24,22,91.67
361,12,October,25,22,88.0
361,13,November,19,17,89.47
361,14,November,19,17,89.47
362,1,August,19,17,89.47
362,2,August,19,17,89.47
362,3,August,22,21,95.45
362,4,August,23,21,91.3
362,5,September,22,20,90.91
362,6,September,24,23,95.83
362,7,September,20,18,90.0
362,8,September,18,17,94.44
362,9,October,23,22,95.65
362,10,October,22,19,86.36
362,11,October,22,21,95.45
362,12,October,19,18,94.74
362,13,November,22,19,86.36
362,14,November,20,18,90.0
363,1,August,21,20,95.24
363,2,August,23,21,91.3
363,3,August,24,22,91.67
363,4,August,23,21,91.3
363,5,September,22,21,95.45
363,6,September,21,20,95.24
363,7,September,18,16,88.89
363,8,September,22,20,90.91
363,9,October,18,17,94.44
363,10,October,20,18,90.0
363,11,October,24,22,91.67
363,12,October,18,16,88.89
363,13,November,20,18,90.0
363,14,November,22,20,90.91
364,1,August,21,18,85.71
364,2,August,24,21,87.5
364,3,August,24,21,87.5
364,4,August,23,19,82.61
364,5,September,24,21,87.5
364,6,September,23,19,82.61
364,7,September,18,15,83.33
364,8,September,20,17,85.0
364,9,October,21,18,85.71
364,10,October,20,17,85.0
364,11,October,23,19,82.61
364,12,October,19,17,89.47
364,13,November,22,19,86.36
364,14,November,20,17,85.0
365,1,August,24,18,75.0
365,2,August,20,16,80.0
365,3,August,25,19,76.0
365,4,August,18,13,72.22
365,5,September,23,16,69.57
365,6,September,25,17,68.0
365,7,September,23,16,69.57
365,8,September,25,16,64.0
365,9,October,19,12,63.16
365,10,October,20,13,65.0
365,11,October,21,12,57.14
365,12,October,21,13,61.9
365,13,November,18,10,55.56
365,14,November,25,13,52.0
366,1,August,18,11,61.11
366,2,August,21,13,61.9
366,3,August,22,14,63.64
366,4,August,19,12,63.16
366,5,September,24,16,66.67
366,6,September,22,15,68.18
366,7,September,20,15,75.0
366,8,September,19,14,73.68
366,9,October,21,17,80.95
366,10,October,18,14,77.78
366,11,October,19,15,78.95
366,12,October,24,18,75.0
366,13,November,22,18,81.82
366,14,November,19,16,84.21
367,1,August,22,20,90.91
367,2,August,19,16,84.21
367,3,August,22,18,81.82
367,4,August,24,19,79.17
367,5,September,21,16,76.19
367,6,September,23,16,69.57
367,7,September,24,17,70.83
367,8,September,25,16,64.0
367,9,October,25,16,64.0
367,10,October,22,13,59.09
367,11,October,19,12,63.16
367,12,October,22,12,54.55
367,13,November,19,10,52.63
367,14,November,19,8,42.11
368,1,August,19,17,89.47
368,2,August,23,19,82.61
368,3,August,19,15,78.95
368,4,August,22,18,81.82
368,5,September,25,20,80.0
368,6,September,24,18,75.0
368,7,September,24,19,79.17
368,8,September,22,16,72.73
368,9,October,23,16,69.57
368,10,October,19,13,68.42
368,11,October,19,13,68.42
368,12,October,25,17,68.0
368,13,November,23,16,69.57
368,14,November,22,15,68.18
369,1,August,23,21,91.3
369,2,August,25,23,92.0
369,3,August,21,19,90.48
369,4,August,24,23,95.83
369,5,September,25,23,92.0
369,6,September,25,23,92.0
369,7,September,21,20,95.24
369,8,September,22,22,100.0
369,9,October,20,19,95.0
369,10,October,24,22,91.67
369,11,October,20,18,90.0
369,12,October,22,21,95.45
369,13,November,22,22,100.0
369,14,November,23,22,95.65
370,1,August,21,18,85.71
370,2,August,24,21,87.5
370,3,August,24,21,87.5
370,4,August,23,20,86.96
370,5,September,25,23,92.0
370,6,September,24,22,91.67
370,7,September,18,16,88.89
370,8,September,25,22,88.0
370,9,October,22,19,86.36
370,10,October,18,15,83.33
370,11,October,25,22,88.0
370,12,October,24,21,87.5
370,13,November,25,23,92.0
370,14,November,22,20,90.91
371,1,August,25,22,88.0
371,2,August,24,20,83.33
371,3,August,18,15,83.33
371,4,August,23,17,73.91
371,5,September,25,18,72.0
371,6,September,19,13,68.42
371,7,September,22,14,63.64
371,8,September,22,13,59.09
371,9,October,22,13,59.09
371,10,October,21,11,52.38
371,11,October,22,11,50.0
371,12,October,25,11,44.0
371,13,November,25,10,40.0
371,14,November,19,7,36.84
372,1,August,18,15,83.33
372,2,August,24,20,83.33
372,3,August,21,18,85.71
372,4,August,20,17,85.0
372,5,September,19,16,84.21
372,6,September,19,16,84.21
372,7,September,22,19,86.36
372,8,September,25,20,80.0
372,9,October,25,21,84.0
372,10,October,18,16,88.89
372,11,October,23,19,82.61
372,12,October,19,16,84.21
372,13,November,25,21,84.0
372,14,November,22,18,81.82
373,1,August,25,16,64.0
373,2,August,22,15,68.18
373,3,August,23,17,73.91
373,4,August,20,14,70.0
373,5,September,22,15,68.18
373,6,September,25,18,72.0
373,7,September,22,17,77.27
373,8,September,25,19,76.0
373,9,October,22,17,77.27
373,10,October,21,17,80.95
373,11,October,25,21,84.0
373,12,October,22,18,81.82
373,13,November,25,21,84.0
373,14,November,18,16,88.89
374,1,August,20,17,85.0
374,2,August,24,21,87.5
374,3,August,22,20,90.91
374,4,August,24,22,91.67
374,5,September,25,22,88.0
374,6,September,21,18,85.71
374,7,September,23,21,91.3
374,8,September,23,22,95.65
374,9,October,23,20,86.96
374,10,October,20,18,90.0
374,11,October,25,23,92.0
374,12,October,19,17,89.47
374,13,November,24,21,87.5
374,14,November,19,17,89.47
375,1,August,25,24,96.0
375,2,August,18,17,94.44
375,3,August,23,21,91.3
375,4,August,19,18,94.74
375,5,September,20,19,95.0
375,6,September,18,16,88.89
375,7,September,24,22,91.67
375,8,September,20,18,90.0
375,9,October,20,17,85.0
375,10,October,18,17,94.44
375,11,October,25,22,88.0
375,12,October,20,19,95.0
375,13,November,23,21,91.3
375,14,November,21,20,95.24
376,1,August,24,21,87.5
376,2,August,23,21,91.3
376,3,August,23,20,86.96
376,4,August,18,15,83.33
376,5,September,24,21,87.5
376,6,September,24,20,83.33
376,7,September,25,22,88.0
376,8,September,18,16,88.89
376,9,October,18,16,88.89
376,10,October,22,20,90.91
376,11,October,18,16,88.89
376,12,October,21,18,85.71
376,13,November,23,20,86.96
376,14,November,18,16,88.89
377,1,August,23,21,91.3
377,2,August,23,22,95.65
377,3,August,20,18,90.0
377,4,August,25,23,92.0
377,5,September,25,24,96.0
377,6,September,23,21,91.3
377,7,September,19,18,94.74
377,8,September,23,21,91.3
377,9,October,21,20,95.24
377,10,October,23,22,95.65
377,11,October,19,18,94.74
377,12,October,23,22,95.65
377,13,November,21,19,90.48
377,14,November,25,23,92.0
378,1,August,23,14,60.87
378,2,August,19,11,57.89
378,3,August,18,11,61.11
378,4,August,21,14,66.67
378,5,September,23,15,65.22
378,6,September,25,17,68.0
378,7,September,18,13,72.22
378,8,September,18,13,72.22
378,9,October,19,15,78.95
378,10,October,21,16,76.19
378,11,October,19,16,84.21
378,12,October,24,20,83.33
378,13,November,19,16,84.21
378,14,November,24,21,87.5
379,1,August,23,15,65.22
379,2,August,24,15,62.5
379,3,August,21,14,66.67
379,4,August,22,14,63.64
379,5,September,21,15,71.43
379,6,September,21,15,71.43
379,7,September,21,15,71.43
379,8,September,24,18,75.0
379,9,October,23,17,73.91
379,10,October,18,14,77.78
379,11,October,21,16,76.19
379,12,October,22,18,81.82
379,13,November,20,17,85.0
379,14,November,23,18,78.26
380,1,August,22,18,81.82
380,2,August,18,15,83.33
380,3,August,25,19,76.0
380,4,August,21,15,71.43
380,5,September,24,17,70.83
380,6,September,19,13,68.42
380,7,September,20,12,60.0
380,8,September,25,15,60.0
380,9,October,20,11,55.0
380,10,October,24,14,58.33
380,11,October,23,11,47.83
380,12,October,18,9,50.0
380,13,November,24,11,45.83
380,14,November,25,10,40.0
381,1,August,18,15,83.33
381,2,August,19,15,78.95
381,3,August,19,15,78.95
381,4,August,20,15,75.0
381,5,September,18,14,77.78
381,6,September,24,18,75.0
381,7,September,22,16,72.73
381,8,September,25,18,72.0
381,9,October,19,13,68.42
381,10,October,23,15,65.22
381,11,October,20,14,70.0
381,12,October,24,15,62.5
381,13,November,25,15,60.0
381,14,November,20,12,60.0
382,1,August,23,20,86.96
382,2,August,25,22,88.0
382,3,August,25,22,88.0
382,4,August,20,17,85.0
382,5,September,25,22,88.0
382,6,September,24,21,87.5
382,7,September,19,16,84.21
382,8,September,20,17,85.0
382,9,October,20,17,85.0
382,10,October,20,17,85.0
382,11,October,20,18,90.0
382,12,October,21,18,85.71
382,13,November,22,19,86.36
382,14,November,20,17,85.0
383,1,August,19,17,89.47
383,2,August,21,17,80.95
383,3,August,22,18,81.82
383,4,August,25,18,72.0
383,5,September,25,19,76.0
383,6,September,22,16,72.73
383,7,September,18,13,72.22
383,8,September,19,12,63.16
383,9,October,23,14,60.87
383,10,October,24,14,58.33
383,11,October,21,12,57.14
383,12,October,25,14,56.0
383,13,November,18,9,50.0
383,14,November,24,11,45.83
384,1,August,22,14,63.64
384,2,August,24,15,62.5
384,3,August,22,15,68.18
384,4,August,22,16,72.73
384,5,September,23,16,69.57
384,6,September,21,15,71.43
384,7,September,23,17,73.91
384,8,September,19,14,73.68
384,9,October,21,17,80.95
384,10,October,21,17,80.95
384,11,October,18,15,83.33
384,12,October,24,20,83.33
384,13,November,20,17,85.0
384,14,November,19,17,89.47
385,1,August,24,15,62.5
385,2,August,22,14,63.64
385,3,August,19,13,68.42
385,4,August,24,18,75.0
385,5,September,24,18,75.0
385,6,September,19,14,73.68
385,7,September,18,14,77.78
385,8,September,22,17,77.27
385,9,October,21,18,85.71
385,10,October,22,18,81.82
385,11,October,23,20,86.96
385,12,October,18,15,83.33
385,13,November,23,20,86.96
385,14,November,25,23,92.0
386,1,August,21,19,90.48
386,2,August,22,19,86.36
386,3,August,25,23,92.0
386,4,August,25,23,92.0
386,5,September,21,19,90.48
386,6,September,20,18,90.0
386,7,September,23,20,86.96
386,8,September,21,19,90.48
386,9,October,22,20,90.91
386,10,October,18,16,88.89
386,11,October,25,24,96.0
386,12,October,22,19,86.36
386,13,November,24,22,91.67
386,14,November,21,19,90.48
387,1,August,22,19,86.36
387,2,August,19,16,84.21
387,3,August,22,18,81.82
387,4,August,24,18,75.0
387,5,September,20,15,75.0
387,6,September,25,17,68.0
387,7,September,21,13,61.9
387,8,September,19,12,63.16
387,9,October,18,10,55.56
387,10,October,20,12,60.0
387,11,October,22,13,59.09
387,12,October,24,12,50.0
387,13,November,21,10,47.62
387,14,November,20,9,45.0
388,1,August,24,20,83.33
388,2,August,25,21,84.0
388,3,August,19,16,84.21
388,4,August,21,17,80.95
388,5,September,22,19,86.36
388,6,September,20,16,80.0
388,7,September,18,15,83.33
388,8,September,19,16,84.21
388,9,October,18,14,77.78
388,10,October,25,21,84.0
388,11,October,25,21,84.0
388,12,October,25,20,80.0
388,13,November,24,20,83.33
388,14,November,19,15,78.95
389,1,August,24,22,91.67
389,2,August,19,18,94.74
389,3,August,21,20,95.24
389,4,August,22,20,90.91
389,5,September,20,19,95.0
389,6,September,20,18,90.0
389,7,September,23,20,86.96
389,8,September,21,19,90.48
389,9,October,18,16,88.89
389,10,October,23,21,91.3
389,11,October,23,21,91.3
389,12,October,23,21,91.3
389,13,November,23,20,86.96
389,14,November,20,18,90.0
390,1,August,23,19,82.61
390,2,August,20,16,80.0
390,3,August,20,17,85.0
390,4,August,22,19,86.36
390,5,September,18,15,83.33
390,6,September,24,20,83.33
390,7,September,19,16,84.21
390,8,September,23,20,86.96
390,9,October,25,21,84.0
390,10,October,20,16,80.0
390,11,October,25,21,84.0
390,12,October,23,19,82.61
390,13,November,19,16,84.21
390,14,November,19,16,84.21
391,1,August,21,18,85.71
391,2,August,18,15,83.33
391,3,August,19,16,84.21
391,4,August,21,18,85.71
391,5,September,19,15,78.95
391,6,September,23,18,78.26
391,7,September,19,15,78.95
391,8,September,23,18,78.26
391,9,October,19,14,73.68
391,10,October,21,15,71.43
391,11,October,24,16,66.67
391,12,October,20,14,70.0
391,13,November,23,16,69.57
391,14,November,20,13,65.0
392,1,August,22,20,90.91
392,2,August,21,19,90.48
392,3,August,22,21,95.45
392,4,August,20,19,95.0
392,5,September,18,17,94.44
392,6,September,19,18,94.74
392,7,September,18,16,88.89
392,8,September,24,23,95.83
392,9,October,20,18,90.0
392,10,October,25,23,92.0
392,11,October,24,22,91.67
392,12,October,24,22,91.67
392,13,November,23,22,95.65
392,14,November,20,19,95.0
393,1,August,24,20,83.33
393,2,August,25,21,84.0
393,3,August,21,17,80.95
393,4,August,18,14,77.78
393,5,September,22,17,77.27
393,6,September,20,14,70.0
393,7,September,25,19,76.0
393,8,September,19,14,73.68
393,9,October,22,16,72.73
393,10,October,18,13,72.22
393,11,October,20,14,70.0
393,12,October,23,15,65.22
393,13,November,25,16,64.0
393,14,November,23,14,60.87
394,1,August,24,20,83.33
394,2,August,24,19,79.17
394,3,August,24,20,83.33
394,4,August,23,19,82.61
394,5,September,24,18,75.0
394,6,September,20,14,70.0
394,7,September,22,16,72.73
394,8,September,25,17,68.0
394,9,October,19,13,68.42
394,10,October,20,14,70.0
394,11,October,18,12,66.67
394,12,October,22,15,68.18
394,13,November,25,16,64.0
394,14,November,21,13,61.9
395,1,August,22,20,90.91
395,2,August,21,19,90.48
395,3,August,23,21,91.3
395,4,August,25,24,96.0
395,5,September,20,19,95.0
395,6,September,19,18,94.74
395,7,September,23,22,95.65
395,8,September,20,19,95.0
395,9,October,24,22,91.67
395,10,October,25,23,92.0
395,11,October,19,18,94.74
395,12,October,21,20,95.24
395,13,November,25,22,88.0
395,14,November,19,17,89.47
396,1,August,22,14,63.64
396,2,August,22,15,68.18
396,3,August,21,14,66.67
396,4,August,21,14,66.67
396,5,September,24,17,70.83
396,6,September,25,17,68.0
396,7,September,21,16,76.19
396,8,September,20,15,75.0
396,9,October,21,15,71.43
396,10,October,22,17,77.27
396,11,October,25,20,80.0
396,12,October,20,16,80.0
396,13,November,20,16,80.0
396,14,November,23,18,78.26
397,1,August,21,20,95.24
397,2,August,25,24,96.0
397,3,August,22,20,90.91
397,4,August,22,20,90.91
397,5,September,18,16,88.89
397,6,September,24,22,91.67
397,7,September,18,17,94.44
397,8,September,22,20,90.91
397,9,October,22,20,90.91
397,10,October,18,16,88.89
397,11,October,24,21,87.5
397,12,October,23,21,91.3
397,13,November,22,19,86.36
397,14,November,23,21,91.3
398,1,August,24,22,91.67
398,2,August,23,21,91.3
398,3,August,19,17,89.47
398,4,August,22,20,90.91
398,5,September,19,17,89.47
398,6,September,19,17,89.47
398,7,September,21,19,90.48
398,8,September,25,23,92.0
398,9,October,22,20,90.91
398,10,October,19,17,89.47
398,11,October,25,23,92.0
398,12,October,24,23,95.83
398,13,November,19,17,89.47
398,14,November,21,20,95.24
399,1,August,20,13,65.0
399,2,August,25,16,64.0
399,3,August,19,13,68.42
399,4,August,22,15,68.18
399,5,September,20,13,65.0
399,6,September,20,15,75.0
399,7,September,25,19,76.0
399,8,September,22,17,77.27
399,9,October,23,18,78.26
399,10,October,21,17,80.95
399,11,October,23,20,86.96
399,12,October,19,16,84.21
399,13,November,21,18,85.71
399,14,November,21,19,90.48
400,1,August,23,14,60.87
400,2,August,25,15,60.0
400,3,August,20,12,60.0
400,4,August,22,14,63.64
400,5,September,20,13,65.0
400,6,September,19,13,68.42
400,7,September,25,17,68.0
400,8,September,21,15,71.43
400,9,October,24,19,79.17
400,10,October,25,18,72.0
400,11,October,21,16,76.19
400,12,October,20,16,80.0
400,13,November,24,19,79.17
400,14,November,18,15,83.33
401,1,August,25,23,92.0
401,2,August,23,22,95.65
401,3,August,18,17,94.44
401,4,August,20,18,90.0
401,5,September,22,20,90.91
401,6,September,22,20,90.91
401,7,September,23,20,86.96
401,8,September,22,20,90.91
401,9,October,25,23,92.0
401,10,October,20,19,95.0
401,11,October,20,18,90.0
401,12,October,18,16,88.89
401,13,November,25,24,96.0
401,14,November,21,19,90.48
402,1,August,25,22,88.0
402,2,August,24,21,87.5
402,3,August,19,17,89.47
402,4,August,21,20,95.24
402,5,September,18,16,88.89
402,6,September,21,18,85.71
402,7,September,24,21,87.5
402,8,September,21,19,90.48
402,9,October,25,22,88.0
402,10,October,20,18,90.0
402,11,October,23,20,86.96
402,12,October,25,23,92.0
402,13,November,24,21,87.5
402,14,November,18,16,88.89
403,1,August,19,16,84.21
403,2,August,18,14,77.78
403,3,August,20,16,80.0
403,4,August,20,14,70.0
403,5,September,20,14,70.0
403,6,September,24,17,70.83
403,7,September,22,13,59.09
403,8,September,25,15,60.0
403,9,October,24,14,58.33
403,10,October,20,10,50.0
403,11,October,18,9,50.0
403,12,October,18,8,44.44
403,13,November,22,9,40.91
403,14,November,18,8,44.44
404,1,August,20,19,95.0
404,2,August,19,17,89.47
404,3,August,24,21,87.5
404,4,August,19,17,89.47
404,5,September,19,17,89.47
404,6,September,25,22,88.0
404,7,September,24,21,87.5
404,8,September,19,17,89.47
404,9,October,24,21,87.5
404,10,October,25,23,92.0
404,11,October,24,21,87.5
404,12,October,18,15,83.33
404,13,November,21,19,90.48
404,14,November,24,22,91.67
405,1,August,25,22,88.0
405,2,August,22,20,90.91
405,3,August,24,22,91.67
405,4,August,23,21,91.3
405,5,September,19,17,89.47
405,6,September,19,17,89.47
405,7,September,19,18,94.74
405,8,September,24,22,91.67
405,9,October,19,17,89.47
405,10,October,25,23,92.0
405,11,October,18,17,94.44
405,12,October,21,19,90.48
405,13,November,20,18,90.0
405,14,November,22,20,90.91
406,1,August,21,18,85.71
406,2,August,19,15,78.95
406,3,August,19,15,78.95
406,4,August,18,15,83.33
406,5,September,20,17,85.0
406,6,September,18,15,83.33
406,7,September,25,19,76.0
406,8,September,23,19,82.61
406,9,October,20,16,80.0
406,10,October,22,18,81.82
406,11,October,20,16,80.0
406,12,October,18,15,83.33
406,13,November,20,16,80.0
406,14,November,25,20,80.0
407,1,August,20,18,90.0
407,2,August,23,22,95.65
407,3,August,19,18,94.74
407,4,August,18,16,88.89
407,5,September,24,22,91.67
407,6,September,23,22,95.65
407,7,September,19,16,84.21
407,8,September,18,17,94.44
407,9,October,25,24,96.0
407,10,October,24,22,91.67
407,11,October,25,23,92.0
407,12,October,21,18,85.71
407,13,November,23,21,91.3
407,14,November,19,17,89.47
408,1,August,19,18,94.74
408,2,August,21,19,90.48
408,3,August,22,20,90.91
408,4,August,20,17,85.0
408,5,September,18,17,94.44
408,6,September,24,21,87.5
408,7,September,23,21,91.3
408,8,September,21,19,90.48
408,9,October,24,22,91.67
408,10,October,20,18,90.0
408,11,October,23,21,91.3
408,12,October,22,19,86.36
408,13,November,18,16,88.89
408,14,November,20,18,90.0
409,1,August,19,17,89.47
409,2,August,18,16,88.89
409,3,August,24,22,91.67
409,4,August,20,18,90.0
409,5,September,20,19,95.0
409,6,September,18,16,88.89
409,7,September,22,20,90.91
409,8,September,19,18,94.74
409,9,October,24,22,91.67
409,10,October,18,16,88.89
409,11,October,23,22,95.65
409,12,October,18,17,94.44
409,13,November,20,19,95.0
409,14,November,25,22,88.0
410,1,August,20,17,85.0
410,2,August,20,17,85.0
410,3,August,25,21,84.0
410,4,August,21,18,85.71
410,5,September,23,19,82.61
410,6,September,25,21,84.0
410,7,September,19,16,84.21
410,8,September,22,19,86.36
410,9,October,24,21,87.5
410,10,October,24,20,83.33
410,11,October,21,18,85.71
410,12,October,20,17,85.0
410,13,November,19,16,84.21
410,14,November,19,16,84.21
411,1,August,25,22,88.0
411,2,August,18,15,83.33
411,3,August,18,15,83.33
411,4,August,18,14,77.78
411,5,September,23,17,73.91
411,6,September,20,15,75.0
411,7,September,22,16,72.73
411,8,September,24,16,66.67
411,9,October,18,12,66.67
411,10,October,23,15,65.22
411,11,October,25,17,68.0
411,12,October,25,16,64.0
411,13,November,23,14,60.87
411,14,November,21,13,61.9
412,1,August,22,18,81.82
412,2,August,21,17,80.95
412,3,August,21,16,76.19
412,4,August,22,17,77.27
412,5,September,20,14,70.0
412,6,September,19,13,68.42
412,7,September,18,12,66.67
412,8,September,23,15,65.22
412,9,October,20,13,65.0
412,10,October,25,15,60.0
412,11,October,24,14,58.33
412,12,October,18,10,55.56
412,13,November,23,13,56.52
412,14,November,19,10,52.63
413,1,August,24,21,87.5
413,2,August,24,21,87.5
413,3,August,19,16,84.21
413,4,August,20,17,85.0
413,5,September,21,18,85.71
413,6,September,19,16,84.21
413,7,September,22,19,86.36
413,8,September,24,21,87.5
413,9,October,24,20,83.33
413,10,October,19,16,84.21
413,11,October,24,20,83.33
413,12,October,18,15,83.33
413,13,November,19,16,84.21
413,14,November,22,19,86.36
414,1,August,20,16,80.0
414,2,August,22,18,81.82
414,3,August,20,16,80.0
414,4,August,19,16,84.21
414,5,September,21,17,80.95
414,6,September,20,16,80.0
414,7,September,24,20,83.33
414,8,September,23,19,82.61
414,9,October,22,19,86.36
414,10,October,23,19,82.61
414,11,October,21,18,85.71
414,12,October,19,16,84.21
414,13,November,25,21,84.0
414,14,November,22,19,86.36
415,1,August,21,18,85.71
415,2,August,23,21,91.3
415,3,August,18,16,88.89
415,4,August,19,17,89.47
415,5,September,18,16,88.89
415,6,September,24,22,91.67
415,7,September,19,17,89.47
415,8,September,23,21,91.3
415,9,October,24,21,87.5
415,10,October,24,23,95.83
415,11,October,25,22,88.0
415,12,October,18,17,94.44
415,13,November,24,22,91.67
415,14,November,18,16,88.89
416,1,August,23,20,86.96
416,2,August,25,21,84.0
416,3,August,21,18,85.71
416,4,August,23,20,86.96
416,5,September,23,19,82.61
416,6,September,22,18,81.82
416,7,September,20,17,85.0
416,8,September,24,21,87.5
416,9,October,18,15,83.33
416,10,October,20,17,85.0
416,11,October,21,18,85.71
416,12,October,20,17,85.0
416,13,November,24,20,83.33
416,14,November,20,17,85.0
417,1,August,24,22,91.67
417,2,August,20,18,90.0
417,3,August,24,22,91.67
417,4,August,19,17,89.47
417,5,September,23,21,91.3
417,6,September,18,17,94.44
417,7,September,24,22,91.67
417,8,September,23,21,91.3
417,9,October,24,22,91.67
417,10,October,20,19,95.0
417,11,October,20,18,90.0
417,12,October,21,20,95.24
417,13,November,18,17,94.44
417,14,November,18,17,94.44
418,1,August,23,19,82.61
418,2,August,24,19,79.17
418,3,August,21,17,80.95
418,4,August,22,16,72.73
418,5,September,23,16,69.57
418,6,September,20,14,70.0
418,7,September,25,16,64.0
418,8,September,24,16,66.67
418,9,October,25,15,60.0
418,10,October,18,10,55.56
418,11,October,25,13,52.0
418,12,October,19,10,52.63
418,13,November,25,11,44.0
418,14,November,18,8,44.44
419,1,August,23,20,86.96
419,2,August,22,19,86.36
419,3,August,24,21,87.5
419,4,August,25,21,84.0
419,5,September,21,18,85.71
419,6,September,18,16,88.89
419,7,September,20,18,90.0
419,8,September,25,21,84.0
419,9,October,25,22,88.0
419,10,October,20,17,85.0
419,11,October,22,20,90.91
419,12,October,21,19,90.48
419,13,November,18,16,88.89
419,14,November,21,18,85.71
420,1,August,18,15,83.33
420,2,August,24,20,83.33
420,3,August,25,21,84.0
420,4,August,24,20,83.33
420,5,September,19,15,78.95
420,6,September,18,14,77.78
420,7,September,20,17,85.0
420,8,September,19,16,84.21
420,9,October,23,19,82.61
420,10,October,24,20,83.33
420,11,October,20,17,85.0
420,12,October,21,18,85.71
420,13,November,24,20,83.33
420,14,November,23,20,86.96
421,1,August,21,17,80.95
421,2,August,19,15,78.95
421,3,August,25,20,80.0
421,4,August,18,14,77.78
421,5,September,23,17,73.91
421,6,September,19,15,78.95
421,7,September,25,17,68.0
421,8,September,22,15,68.18
421,9,October,18,12,66.67
421,10,October,21,14,66.67
421,11,October,23,14,60.87
421,12,October,21,14,66.67
421,13,November,19,12,63.16
421,14,November,21,13,61.9
422,1,August,19,18,94.74
422,2,August,25,23,92.0
422,3,August,23,22,95.65
422,4,August,20,19,95.0
422,5,September,22,20,90.91
422,6,September,22,21,95.45
422,7,September,25,23,92.0
422,8,September,20,18,90.0
422,9,October,19,18,94.74
422,10,October,25,25,100.0
422,11,October,25,23,92.0
422,12,October,18,17,94.44
422,13,November,19,18,94.74
422,14,November,19,18,94.74
423,1,August,25,22,88.0
423,2,August,21,19,90.48
423,3,August,24,22,91.67
423,4,August,18,16,88.89
423,5,September,25,21,84.0
423,6,September,20,17,85.0
423,7,September,24,21,87.5
423,8,September,18,16,88.89
423,9,October,24,21,87.5
423,10,October,18,15,83.33
423,11,October,20,18,90.0
423,12,October,22,19,86.36
423,13,November,18,16,88.89
423,14,November,24,21,87.5
424,1,August,22,18,81.82
424,2,August,19,17,89.47
424,3,August,23,20,86.96
424,4,August,21,18,85.71
424,5,September,19,16,84.21
424,6,September,20,16,80.0
424,7,September,19,16,84.21
424,8,September,20,17,85.0
424,9,October,18,15,83.33
424,10,October,22,19,86.36
424,11,October,18,15,83.33
424,12,October,21,18,85.71
424,13,November,21,18,85.71
424,14,November,23,19,82.61
425,1,August,18,15,83.33
425,2,August,21,17,80.95
425,3,August,19,15,78.95
425,4,August,19,16,84.21
425,5,September,20,16,80.0
425,6,September,20,15,75.0
425,7,September,23,16,69.57
425,8,September,22,15,68.18
425,9,October,24,16,66.67
425,10,October,19,13,68.42
425,11,October,22,14,63.64
425,12,October,23,14,60.87
425,13,November,25,15,60.0
425,14,November,24,14,58.33
426,1,August,24,20,83.33
426,2,August,23,19,82.61
426,3,August,20,16,80.0
426,4,August,21,16,76.19
426,5,September,18,13,72.22
426,6,September,21,15,71.43
426,7,September,22,14,63.64
426,8,September,19,13,68.42
426,9,October,20,12,60.0
426,10,October,22,13,59.09
426,11,October,25,14,56.0
426,12,October,21,11,52.38
426,13,November,18,8,44.44
426,14,November,24,11,45.83
427,1,August,21,18,85.71
427,2,August,23,21,91.3
427,3,August,19,17,89.47
427,4,August,19,17,89.47
427,5,September,22,19,86.36
427,6,September,24,21,87.5
427,7,September,21,17,80.95
427,8,September,24,21,87.5
427,9,October,23,21,91.3
427,10,October,24,21,87.5
427,11,October,18,16,88.89
427,12,October,18,16,88.89
427,13,November,22,19,86.36
427,14,November,18,16,88.89
428,1,August,25,21,84.0
428,2,August,18,16,88.89
428,3,August,24,21,87.5
428,4,August,24,20,83.33
428,5,September,19,17,89.47
428,6,September,22,19,86.36
428,7,September,18,15,83.33
428,8,September,22,20,90.91
428,9,October,21,18,85.71
428,10,October,18,16,88.89
428,11,October,25,21,84.0
428,12,October,23,19,82.61
428,13,November,21,18,85.71
428,14,November,24,20,83.33
429,1,August,25,21,84.0
429,2,August,25,21,84.0
429,3,August,25,21,84.0
429,4,August,20,17,85.0
429,5,September,20,18,90.0
429,6,September,21,18,85.71
429,7,September,24,21,87.5
429,8,September,21,18,85.71
429,9,October,19,16,84.21
429,10,October,19,16,84.21
429,11,October,18,16,88.89
429,12,October,24,20,83.33
429,13,November,25,21,84.0
429,14,November,22,19,86.36
430,1,August,20,18,90.0
430,2,August,20,17,85.0
430,3,August,25,21,84.0
430,4,August,21,17,80.95
430,5,September,19,15,78.95
430,6,September,25,19,76.0
430,7,September,18,12,66.67
430,8,September,24,17,70.83
430,9,October,23,14,60.87
430,10,October,21,13,61.9
430,11,October,25,14,56.0
430,12,October,23,12,52.17
430,13,November,25,13,52.0
430,14,November,18,9,50.0
431,1,August,18,17,94.44
431,2,August,22,20,90.91
431,3,August,21,19,90.48
431,4,August,23,21,91.3
431,5,September,23,21,91.3
431,6,September,20,18,90.0
431,7,September,21,19,90.48
431,8,September,23,21,91.3
431,9,October,24,21,87.5
431,10,October,19,17,89.47
431,11,October,20,18,90.0
431,12,October,21,19,90.48
431,13,November,21,19,90.48
431,14,November,20,18,90.0
432,1,August,22,19,86.36
432,2,August,23,20,86.96
432,3,August,18,14,77.78
432,4,August,22,17,77.27
432,5,September,22,18,81.82
432,6,September,25,19,76.0
432,7,September,18,13,72.22
432,8,September,25,17,68.0
432,9,October,20,13,65.0
432,10,October,23,14,60.87
432,11,October,25,15,60.0
432,12,October,21,12,57.14
432,13,November,19,10,52.63
432,14,November,24,12,50.0
433,1,August,23,19,82.61
433,2,August,19,15,78.95
433,3,August,25,20,80.0
433,4,August,19,15,78.95
433,5,September,21,15,71.43
433,6,September,20,14,70.0
433,7,September,25,18,72.0
433,8,September,25,17,68.0
433,9,October,22,15,68.18
433,10,October,25,16,64.0
433,11,October,23,14,60.87
433,12,October,22,15,68.18
433,13,November,24,15,62.5
433,14,November,24,14,58.33
434,1,August,20,16,80.0
434,2,August,20,17,85.0
434,3,August,19,16,84.21
434,4,August,19,16,84.21
434,5,September,21,16,76.19
434,6,September,22,18,81.82
434,7,September,21,19,90.48
434,8,September,25,21,84.0
434,9,October,23,19,82.61
434,10,October,22,17,77.27
434,11,October,24,19,79.17
434,12,October,19,15,78.95
434,13,November,19,16,84.21
434,14,November,22,18,81.82
435,1,August,25,22,88.0
435,2,August,24,21,87.5
435,3,August,23,20,86.96
435,4,August,22,19,86.36
435,5,September,21,19,90.48
435,6,September,22,19,86.36
435,7,September,25,23,92.0
435,8,September,21,18,85.71
435,9,October,19,17,89.47
435,10,October,24,22,91.67
435,11,October,19,17,89.47
435,12,October,19,17,89.47
435,13,November,23,20,86.96
435,14,November,20,17,85.0
436,1,August,20,17,85.0
436,2,August,21,18,85.71
436,3,August,21,17,80.95
436,4,August,23,19,82.61
436,5,September,18,15,83.33
436,6,September,21,18,85.71
436,7,September,19,16,84.21
436,8,September,24,20,83.33
436,9,October,20,17,85.0
436,10,October,25,21,84.0
436,11,October,23,20,86.96
436,12,October,23,19,82.61
436,13,November,23,19,82.61
436,14,November,23,20,86.96
437,1,August,25,23,92.0
437,2,August,20,18,90.0
437,3,August,22,20,90.91
437,4,August,23,21,91.3
437,5,September,20,18,90.0
437,6,September,22,20,90.91
437,7,September,24,22,91.67
437,8,September,25,23,92.0
437,9,October,24,21,87.5
437,10,October,25,22,88.0
437,11,October,19,17,89.47
437,12,October,22,21,95.45
437,13,November,21,19,90.48
437,14,November,19,17,89.47
438,1,August,22,18,81.82
438,2,August,22,18,81.82
438,3,August,25,20,80.0
438,4,August,21,16,76.19
438,5,September,22,16,72.73
438,6,September,24,17,70.83
438,7,September,21,15,71.43
438,8,September,19,13,68.42
438,9,October,18,11,61.11
438,10,October,24,15,62.5
438,11,October,21,13,61.9
438,12,October,18,11,61.11
438,13,November,24,15,62.5
438,14,November,22,13,59.09
439,1,August,18,16,88.89
439,2,August,20,16,80.0
439,3,August,19,15,78.95
439,4,August,18,14,77.78
439,5,September,23,17,73.91
439,6,September,25,17,68.0
439,7,September,22,14,63.64
439,8,September,21,14,66.67
439,9,October,22,13,59.09
439,10,October,20,12,60.0
439,11,October,23,13,56.52
439,12,October,25,13,52.0
439,13,November,23,11,47.83
439,14,November,20,11,55.0
440,1,August,22,18,81.82
440,2,August,18,15,83.33
440,3,August,21,17,80.95
440,4,August,22,16,72.73
440,5,September,25,18,72.0
440,6,September,18,13,72.22
440,7,September,21,14,66.67
440,8,September,20,14,70.0
440,9,October,18,12,66.67
440,10,October,24,17,70.83
440,11,October,20,13,65.0
440,12,October,18,11,61.11
440,13,November,22,14,63.64
440,14,November,21,14,66.67
441,1,August,25,23,92.0
441,2,August,19,18,94.74
441,3,August,22,20,90.91
441,4,August,20,18,90.0
441,5,September,22,20,90.91
441,6,September,22,19,86.36
441,7,September,22,20,90.91
441,8,September,20,18,90.0
441,9,October,21,19,90.48
441,10,October,23,21,91.3
441,11,October,20,19,95.0
441,12,October,20,18,90.0
441,13,November,20,18,90.0
441,14,November,22,20,90.91
442,1,August,22,18,81.82
442,2,August,25,21,84.0
442,3,August,18,15,83.33
442,4,August,23,19,82.61
442,5,September,22,18,81.82
442,6,September,22,19,86.36
442,7,September,22,19,86.36
442,8,September,19,16,84.21
442,9,October,25,21,84.0
442,10,October,25,21,84.0
442,11,October,24,20,83.33
442,12,October,25,21,84.0
442,13,November,18,16,88.89
442,14,November,18,15,83.33
443,1,August,19,17,89.47
443,2,August,21,17,80.95
443,3,August,18,15,83.33
443,4,August,18,14,77.78
443,5,September,23,16,69.57
443,6,September,19,13,68.42
443,7,September,18,12,66.67
443,8,September,22,15,68.18
443,9,October,20,12,60.0
443,10,October,25,14,56.0
443,11,October,21,11,52.38
443,12,October,25,12,48.0
443,13,November,18,8,44.44
443,14,November,23,10,43.48
444,1,August,18,16,88.89
444,2,August,18,16,88.89
444,3,August,24,21,87.5
444,4,August,19,17,89.47
444,5,September,20,18,90.0
444,6,September,21,19,90.48
444,7,September,23,21,91.3
444,8,September,18,16,88.89
444,9,October,23,20,86.96
444,10,October,19,17,89.47
444,11,October,21,19,90.48
444,12,October,22,19,86.36
444,13,November,18,16,88.89
444,14,November,23,20,86.96
445,1,August,19,15,78.95
445,2,August,21,18,85.71
445,3,August,25,21,84.0
445,4,August,23,19,82.61
445,5,September,20,17,85.0
445,6,September,23,19,82.61
445,7,September,22,19,86.36
445,8,September,21,18,85.71
445,9,October,21,18,85.71
445,10,October,25,21,84.0
445,11,October,19,16,84.21
445,12,October,23,19,82.61
445,13,November,18,15,83.33
445,14,November,22,19,86.36
446,1,August,19,17,89.47
446,2,August,22,19,86.36
446,3,August,18,15,83.33
446,4,August,24,19,79.17
446,5,September,22,16,72.73
446,6,September,23,17,73.91
446,7,September,25,18,72.0
446,8,September,21,15,71.43
446,9,October,23,16,69.57
446,10,October,24,15,62.5
446,11,October,22,13,59.09
446,12,October,18,11,61.11
446,13,November,21,12,57.14
446,14,November,22,12,54.55
447,1,August,22,19,86.36
447,2,August,18,16,88.89
447,3,August,18,16,88.89
447,4,August,23,20,86.96
447,5,September,19,18,94.74
447,6,September,18,17,94.44
447,7,September,24,22,91.67
447,8,September,25,22,88.0
447,9,October,19,18,94.74
447,10,October,22,20,90.91
447,11,October,20,19,95.0
447,12,October,22,21,95.45
447,13,November,21,19,90.48
447,14,November,21,19,90.48
448,1,August,18,15,83.33
448,2,August,24,20,83.33
448,3,August,22,18,81.82
448,4,August,22,17,77.27
448,5,September,21,16,76.19
448,6,September,19,13,68.42
448,7,September,21,15,71.43
448,8,September,23,15,65.22
448,9,October,23,15,65.22
448,10,October,21,14,66.67
448,11,October,22,14,63.64
448,12,October,19,12,63.16
448,13,November,23,13,56.52
448,14,November,24,14,58.33
449,1,August,20,18,90.0
449,2,August,22,20,90.91
449,3,August,18,16,88.89
449,4,August,20,18,90.0
449,5,September,21,19,90.48
449,6,September,18,17,94.44
449,7,September,21,19,90.48
449,8,September,21,19,90.48
449,9,October,21,18,85.71
449,10,October,20,18,90.0
449,11,October,21,19,90.48
449,12,October,23,22,95.65
449,13,November,18,17,94.44
449,14,November,23,22,95.65
450,1,August,20,17,85.0
450,2,August,25,20,80.0
450,3,August,23,18,78.26
450,4,August,25,18,72.0
450,5,September,20,15,75.0
450,6,September,25,18,72.0
450,7,September,23,15,65.22
450,8,September,19,13,68.42
450,9,October,21,15,71.43
450,10,October,23,15,65.22
450,11,October,24,14,58.33
450,12,October,24,15,62.5
450,13,November,20,11,55.0
450,14,November,22,13,59.09
451,1,August,24,21,87.5
451,2,August,19,17,89.47
451,3,August,19,17,89.47
451,4,August,18,16,88.89
451,5,September,24,21,87.5
451,6,September,18,16,88.89
451,7,September,23,19,82.61
451,8,September,21,18,85.71
451,9,October,21,19,90.48
451,10,October,19,16,84.21
451,11,October,19,16,84.21
451,12,October,22,19,86.36
451,13,November,18,15,83.33
451,14,November,19,16,84.21
452,1,August,20,17,85.0
452,2,August,23,19,82.61
452,3,August,23,20,86.96
452,4,August,23,19,82.61
452,5,September,24,20,83.33
452,6,September,18,15,83.33
452,7,September,22,18,81.82
452,8,September,20,16,80.0
452,9,October,20,17,85.0
452,10,October,22,18,81.82
452,11,October,23,20,86.96
452,12,October,20,16,80.0
452,13,November,22,18,81.82
452,14,November,19,16,84.21
453,1,August,25,21,84.0
453,2,August,18,15,83.33
453,3,August,22,17,77.27
453,4,August,19,15,78.95
453,5,September,22,17,77.27
453,6,September,21,16,76.19
453,7,September,25,19,76.0
453,8,September,20,14,70.0
453,9,October,23,15,65.22
453,10,October,20,14,70.0
453,11,October,18,11,61.11
453,12,October,21,13,61.9
453,13,November,19,11,57.89
453,14,November,24,13,54.17
454,1,August,21,20,95.24
454,2,August,21,19,90.48
454,3,August,24,22,91.67
454,4,August,21,20,95.24
454,5,September,24,22,91.67
454,6,September,19,17,89.47
454,7,September,23,21,91.3
454,8,September,20,19,95.0
454,9,October,19,18,94.74
454,10,October,20,18,90.0
454,11,October,25,24,96.0
454,12,October,22,21,95.45
454,13,November,24,22,91.67
454,14,November,21,18,85.71
455,1,August,22,20,90.91
455,2,August,21,19,90.48
455,3,August,23,21,91.3
455,4,August,25,24,96.0
455,5,September,24,22,91.67
455,6,September,22,21,95.45
455,7,September,21,19,90.48
455,8,September,19,18,94.74
455,9,October,18,17,94.44
455,10,October,19,17,89.47
455,11,October,19,18,94.74
455,12,October,18,17,94.44
455,13,November,24,23,95.83
455,14,November,22,21,95.45
456,1,August,19,17,89.47
456,2,August,22,20,90.91
456,3,August,24,22,91.67
456,4,August,19,18,94.74
456,5,September,23,21,91.3
456,6,September,19,17,89.47
456,7,September,22,20,90.91
456,8,September,24,22,91.67
456,9,October,18,16,88.89
456,10,October,24,22,91.67
456,11,October,25,23,92.0
456,12,October,20,18,90.0
456,13,November,20,18,90.0
456,14,November,19,17,89.47
457,1,August,20,18,90.0
457,2,August,22,20,90.91
457,3,August,21,19,90.48
457,4,August,18,17,94.44
457,5,September,22,20,90.91
457,6,September,20,18,90.0
457,7,September,23,21,91.3
457,8,September,23,20,86.96
457,9,October,20,18,90.0
457,10,October,21,18,85.71
457,11,October,22,20,90.91
457,12,October,22,20,90.91
457,13,November,22,20,90.91
457,14,November,22,20,90.91
458,1,August,18,13,72.22
458,2,August,23,16,69.57
458,3,August,25,18,72.0
458,4,August,18,13,72.22
458,5,September,25,19,76.0
458,6,September,20,15,75.0
458,7,September,18,14,77.78
458,8,September,18,15,83.33
458,9,October,25,21,84.0
458,10,October,23,19,82.61
458,11,October,22,20,90.91
458,12,October,21,19,90.48
458,13,November,18,16,88.89
458,14,November,18,18,100.0
459,1,August,24,20,83.33
459,2,August,18,15,83.33
459,3,August,24,19,79.17
459,4,August,24,18,75.0
459,5,September,24,18,75.0
459,6,September,19,13,68.42
459,7,September,20,12,60.0
459,8,September,23,14,60.87
459,9,October,25,14,56.0
459,10,October,21,11,52.38
459,11,October,22,10,45.45
459,12,October,23,10,43.48
459,13,November,25,11,44.0
459,14,November,25,9,36.0
460,1,August,24,19,79.17
460,2,August,20,16,80.0
460,3,August,23,18,78.26
460,4,August,24,18,75.0
460,5,September,20,15,75.0
460,6,September,18,14,77.78
460,7,September,19,13,68.42
460,8,September,23,16,69.57
460,9,October,24,17,70.83
460,10,October,18,12,66.67
460,11,October,21,13,61.9
460,12,October,23,15,65.22
460,13,November,20,13,65.0
460,14,November,21,13,61.9
461,1,August,23,18,78.26
461,2,August,22,18,81.82
461,3,August,23,18,78.26
461,4,August,21,15,71.43
461,5,September,21,16,76.19
461,6,September,18,14,77.78
461,7,September,25,18,72.0
461,8,September,24,17,70.83
461,9,October,18,12,66.67
461,10,October,21,14,66.67
461,11,October,22,14,63.64
461,12,October,19,12,63.16
461,13,November,19,12,63.16
461,14,November,19,11,57.89
462,1,August,25,21,84.0
462,2,August,22,18,81.82
462,3,August,25,22,88.0
462,4,August,18,15,83.33
462,5,September,19,16,84.21
462,6,September,23,19,82.61
462,7,September,25,21,84.0
462,8,September,22,18,81.82
462,9,October,19,16,84.21
462,10,October,19,17,89.47
462,11,October,22,18,81.82
462,12,October,25,21,84.0
462,13,November,18,16,88.89
462,14,November,19,16,84.21
463,1,August,24,22,91.67
463,2,August,19,17,89.47
463,3,August,18,16,88.89
463,4,August,21,19,90.48
463,5,September,19,17,89.47
463,6,September,20,17,85.0
463,7,September,20,18,90.0
463,8,September,23,20,86.96
463,9,October,18,16,88.89
463,10,October,18,15,83.33
463,11,October,21,18,85.71
463,12,October,24,21,87.5
463,13,November,21,18,85.71
463,14,November,18,16,88.89
464,1,August,22,19,86.36
464,2,August,22,19,86.36
464,3,August,25,22,88.0
464,4,August,18,16,88.89
464,5,September,21,18,85.71
464,6,September,20,18,90.0
464,7,September,25,23,92.0
464,8,September,23,20,86.96
464,9,October,22,19,86.36
464,10,October,19,16,84.21
464,11,October,21,19,90.48
464,12,October,25,22,88.0
464,13,November,23,20,86.96
464,14,November,25,23,92.0
465,1,August,23,18,78.26
465,2,August,21,17,80.95
465,3,August,18,14,77.78
465,4,August,21,17,80.95
465,5,September,18,14,77.78
465,6,September,22,17,77.27
465,7,September,18,13,72.22
465,8,September,20,15,75.0
465,9,October,21,15,71.43
465,10,October,22,15,68.18
465,11,October,25,16,64.0
465,12,October,24,16,66.67
465,13,November,24,16,66.67
465,14,November,23,13,56.52
466,1,August,24,21,87.5
466,2,August,21,17,80.95
466,3,August,19,15,78.95
466,4,August,25,19,76.0
466,5,September,25,19,76.0
466,6,September,24,18,75.0
466,7,September,19,14,73.68
466,8,September,20,14,70.0
466,9,October,25,17,68.0
466,10,October,19,13,68.42
466,11,October,24,16,66.67
466,12,October,19,12,63.16
466,13,November,24,15,62.5
466,14,November,21,13,61.9
467,1,August,21,18,85.71
467,2,August,24,21,87.5
467,3,August,23,19,82.61
467,4,August,22,18,81.82
467,5,September,24,20,83.33
467,6,September,20,15,75.0
467,7,September,23,18,78.26
467,8,September,23,17,73.91
467,9,October,19,14,73.68
467,10,October,18,13,72.22
467,11,October,23,16,69.57
467,12,October,24,16,66.67
467,13,November,23,15,65.22
467,14,November,22,14,63.64
468,1,August,23,20,86.96
468,2,August,25,21,84.0
468,3,August,18,15,83.33
468,4,August,19,16,84.21
468,5,September,23,18,78.26
468,6,September,24,21,87.5
468,7,September,18,15,83.33
468,8,September,20,16,80.0
468,9,October,18,15,83.33
468,10,October,23,20,86.96
468,11,October,19,16,84.21
468,12,October,25,21,84.0
468,13,November,18,15,83.33
468,14,November,23,20,86.96
469,1,August,19,16,84.21
469,2,August,21,18,85.71
469,3,August,22,19,86.36
469,4,August,25,21,84.0
469,5,September,25,22,88.0
469,6,September,20,17,85.0
469,7,September,18,16,88.89
469,8,September,23,19,82.61
469,9,October,23,20,86.96
469,10,October,25,21,84.0
469,11,October,25,20,80.0
469,12,October,19,16,84.21
469,13,November,23,19,82.61
469,14,November,23,19,82.61
470,1,August,25,20,80.0
470,2,August,22,19,86.36
470,3,August,23,19,82.61
470,4,August,22,17,77.27
470,5,September,25,19,76.0
470,6,September,24,18,75.0
470,7,September,21,15,71.43
470,8,September,23,16,69.57
470,9,October,21,14,66.67
470,10,October,21,13,61.9
470,11,October,21,14,66.67
470,12,October,19,12,63.16
470,13,November,19,11,57.89
470,14,November,23,14,60.87
471,1,August,24,15,62.5
471,2,August,20,13,65.0
471,3,August,20,14,70.0
471,4,August,21,14,66.67
471,5,September,19,13,68.42
471,6,September,18,13,72.22
471,7,September,18,13,72.22
471,8,September,18,13,72.22
471,9,October,25,19,76.0
471,10,October,23,17,73.91
471,11,October,21,16,76.19
471,12,October,19,15,78.95
471,13,November,25,21,84.0
471,14,November,25,20,80.0
472,1,August,24,15,62.5
472,2,August,25,15,60.0
472,3,August,23,15,65.22
472,4,August,22,15,68.18
472,5,September,23,16,69.57
472,6,September,24,17,70.83
472,7,September,19,14,73.68
472,8,September,20,15,75.0
472,9,October,22,17,77.27
472,10,October,22,17,77.27
472,11,October,18,16,88.89
472,12,October,24,20,83.33
472,13,November,22,18,81.82
472,14,November,21,18,85.71
473,1,August,24,22,91.67
473,2,August,23,21,91.3
473,3,August,18,16,88.89
473,4,August,18,16,88.89
473,5,September,22,20,90.91
473,6,September,22,20,90.91
473,7,September,19,17,89.47
473,8,September,18,16,88.89
473,9,October,25,23,92.0
473,10,October,20,17,85.0
473,11,October,23,21,91.3
473,12,October,24,21,87.5
473,13,November,23,21,91.3
473,14,November,22,21,95.45
474,1,August,24,21,87.5
474,2,August,24,21,87.5
474,3,August,19,16,84.21
474,4,August,23,19,82.61
474,5,September,25,22,88.0
474,6,September,18,16,88.89
474,7,September,23,21,91.3
474,8,September,24,21,87.5
474,9,October,20,17,85.0
474,10,October,23,20,86.96
474,11,October,22,19,86.36
474,12,October,18,16,88.89
474,13,November,18,16,88.89
474,14,November,19,16,84.21
475,1,August,22,20,90.91
475,2,August,23,22,95.65
475,3,August,24,23,95.83
475,4,August,20,18,90.0
475,5,September,25,23,92.0
475,6,September,25,24,96.0
475,7,September,25,23,92.0
475,8,September,22,20,90.91
475,9,October,23,22,95.65
475,10,October,23,22,95.65
475,11,October,21,20,95.24
475,12,October,24,23,95.83
475,13,November,22,21,95.45
475,14,November,19,18,94.74
476,1,August,25,21,84.0
476,2,August,20,17,85.0
476,3,August,23,19,82.61
476,4,August,20,16,80.0
476,5,September,25,21,84.0
476,6,September,22,18,81.82
476,7,September,23,19,82.61
476,8,September,19,16,84.21
476,9,October,22,18,81.82
476,10,October,21,18,85.71
476,11,October,23,20,86.96
476,12,October,22,19,86.36
476,13,November,25,21,84.0
476,14,November,19,16,84.21
477,1,August,19,12,63.16
477,2,August,22,13,59.09
477,3,August,24,15,62.5
477,4,August,19,12,63.16
477,5,September,23,16,69.57
477,6,September,25,17,68.0
477,7,September,21,15,71.43
477,8,September,19,14,73.68
477,9,October,19,14,73.68
477,10,October,18,14,77.78
477,11,October,21,16,76.19
477,12,October,20,16,80.0
477,13,November,19,16,84.21
477,14,November,19,17,89.47
478,1,August,20,17,85.0
478,2,August,20,16,80.0
478,3,August,18,14,77.78
478,4,August,24,19,79.17
478,5,September,25,19,76.0
478,6,September,25,19,76.0
478,7,September,21,15,71.43
478,8,September,24,16,66.67
478,9,October,19,13,68.42
478,10,October,22,14,63.64
478,11,October,18,12,66.67
478,12,October,22,15,68.18
478,13,November,18,10,55.56
478,14,November,19,11,57.89
479,1,August,18,16,88.89
479,2,August,25,21,84.0
479,3,August,20,17,85.0
479,4,August,20,16,80.0
479,5,September,19,15,78.95
479,6,September,20,15,75.0
479,7,September,19,14,73.68
479,8,September,25,19,76.0
479,9,October,25,18,72.0
479,10,October,20,14,70.0
479,11,October,18,12,66.67
479,12,October,25,17,68.0
479,13,November,23,15,65.22
479,14,November,25,15,60.0
480,1,August,22,13,59.09
480,2,August,22,13,59.09
480,3,August,20,12,60.0
480,4,August,21,14,66.67
480,5,September,18,11,61.11
480,6,September,20,13,65.0
480,7,September,21,13,61.9
480,8,September,24,16,66.67
480,9,October,18,12,66.67
480,10,October,21,15,71.43
480,11,October,20,14,70.0
480,12,October,22,16,72.73
480,13,November,24,18,75.0
480,14,November,22,17,77.27
481,1,August,22,13,59.09
481,2,August,19,12,63.16
481,3,August,24,15,62.5
481,4,August,20,14,70.0
481,5,September,24,16,66.67
481,6,September,25,17,68.0
481,7,September,25,18,72.0
481,8,September,22,16,72.73
481,9,October,25,18,72.0
481,10,October,21,17,80.95
481,11,October,20,15,75.0
481,12,October,18,14,77.78
481,13,November,20,16,80.0
481,14,November,21,18,85.71
482,1,August,24,20,83.33
482,2,August,23,20,86.96
482,3,August,18,15,83.33
482,4,August,18,15,83.33
482,5,September,20,17,85.0
482,6,September,23,19,82.61
482,7,September,19,16,84.21
482,8,September,23,18,78.26
482,9,October,23,19,82.61
482,10,October,21,18,85.71
482,11,October,19,16,84.21
482,12,October,24,20,83.33
482,13,November,19,15,78.95
482,14,November,20,16,80.0
483,1,August,25,20,80.0
483,2,August,24,19,79.17
483,3,August,24,19,79.17
483,4,August,22,17,77.27
483,5,September,22,16,72.73
483,6,September,21,16,76.19
483,7,September,25,18,72.0
483,8,September,25,19,76.0
483,9,October,24,16,66.67
483,10,October,19,13,68.42
483,11,October,23,16,69.57
483,12,October,21,14,66.67
483,13,November,23,14,60.87
483,14,November,21,13,61.9
484,1,August,22,18,81.82
484,2,August,20,18,90.0
484,3,August,25,21,84.0
484,4,August,20,18,90.0
484,5,September,23,19,82.61
484,6,September,18,15,83.33
484,7,September,24,20,83.33
484,8,September,23,19,82.61
484,9,October,24,19,79.17
484,10,October,18,15,83.33
484,11,October,22,19,86.36
484,12,October,21,17,80.95
484,13,November,21,17,80.95
484,14,November,25,20,80.0
485,1,August,20,18,90.0
485,2,August,18,16,88.89
485,3,August,19,17,89.47
485,4,August,19,17,89.47
485,5,September,21,19,90.48
485,6,September,19,18,94.74
485,7,September,24,22,91.67
485,8,September,21,19,90.48
485,9,October,25,24,96.0
485,10,October,25,22,88.0
485,11,October,25,23,92.0
485,12,October,20,18,90.0
485,13,November,23,21,91.3
485,14,November,24,22,91.67
486,1,August,23,16,69.57
486,2,August,22,15,68.18
486,3,August,23,16,69.57
486,4,August,24,17,70.83
486,5,September,25,18,72.0
486,6,September,23,16,69.57
486,7,September,21,15,71.43
486,8,September,21,16,76.19
486,9,October,18,14,77.78
486,10,October,21,17,80.95
486,11,October,18,15,83.33
486,12,October,19,15,78.95
486,13,November,22,18,81.82
486,14,November,20,17,85.0
487,1,August,21,14,66.67
487,2,August,22,14,63.64
487,3,August,22,15,68.18
487,4,August,24,17,70.83
487,5,September,24,17,70.83
487,6,September,19,14,73.68
487,7,September,19,16,84.21
487,8,September,20,16,80.0
487,9,October,21,16,76.19
487,10,October,20,16,80.0
487,11,October,24,19,79.17
487,12,October,21,17,80.95
487,13,November,25,22,88.0
487,14,November,18,15,83.33
488,1,August,21,19,90.48
488,2,August,22,20,90.91
488,3,August,21,19,90.48
488,4,August,22,19,86.36
488,5,September,24,21,87.5
488,6,September,25,22,88.0
488,7,September,24,22,91.67
488,8,September,23,20,86.96
488,9,October,22,20,90.91
488,10,October,23,20,86.96
488,11,October,25,24,96.0
488,12,October,22,20,90.91
488,13,November,18,17,94.44
488,14,November,18,16,88.89
489,1,August,24,21,87.5
489,2,August,18,15,83.33
489,3,August,24,20,83.33
489,4,August,21,17,80.95
489,5,September,19,15,78.95
489,6,September,19,14,73.68
489,7,September,19,15,78.95
489,8,September,23,17,73.91
489,9,October,19,14,73.68
489,10,October,23,17,73.91
489,11,October,21,15,71.43
489,12,October,21,14,66.67
489,13,November,23,16,69.57
489,14,November,18,12,66.67
490,1,August,18,16,88.89
490,2,August,20,17,85.0
490,3,August,22,17,77.27
490,4,August,20,15,75.0
490,5,September,24,18,75.0
490,6,September,25,20,80.0
490,7,September,19,14,73.68
490,8,September,21,15,71.43
490,9,October,18,13,72.22
490,10,October,22,16,72.73
490,11,October,25,16,64.0
490,12,October,25,15,60.0
490,13,November,18,12,66.67
490,14,November,19,12,63.16
491,1,August,24,20,83.33
491,2,August,18,15,83.33
491,3,August,24,18,75.0
491,4,August,20,14,70.0
491,5,September,18,13,72.22
491,6,September,20,14,70.0
491,7,September,21,13,61.9
491,8,September,18,10,55.56
491,9,October,19,10,52.63
491,10,October,18,9,50.0
491,11,October,24,11,45.83
491,12,October,21,9,42.86
491,13,November,22,9,40.91
491,14,November,25,9,36.0
492,1,August,23,20,86.96
492,2,August,21,18,85.71
492,3,August,19,15,78.95
492,4,August,19,15,78.95
492,5,September,20,16,80.0
492,6,September,22,17,77.27
492,7,September,25,19,76.0
492,8,September,23,16,69.57
492,9,October,24,17,70.83
492,10,October,22,15,68.18
492,11,October,24,16,66.67
492,12,October,22,13,59.09
492,13,November,24,16,66.67
492,14,November,21,13,61.9
493,1,August,25,22,88.0
493,2,August,19,16,84.21
493,3,August,20,16,80.0
493,4,August,19,15,78.95
493,5,September,20,15,75.0
493,6,September,20,15,75.0
493,7,September,23,18,78.26
493,8,September,20,15,75.0
493,9,October,18,13,72.22
493,10,October,19,13,68.42
493,11,October,19,13,68.42
493,12,October,24,16,66.67
493,13,November,18,12,66.67
493,14,November,19,12,63.16
494,1,August,19,17,89.47
494,2,August,18,16,88.89
494,3,August,23,20,86.96
494,4,August,19,16,84.21
494,5,September,23,20,86.96
494,6,September,19,17,89.47
494,7,September,24,21,87.5
494,8,September,21,19,90.48
494,9,October,23,20,86.96
494,10,October,20,18,90.0
494,11,October,23,21,91.3
494,12,October,19,17,89.47
494,13,November,22,19,86.36
494,14,November,22,20,90.91
495,1,August,21,17,80.95
495,2,August,25,21,84.0
495,3,August,23,18,78.26
495,4,August,23,16,69.57
495,5,September,25,17,68.0
495,6,September,22,14,63.64
495,7,September,20,12,60.0
495,8,September,19,11,57.89
495,9,October,24,13,54.17
495,10,October,21,11,52.38
495,11,October,21,10,47.62
495,12,October,23,10,43.48
495,13,November,25,10,40.0
495,14,November,25,9,36.0
496,1,August,25,20,80.0
496,2,August,19,15,78.95
496,3,August,24,19,79.17
496,4,August,22,17,77.27
496,5,September,22,16,72.73
496,6,September,24,18,75.0
496,7,September,24,18,75.0
496,8,September,20,14,70.0
496,9,October,22,15,68.18
496,10,October,18,12,66.67
496,11,October,18,12,66.67
496,12,October,24,16,66.67
496,13,November,19,12,63.16
496,14,November,22,14,63.64
497,1,August,23,13,56.52
497,2,August,20,12,60.0
497,3,August,20,13,65.0
497,4,August,20,13,65.0
497,5,September,25,18,72.0
497,6,September,18,12,66.67
497,7,September,19,14,73.68
497,8,September,18,13,72.22
497,9,October,19,14,73.68
497,10,October,18,13,72.22
497,11,October,25,20,80.0
497,12,October,24,19,79.17
497,13,November,19,15,78.95
497,14,November,22,18,81.82
498,1,August,24,22,91.67
498,2,August,23,19,82.61
498,3,August,20,16,80.0
498,4,August,19,15,78.95
498,5,September,21,17,80.95
498,6,September,18,14,77.78
498,7,September,18,13,72.22
498,8,September,20,15,75.0
498,9,October,24,18,75.0
498,10,October,19,14,73.68
498,11,October,18,13,72.22
498,12,October,23,16,69.57
498,13,November,25,17,68.0
498,14,November,22,14,63.64
499,1,August,24,16,66.67
499,2,August,19,13,68.42
499,3,August,21,15,71.43
499,4,August,24,17,70.83
499,5,September,23,17,73.91
499,6,September,19,15,78.95
499,7,September,20,17,85.0
499,8,September,21,17,80.95
499,9,October,25,21,84.0
499,10,October,21,18,85.71
499,11,October,19,17,89.47
499,12,October,24,23,95.83
499,13,November,18,17,94.44
499,14,November,18,17,94.44
500,1,August,25,20,80.0
500,2,August,19,15,78.95
500,3,August,21,16,76.19
500,4,August,18,14,77.78
500,5,September,20,16,80.0
500,6,September,22,17,77.27
500,7,September,25,19,76.0
500,8,September,24,17,70.83
500,9,October,25,17,68.0
500,10,October,20,13,65.0
500,11,October,18,12,66.67
500,12,October,25,15,60.0
500,13,November,20,13,65.0
500,14,November,22,14,63.64
