student_id,subject_name,exam_type,max_marks,obtained_marks,attempt_number
1,Communication Skills,TEST1,20.0,15.3,1
1,Communication Skills,TEST2,20.0,13.0,1
1,Communication Skills,MIDTERM,50.0,21.4,1
1,Communication Skills,FINAL,100.0,36.0,1
1,Mathematics,TEST1,20.0,12.0,1
1,Mathematics,TEST2,20.0,10.3,1
1,Mathematics,MIDTERM,50.0,19.3,1
1,Mathematics,FINAL,100.0,32.0,1
1,Engineering Fundamentals,TEST1,20.0,13.0,1
1,Engineering Fundamentals,TEST2,20.0,10.6,1
1,Engineering Fundamentals,MIDTERM,50.0,17.9,1
1,Engineering Fundamentals,FINAL,100.0,20.5,1
1,Electronics,TEST1,20.0,13.1,1
1,Electronics,TEST2,20.0,11.1,1
1,Electronics,MIDTERM,50.0,23.4,1
1,Electronics,FINAL,100.0,36.7,1
2,Electronics,TEST1,20.0,9.0,1
2,Electronics,TEST2,20.0,11.3,1
2,Electronics,MIDTERM,50.0,30.7,1
2,Electronics,FINAL,100.0,80.9,1
2,Mathematics,TEST1,20.0,9.1,1
2,Mathematics,TEST2,20.0,10.4,1
2,Mathematics,MIDTERM,50.0,30.0,1
2,Mathematics,FINAL,100.0,75.9,1
2,Programming,TEST1,20.0,8.6,1
2,Programming,TEST2,20.0,12.2,1
2,Programming,MIDTERM,50.0,33.0,1
2,Programming,FINAL,100.0,82.3,1
2,Data Structures,TEST1,20.0,9.0,1
2,Data Structures,TEST2,20.0,10.6,1
2,Data Structures,MIDTERM,50.0,31.5,1
2,Data Structures,FINAL,100.0,66.7,1
3,Programming,TEST1,20.0,12.2,1
3,Programming,TEST2,20.0,9.0,1
3,Programming,MIDTERM,50.0,16.8,1
3,Programming,FINAL,100.0,21.7,1
3,Mathematics,TEST1,20.0,13.3,1
3,Mathematics,TEST2,20.0,11.2,1
3,Mathematics,MIDTERM,50.0,22.4,1
3,Mathematics,FINAL,100.0,36.6,1
3,Engineering Fundamentals,TEST1,20.0,12.9,1
3,Engineering Fundamentals,TEST2,20.0,10.8,1
3,Engineering Fundamentals,MIDTERM,50.0,20.2,1
3,Engineering Fundamentals,FINAL,100.0,27.0,1
3,Electronics,TEST1,20.0,12.8,1
3,Electronics,TEST2,20.0,11.6,1
3,Electronics,MIDTERM,50.0,21.0,1
3,Electronics,FINAL,100.0,28.3,1
4,Communication Skills,TEST1,20.0,15.9,1
4,Communication Skills,TEST2,20.0,13.7,1
4,Communication Skills,MIDTERM,50.0,30.5,1
4,Communication Skills,FINAL,100.0,51.5,1
4,Mathematics,TEST1,20.0,14.8,1
4,Mathematics,TEST2,20.0,14.1,1
4,Mathematics,MIDTERM,50.0,29.2,1
4,Mathematics,FINAL,100.0,48.9,1
4,Electronics,TEST1,20.0,15.1,1
4,Electronics,TEST2,20.0,13.8,1
4,Electronics,MIDTERM,50.0,32.9,1
4,Electronics,FINAL,100.0,59.6,1
4,Data Structures,TEST1,20.0,13.3,1
4,Data Structures,TEST2,20.0,12.9,1
4,Data Structures,MIDTERM,50.0,27.3,1
4,Data Structures,FINAL,100.0,51.9,1
5,Mathematics,TEST1,20.0,17.0,1
5,Mathematics,TEST2,20.0,16.2,1
5,Mathematics,MIDTERM,50.0,44.8,1
5,Mathematics,FINAL,100.0,86.9,1
5,Engineering Fundamentals,TEST1,20.0,14.3,1
5,Engineering Fundamentals,TEST2,20.0,13.4,1
5,Engineering Fundamentals,MIDTERM,50.0,37.4,1
5,Engineering Fundamentals,FINAL,100.0,67.1,1
5,Electronics,TEST1,20.0,14.9,1
5,Electronics,TEST2,20.0,15.1,1
5,Electronics,MIDTERM,50.0,37.0,1
5,Electronics,FINAL,100.0,73.2,1
5,Data Structures,TEST1,20.0,13.2,1
5,Data Structures,TEST2,20.0,15.0,1
5,Data Structures,MIDTERM,50.0,33.1,1
5,Data Structures,FINAL,100.0,69.5,1
6,Mathematics,TEST1,20.0,15.8,1
6,Mathematics,TEST2,20.0,15.5,1
6,Mathematics,MIDTERM,50.0,39.5,1
6,Mathematics,FINAL,100.0,83.5,1
6,Data Structures,TEST1,20.0,13.9,1
6,Data Structures,TEST2,20.0,14.4,1
6,Data Structures,MIDTERM,50.0,35.5,1
6,Data Structures,FINAL,100.0,65.8,1
6,Electronics,TEST1,20.0,15.4,1
6,Electronics,TEST2,20.0,15.2,1
6,Electronics,MIDTERM,50.0,35.9,1
6,Electronics,FINAL,100.0,74.5,1
6,Programming,TEST1,20.0,15.5,1
6,Programming,TEST2,20.0,15.0,1
6,Programming,MIDTERM,50.0,37.3,1
6,Programming,FINAL,100.0,80.7,1
7,Programming,TEST1,20.0,13.8,1
7,Programming,TEST2,20.0,12.4,1
7,Programming,MIDTERM,50.0,21.4,1
7,Programming,FINAL,100.0,23.1,1
7,Electronics,TEST1,20.0,13.9,1
7,Electronics,TEST2,20.0,11.2,1
7,Electronics,MIDTERM,50.0,20.0,1
7,Electronics,FINAL,100.0,25.0,1
7,Data Structures,TEST1,20.0,12.8,1
7,Data Structures,TEST2,20.0,10.9,1
7,Data Structures,MIDTERM,50.0,20.3,1
7,Data Structures,FINAL,100.0,31.1,1
7,Engineering Fundamentals,TEST1,20.0,13.4,1
7,Engineering Fundamentals,TEST2,20.0,11.3,1
7,Engineering Fundamentals,MIDTERM,50.0,22.9,1
7,Engineering Fundamentals,FINAL,100.0,37.0,1
8,Data Structures,TEST1,20.0,13.5,1
8,Data Structures,TEST2,20.0,13.1,1
8,Data Structures,MIDTERM,50.0,20.9,1
8,Data Structures,FINAL,100.0,37.6,1
8,Electronics,TEST1,20.0,14.3,1
8,Electronics,TEST2,20.0,11.8,1
8,Electronics,MIDTERM,50.0,20.8,1
8,Electronics,FINAL,100.0,30.6,1
8,Communication Skills,TEST1,20.0,14.7,1
8,Communication Skills,TEST2,20.0,10.9,1
8,Communication Skills,MIDTERM,50.0,21.1,1
8,Communication Skills,FINAL,100.0,27.6,1
8,Programming,TEST1,20.0,14.4,1
8,Programming,TEST2,20.0,10.6,1
8,Programming,MIDTERM,50.0,20.5,1
8,Programming,FINAL,100.0,25.9,1
9,Mathematics,TEST1,20.0,13.6,1
9,Mathematics,TEST2,20.0,13.8,1
9,Mathematics,MIDTERM,50.0,33.3,1
9,Mathematics,FINAL,100.0,69.9,1
9,Communication Skills,TEST1,20.0,15.9,1
9,Communication Skills,TEST2,20.0,15.8,1
9,Communication Skills,MIDTERM,50.0,33.6,1
9,Communication Skills,FINAL,100.0,69.2,1
9,Electronics,TEST1,20.0,15.6,1
9,Electronics,TEST2,20.0,15.8,1
9,Electronics,MIDTERM,50.0,39.9,1
9,Electronics,FINAL,100.0,81.7,1
9,Engineering Fundamentals,TEST1,20.0,15.9,1
9,Engineering Fundamentals,TEST2,20.0,16.8,1
9,Engineering Fundamentals,MIDTERM,50.0,40.6,1
9,Engineering Fundamentals,FINAL,100.0,79.8,1
10,Programming,TEST1,20.0,10.1,1
10,Programming,TEST2,20.0,12.4,1
10,Programming,MIDTERM,50.0,37.1,1
10,Programming,FINAL,100.0,81.2,1
10,Electronics,TEST1,20.0,10.1,1
10,Electronics,TEST2,20.0,9.4,1
10,Electronics,MIDTERM,50.0,30.3,1
10,Electronics,FINAL,100.0,68.8,1
10,Mathematics,TEST1,20.0,9.7,1
10,Mathematics,TEST2,20.0,11.2,1
10,Mathematics,MIDTERM,50.0,34.8,1
10,Mathematics,FINAL,100.0,68.4,1
10,Data Structures,TEST1,20.0,9.5,1
10,Data Structures,TEST2,20.0,11.0,1
10,Data Structures,MIDTERM,50.0,33.0,1
10,Data Structures,FINAL,100.0,65.4,1
11,Communication Skills,TEST1,20.0,10.0,1
11,Communication Skills,TEST2,20.0,11.0,1
11,Communication Skills,MIDTERM,50.0,34.6,1
11,Communication Skills,FINAL,100.0,75.9,1
11,Engineering Fundamentals,TEST1,20.0,9.4,1
11,Engineering Fundamentals,TEST2,20.0,10.1,1
11,Engineering Fundamentals,MIDTERM,50.0,30.6,1
11,Engineering Fundamentals,FINAL,100.0,72.0,1
11,Mathematics,TEST1,20.0,8.8,1
11,Mathematics,TEST2,20.0,10.3,1
11,Mathematics,MIDTERM,50.0,29.2,1
11,Mathematics,FINAL,100.0,76.4,1
11,Electronics,TEST1,20.0,8.0,1
11,Electronics,TEST2,20.0,10.2,1
11,Electronics,MIDTERM,50.0,33.9,1
11,Electronics,FINAL,100.0,76.6,1
12,Electronics,TEST1,20.0,15.2,1
12,Electronics,TEST2,20.0,15.4,1
12,Electronics,MIDTERM,50.0,37.0,1
12,Electronics,FINAL,100.0,69.7,1
12,Engineering Fundamentals,TEST1,20.0,16.3,1
12,Engineering Fundamentals,TEST2,20.0,16.2,1
12,Engineering Fundamentals,MIDTERM,50.0,42.3,1
12,Engineering Fundamentals,FINAL,100.0,92.0,1
12,Mathematics,TEST1,20.0,14.4,1
12,Mathematics,TEST2,20.0,16.1,1
12,Mathematics,MIDTERM,50.0,40.1,1
12,Mathematics,FINAL,100.0,80.7,1
12,Communication Skills,TEST1,20.0,15.3,1
12,Communication Skills,TEST2,20.0,16.5,1
12,Communication Skills,MIDTERM,50.0,39.7,1
12,Communication Skills,FINAL,100.0,70.9,1
13,Electronics,TEST1,20.0,14.6,1
13,Electronics,TEST2,20.0,13.3,1
13,Electronics,MIDTERM,50.0,30.2,1
13,Electronics,FINAL,100.0,56.3,1
13,Programming,TEST1,20.0,15.6,1
13,Programming,TEST2,20.0,14.8,1
13,Programming,MIDTERM,50.0,31.2,1
13,Programming,FINAL,100.0,52.8,1
13,Data Structures,TEST1,20.0,14.8,1
13,Data Structures,TEST2,20.0,14.7,1
13,Data Structures,MIDTERM,50.0,29.0,1
13,Data Structures,FINAL,100.0,56.8,1
13,Engineering Fundamentals,TEST1,20.0,13.8,1
13,Engineering Fundamentals,TEST2,20.0,12.3,1
13,Engineering Fundamentals,MIDTERM,50.0,29.0,1
13,Engineering Fundamentals,FINAL,100.0,50.0,1
14,Programming,TEST1,20.0,12.1,1
14,Programming,TEST2,20.0,9.9,1
14,Programming,MIDTERM,50.0,16.2,1
14,Programming,FINAL,100.0,21.4,1
14,Electronics,TEST1,20.0,13.0,1
14,Electronics,TEST2,20.0,10.1,1
14,Electronics,MIDTERM,50.0,19.3,1
14,Electronics,FINAL,100.0,27.9,1
14,Engineering Fundamentals,TEST1,20.0,12.6,1
14,Engineering Fundamentals,TEST2,20.0,9.9,1
14,Engineering Fundamentals,MIDTERM,50.0,18.7,1
14,Engineering Fundamentals,FINAL,100.0,26.0,1
14,Communication Skills,TEST1,20.0,11.8,1
14,Communication Skills,TEST2,20.0,8.3,1
14,Communication Skills,MIDTERM,50.0,17.3,1
14,Communication Skills,FINAL,100.0,19.7,1
15,Data Structures,TEST1,20.0,11.2,1
15,Data Structures,TEST2,20.0,13.0,1
15,Data Structures,MIDTERM,50.0,36.8,1
15,Data Structures,FINAL,100.0,78.5,1
15,Engineering Fundamentals,TEST1,20.0,11.2,1
15,Engineering Fundamentals,TEST2,20.0,12.9,1
15,Engineering Fundamentals,MIDTERM,50.0,35.6,1
15,Engineering Fundamentals,FINAL,100.0,84.5,1
15,Communication Skills,TEST1,20.0,10.0,1
15,Communication Skills,TEST2,20.0,13.1,1
15,Communication Skills,MIDTERM,50.0,33.9,1
15,Communication Skills,FINAL,100.0,78.5,1
15,Electronics,TEST1,20.0,10.2,1
15,Electronics,TEST2,20.0,12.5,1
15,Electronics,MIDTERM,50.0,36.6,1
15,Electronics,FINAL,100.0,86.0,1
16,Engineering Fundamentals,TEST1,20.0,17.0,1
16,Engineering Fundamentals,TEST2,20.0,16.0,1
16,Engineering Fundamentals,MIDTERM,50.0,42.6,1
16,Engineering Fundamentals,FINAL,100.0,81.6,1
16,Electronics,TEST1,20.0,13.2,1
16,Electronics,TEST2,20.0,14.5,1
16,Electronics,MIDTERM,50.0,39.0,1
16,Electronics,FINAL,100.0,74.5,1
16,Programming,TEST1,20.0,16.5,1
16,Programming,TEST2,20.0,16.0,1
16,Programming,MIDTERM,50.0,44.5,1
16,Programming,FINAL,100.0,80.3,1
16,Mathematics,TEST1,20.0,16.5,1
16,Mathematics,TEST2,20.0,16.6,1
16,Mathematics,MIDTERM,50.0,43.7,1
16,Mathematics,FINAL,100.0,84.7,1
17,Programming,TEST1,20.0,15.1,1
17,Programming,TEST2,20.0,13.7,1
17,Programming,MIDTERM,50.0,31.2,1
17,Programming,FINAL,100.0,54.9,1
17,Data Structures,TEST1,20.0,13.7,1
17,Data Structures,TEST2,20.0,14.2,1
17,Data Structures,MIDTERM,50.0,28.8,1
17,Data Structures,FINAL,100.0,52.7,1
17,Engineering Fundamentals,TEST1,20.0,14.6,1
17,Engineering Fundamentals,TEST2,20.0,13.4,1
17,Engineering Fundamentals,MIDTERM,50.0,32.1,1
17,Engineering Fundamentals,FINAL,100.0,59.7,1
17,Electronics,TEST1,20.0,16.0,1
17,Electronics,TEST2,20.0,14.5,1
17,Electronics,MIDTERM,50.0,33.1,1
17,Electronics,FINAL,100.0,61.0,1
18,Data Structures,TEST1,20.0,14.7,1
18,Data Structures,TEST2,20.0,14.9,1
18,Data Structures,MIDTERM,50.0,36.9,1
18,Data Structures,FINAL,100.0,76.9,1
18,Communication Skills,TEST1,20.0,15.6,1
18,Communication Skills,TEST2,20.0,16.0,1
18,Communication Skills,MIDTERM,50.0,36.4,1
18,Communication Skills,FINAL,100.0,76.7,1
18,Engineering Fundamentals,TEST1,20.0,16.7,1
18,Engineering Fundamentals,TEST2,20.0,17.6,1
18,Engineering Fundamentals,MIDTERM,50.0,40.8,1
18,Engineering Fundamentals,FINAL,100.0,80.6,1
18,Programming,TEST1,20.0,16.2,1
18,Programming,TEST2,20.0,17.8,1
18,Programming,MIDTERM,50.0,41.2,1
18,Programming,FINAL,100.0,83.5,1
19,Programming,TEST1,20.0,13.6,1
19,Programming,TEST2,20.0,11.7,1
19,Programming,MIDTERM,50.0,22.4,1
19,Programming,FINAL,100.0,33.9,1
19,Engineering Fundamentals,TEST1,20.0,14.2,1
19,Engineering Fundamentals,TEST2,20.0,11.0,1
19,Engineering Fundamentals,MIDTERM,50.0,21.1,1
19,Engineering Fundamentals,FINAL,100.0,23.0,1
19,Communication Skills,TEST1,20.0,12.4,1
19,Communication Skills,TEST2,20.0,10.9,1
19,Communication Skills,MIDTERM,50.0,17.8,1
19,Communication Skills,FINAL,100.0,25.3,1
19,Data Structures,TEST1,20.0,13.1,1
19,Data Structures,TEST2,20.0,11.5,1
19,Data Structures,MIDTERM,50.0,22.7,1
19,Data Structures,FINAL,100.0,36.2,1
20,Electronics,TEST1,20.0,14.6,1
20,Electronics,TEST2,20.0,12.7,1
20,Electronics,MIDTERM,50.0,31.7,1
20,Electronics,FINAL,100.0,54.0,1
20,Programming,TEST1,20.0,15.7,1
20,Programming,TEST2,20.0,13.8,1
20,Programming,MIDTERM,50.0,32.4,1
20,Programming,FINAL,100.0,52.8,1
20,Data Structures,TEST1,20.0,15.3,1
20,Data Structures,TEST2,20.0,14.0,1
20,Data Structures,MIDTERM,50.0,31.5,1
20,Data Structures,FINAL,100.0,57.8,1
20,Communication Skills,TEST1,20.0,15.9,1
20,Communication Skills,TEST2,20.0,12.7,1
20,Communication Skills,MIDTERM,50.0,30.7,1
20,Communication Skills,FINAL,100.0,56.5,1
21,Engineering Fundamentals,TEST1,20.0,12.2,1
21,Engineering Fundamentals,TEST2,20.0,10.1,1
21,Engineering Fundamentals,MIDTERM,50.0,15.7,1
21,Engineering Fundamentals,FINAL,100.0,19.5,1
21,Mathematics,TEST1,20.0,13.8,1
21,Mathematics,TEST2,20.0,11.6,1
21,Mathematics,MIDTERM,50.0,21.1,1
21,Mathematics,FINAL,100.0,26.1,1
21,Communication Skills,TEST1,20.0,12.4,1
21,Communication Skills,TEST2,20.0,11.2,1
21,Communication Skills,MIDTERM,50.0,20.1,1
21,Communication Skills,FINAL,100.0,22.4,1
21,Programming,TEST1,20.0,13.4,1
21,Programming,TEST2,20.0,10.0,1
21,Programming,MIDTERM,50.0,19.2,1
21,Programming,FINAL,100.0,29.8,1
22,Data Structures,TEST1,20.0,10.8,1
22,Data Structures,TEST2,20.0,13.1,1
22,Data Structures,MIDTERM,50.0,38.8,1
22,Data Structures,FINAL,100.0,91.6,1
22,Communication Skills,TEST1,20.0,10.5,1
22,Communication Skills,TEST2,20.0,12.4,1
22,Communication Skills,MIDTERM,50.0,34.6,1
22,Communication Skills,FINAL,100.0,84.8,1
22,Programming,TEST1,20.0,10.3,1
22,Programming,TEST2,20.0,12.4,1
22,Programming,MIDTERM,50.0,37.1,1
22,Programming,FINAL,100.0,81.4,1
22,Mathematics,TEST1,20.0,10.4,1
22,Mathematics,TEST2,20.0,11.1,1
22,Mathematics,MIDTERM,50.0,33.7,1
22,Mathematics,FINAL,100.0,85.5,1
23,Programming,TEST1,20.0,16.6,1
23,Programming,TEST2,20.0,17.7,1
23,Programming,MIDTERM,50.0,40.6,1
23,Programming,FINAL,100.0,82.7,1
23,Electronics,TEST1,20.0,13.6,1
23,Electronics,TEST2,20.0,12.6,1
23,Electronics,MIDTERM,50.0,31.8,1
23,Electronics,FINAL,100.0,65.4,1
23,Engineering Fundamentals,TEST1,20.0,13.2,1
23,Engineering Fundamentals,TEST2,20.0,12.6,1
23,Engineering Fundamentals,MIDTERM,50.0,35.9,1
23,Engineering Fundamentals,FINAL,100.0,66.7,1
23,Mathematics,TEST1,20.0,13.9,1
23,Mathematics,TEST2,20.0,13.0,1
23,Mathematics,MIDTERM,50.0,31.8,1
23,Mathematics,FINAL,100.0,74.4,1
24,Data Structures,TEST1,20.0,14.1,1
24,Data Structures,TEST2,20.0,10.7,1
24,Data Structures,MIDTERM,50.0,23.7,1
24,Data Structures,FINAL,100.0,36.2,1
24,Engineering Fundamentals,TEST1,20.0,11.9,1
24,Engineering Fundamentals,TEST2,20.0,10.5,1
24,Engineering Fundamentals,MIDTERM,50.0,19.1,1
24,Engineering Fundamentals,FINAL,100.0,25.1,1
24,Programming,TEST1,20.0,13.0,1
24,Programming,TEST2,20.0,11.4,1
24,Programming,MIDTERM,50.0,22.4,1
24,Programming,FINAL,100.0,32.7,1
24,Electronics,TEST1,20.0,12.3,1
24,Electronics,TEST2,20.0,10.7,1
24,Electronics,MIDTERM,50.0,21.2,1
24,Electronics,FINAL,100.0,31.2,1
25,Mathematics,TEST1,20.0,12.9,1
25,Mathematics,TEST2,20.0,10.0,1
25,Mathematics,MIDTERM,50.0,18.7,1
25,Mathematics,FINAL,100.0,22.5,1
25,Electronics,TEST1,20.0,14.3,1
25,Electronics,TEST2,20.0,12.5,1
25,Electronics,MIDTERM,50.0,22.6,1
25,Electronics,FINAL,100.0,25.3,1
25,Communication Skills,TEST1,20.0,14.0,1
25,Communication Skills,TEST2,20.0,10.2,1
25,Communication Skills,MIDTERM,50.0,22.1,1
25,Communication Skills,FINAL,100.0,24.7,1
25,Programming,TEST1,20.0,13.6,1
25,Programming,TEST2,20.0,11.0,1
25,Programming,MIDTERM,50.0,20.2,1
25,Programming,FINAL,100.0,24.9,1
26,Electronics,TEST1,20.0,16.3,1
26,Electronics,TEST2,20.0,16.5,1
26,Electronics,MIDTERM,50.0,41.5,1
26,Electronics,FINAL,100.0,86.8,1
26,Programming,TEST1,20.0,17.7,1
26,Programming,TEST2,20.0,14.9,1
26,Programming,MIDTERM,50.0,36.8,1
26,Programming,FINAL,100.0,80.7,1
26,Communication Skills,TEST1,20.0,17.2,1
26,Communication Skills,TEST2,20.0,16.6,1
26,Communication Skills,MIDTERM,50.0,40.9,1
26,Communication Skills,FINAL,100.0,82.3,1
26,Data Structures,TEST1,20.0,16.7,1
26,Data Structures,TEST2,20.0,16.7,1
26,Data Structures,MIDTERM,50.0,43.0,1
26,Data Structures,FINAL,100.0,83.3,1
27,Communication Skills,TEST1,20.0,11.2,1
27,Communication Skills,TEST2,20.0,13.8,1
27,Communication Skills,MIDTERM,50.0,36.1,1
27,Communication Skills,FINAL,100.0,89.5,1
27,Electronics,TEST1,20.0,10.7,1
27,Electronics,TEST2,20.0,11.8,1
27,Electronics,MIDTERM,50.0,37.9,1
27,Electronics,FINAL,100.0,81.4,1
27,Programming,TEST1,20.0,10.2,1
27,Programming,TEST2,20.0,13.5,1
27,Programming,MIDTERM,50.0,35.9,1
27,Programming,FINAL,100.0,88.7,1
27,Engineering Fundamentals,TEST1,20.0,8.9,1
27,Engineering Fundamentals,TEST2,20.0,11.5,1
27,Engineering Fundamentals,MIDTERM,50.0,32.7,1
27,Engineering Fundamentals,FINAL,100.0,80.6,1
28,Programming,TEST1,20.0,16.4,1
28,Programming,TEST2,20.0,15.6,1
28,Programming,MIDTERM,50.0,38.5,1
28,Programming,FINAL,100.0,80.5,1
28,Engineering Fundamentals,TEST1,20.0,15.9,1
28,Engineering Fundamentals,TEST2,20.0,17.0,1
28,Engineering Fundamentals,MIDTERM,50.0,42.6,1
28,Engineering Fundamentals,FINAL,100.0,84.0,1
28,Mathematics,TEST1,20.0,17.5,1
28,Mathematics,TEST2,20.0,16.5,1
28,Mathematics,MIDTERM,50.0,44.5,1
28,Mathematics,FINAL,100.0,90.8,1
28,Electronics,TEST1,20.0,15.7,1
28,Electronics,TEST2,20.0,16.5,1
28,Electronics,MIDTERM,50.0,40.3,1
28,Electronics,FINAL,100.0,77.8,1
29,Programming,TEST1,20.0,13.5,1
29,Programming,TEST2,20.0,14.2,1
29,Programming,MIDTERM,50.0,34.5,1
29,Programming,FINAL,100.0,66.5,1
29,Electronics,TEST1,20.0,16.9,1
29,Electronics,TEST2,20.0,17.2,1
29,Electronics,MIDTERM,50.0,42.5,1
29,Electronics,FINAL,100.0,81.5,1
29,Communication Skills,TEST1,20.0,15.4,1
29,Communication Skills,TEST2,20.0,16.1,1
29,Communication Skills,MIDTERM,50.0,39.7,1
29,Communication Skills,FINAL,100.0,69.0,1
29,Mathematics,TEST1,20.0,17.1,1
29,Mathematics,TEST2,20.0,17.8,1
29,Mathematics,MIDTERM,50.0,43.6,1
29,Mathematics,FINAL,100.0,82.7,1
30,Programming,TEST1,20.0,13.8,1
30,Programming,TEST2,20.0,12.7,1
30,Programming,MIDTERM,50.0,27.1,1
30,Programming,FINAL,100.0,43.9,1
30,Electronics,TEST1,20.0,14.9,1
30,Electronics,TEST2,20.0,13.5,1
30,Electronics,MIDTERM,50.0,29.6,1
30,Electronics,FINAL,100.0,59.8,1
30,Data Structures,TEST1,20.0,14.2,1
30,Data Structures,TEST2,20.0,12.6,1
30,Data Structures,MIDTERM,50.0,32.6,1
30,Data Structures,FINAL,100.0,49.2,1
30,Communication Skills,TEST1,20.0,16.2,1
30,Communication Skills,TEST2,20.0,14.4,1
30,Communication Skills,MIDTERM,50.0,30.6,1
30,Communication Skills,FINAL,100.0,53.3,1
31,Electronics,TEST1,20.0,13.3,1
31,Electronics,TEST2,20.0,11.5,1
31,Electronics,MIDTERM,50.0,21.9,1
31,Electronics,FINAL,100.0,38.4,1
31,Engineering Fundamentals,TEST1,20.0,14.5,1
31,Engineering Fundamentals,TEST2,20.0,11.7,1
31,Engineering Fundamentals,MIDTERM,50.0,25.8,1
31,Engineering Fundamentals,FINAL,100.0,37.7,1
31,Communication Skills,TEST1,20.0,12.8,1
31,Communication Skills,TEST2,20.0,10.8,1
31,Communication Skills,MIDTERM,50.0,21.7,1
31,Communication Skills,FINAL,100.0,26.1,1
31,Data Structures,TEST1,20.0,13.1,1
31,Data Structures,TEST2,20.0,10.3,1
31,Data Structures,MIDTERM,50.0,17.1,1
31,Data Structures,FINAL,100.0,25.2,1
32,Engineering Fundamentals,TEST1,20.0,15.6,1
32,Engineering Fundamentals,TEST2,20.0,15.4,1
32,Engineering Fundamentals,MIDTERM,50.0,38.7,1
32,Engineering Fundamentals,FINAL,100.0,76.4,1
32,Programming,TEST1,20.0,15.4,1
32,Programming,TEST2,20.0,15.1,1
32,Programming,MIDTERM,50.0,39.5,1
32,Programming,FINAL,100.0,75.1,1
32,Mathematics,TEST1,20.0,13.1,1
32,Mathematics,TEST2,20.0,13.5,1
32,Mathematics,MIDTERM,50.0,33.9,1
32,Mathematics,FINAL,100.0,62.7,1
32,Electronics,TEST1,20.0,16.1,1
32,Electronics,TEST2,20.0,15.7,1
32,Electronics,MIDTERM,50.0,40.5,1
32,Electronics,FINAL,100.0,74.3,1
33,Data Structures,TEST1,20.0,14.5,1
33,Data Structures,TEST2,20.0,13.7,1
33,Data Structures,MIDTERM,50.0,40.3,1
33,Data Structures,FINAL,100.0,70.6,1
33,Programming,TEST1,20.0,13.1,1
33,Programming,TEST2,20.0,13.3,1
33,Programming,MIDTERM,50.0,34.4,1
33,Programming,FINAL,100.0,69.9,1
33,Electronics,TEST1,20.0,15.6,1
33,Electronics,TEST2,20.0,15.7,1
33,Electronics,MIDTERM,50.0,38.8,1
33,Electronics,FINAL,100.0,78.0,1
33,Communication Skills,TEST1,20.0,15.0,1
33,Communication Skills,TEST2,20.0,15.6,1
33,Communication Skills,MIDTERM,50.0,40.2,1
33,Communication Skills,FINAL,100.0,73.4,1
34,Electronics,TEST1,20.0,10.6,1
34,Electronics,TEST2,20.0,13.6,1
34,Electronics,MIDTERM,50.0,38.2,1
34,Electronics,FINAL,100.0,84.5,1
34,Mathematics,TEST1,20.0,9.4,1
34,Mathematics,TEST2,20.0,11.0,1
34,Mathematics,MIDTERM,50.0,30.5,1
34,Mathematics,FINAL,100.0,68.5,1
34,Engineering Fundamentals,TEST1,20.0,11.0,1
34,Engineering Fundamentals,TEST2,20.0,13.2,1
34,Engineering Fundamentals,MIDTERM,50.0,38.2,1
34,Engineering Fundamentals,FINAL,100.0,91.4,1
34,Communication Skills,TEST1,20.0,11.3,1
34,Communication Skills,TEST2,20.0,11.8,1
34,Communication Skills,MIDTERM,50.0,35.8,1
34,Communication Skills,FINAL,100.0,81.8,1
35,Mathematics,TEST1,20.0,10.6,1
35,Mathematics,TEST2,20.0,11.8,1
35,Mathematics,MIDTERM,50.0,33.0,1
35,Mathematics,FINAL,100.0,74.9,1
35,Communication Skills,TEST1,20.0,8.8,1
35,Communication Skills,TEST2,20.0,10.6,1
35,Communication Skills,MIDTERM,50.0,31.9,1
35,Communication Skills,FINAL,100.0,70.2,1
35,Electronics,TEST1,20.0,10.5,1
35,Electronics,TEST2,20.0,12.1,1
35,Electronics,MIDTERM,50.0,33.9,1
35,Electronics,FINAL,100.0,75.1,1
35,Data Structures,TEST1,20.0,8.8,1
35,Data Structures,TEST2,20.0,11.5,1
35,Data Structures,MIDTERM,50.0,32.0,1
35,Data Structures,FINAL,100.0,70.7,1
36,Electronics,TEST1,20.0,16.4,1
36,Electronics,TEST2,20.0,17.0,1
36,Electronics,MIDTERM,50.0,41.1,1
36,Electronics,FINAL,100.0,79.9,1
36,Programming,TEST1,20.0,17.2,1
36,Programming,TEST2,20.0,16.3,1
36,Programming,MIDTERM,50.0,39.8,1
36,Programming,FINAL,100.0,83.2,1
36,Engineering Fundamentals,TEST1,20.0,15.3,1
36,Engineering Fundamentals,TEST2,20.0,15.0,1
36,Engineering Fundamentals,MIDTERM,50.0,36.3,1
36,Engineering Fundamentals,FINAL,100.0,74.0,1
36,Communication Skills,TEST1,20.0,14.7,1
36,Communication Skills,TEST2,20.0,13.5,1
36,Communication Skills,MIDTERM,50.0,35.8,1
36,Communication Skills,FINAL,100.0,72.8,1
37,Mathematics,TEST1,20.0,17.3,1
37,Mathematics,TEST2,20.0,15.1,1
37,Mathematics,MIDTERM,50.0,40.1,1
37,Mathematics,FINAL,100.0,81.2,1
37,Electronics,TEST1,20.0,13.2,1
37,Electronics,TEST2,20.0,15.1,1
37,Electronics,MIDTERM,50.0,35.1,1
37,Electronics,FINAL,100.0,67.6,1
37,Data Structures,TEST1,20.0,16.0,1
37,Data Structures,TEST2,20.0,16.8,1
37,Data Structures,MIDTERM,50.0,40.4,1
37,Data Structures,FINAL,100.0,79.1,1
37,Engineering Fundamentals,TEST1,20.0,14.3,1
37,Engineering Fundamentals,TEST2,20.0,14.1,1
37,Engineering Fundamentals,MIDTERM,50.0,37.9,1
37,Engineering Fundamentals,FINAL,100.0,72.7,1
38,Engineering Fundamentals,TEST1,20.0,10.3,1
38,Engineering Fundamentals,TEST2,20.0,12.2,1
38,Engineering Fundamentals,MIDTERM,50.0,37.2,1
38,Engineering Fundamentals,FINAL,100.0,80.0,1
38,Mathematics,TEST1,20.0,9.1,1
38,Mathematics,TEST2,20.0,11.1,1
38,Mathematics,MIDTERM,50.0,30.7,1
38,Mathematics,FINAL,100.0,68.5,1
38,Electronics,TEST1,20.0,9.3,1
38,Electronics,TEST2,20.0,11.5,1
38,Electronics,MIDTERM,50.0,35.0,1
38,Electronics,FINAL,100.0,80.3,1
38,Communication Skills,TEST1,20.0,10.6,1
38,Communication Skills,TEST2,20.0,11.9,1
38,Communication Skills,MIDTERM,50.0,36.7,1
38,Communication Skills,FINAL,100.0,78.5,1
39,Programming,TEST1,20.0,16.9,1
39,Programming,TEST2,20.0,17.4,1
39,Programming,MIDTERM,50.0,40.9,1
39,Programming,FINAL,100.0,79.5,1
39,Data Structures,TEST1,20.0,13.6,1
39,Data Structures,TEST2,20.0,15.1,1
39,Data Structures,MIDTERM,50.0,36.7,1
39,Data Structures,FINAL,100.0,79.2,1
39,Electronics,TEST1,20.0,16.0,1
39,Electronics,TEST2,20.0,16.7,1
39,Electronics,MIDTERM,50.0,40.6,1
39,Electronics,FINAL,100.0,80.8,1
39,Mathematics,TEST1,20.0,17.6,1
39,Mathematics,TEST2,20.0,17.5,1
39,Mathematics,MIDTERM,50.0,44.0,1
39,Mathematics,FINAL,100.0,92.7,1
40,Electronics,TEST1,20.0,15.1,1
40,Electronics,TEST2,20.0,12.7,1
40,Electronics,MIDTERM,50.0,30.1,1
40,Electronics,FINAL,100.0,49.0,1
40,Engineering Fundamentals,TEST1,20.0,14.8,1
40,Engineering Fundamentals,TEST2,20.0,14.4,1
40,Engineering Fundamentals,MIDTERM,50.0,32.7,1
40,Engineering Fundamentals,FINAL,100.0,55.2,1
40,Programming,TEST1,20.0,14.0,1
40,Programming,TEST2,20.0,12.1,1
40,Programming,MIDTERM,50.0,30.2,1
40,Programming,FINAL,100.0,51.4,1
40,Data Structures,TEST1,20.0,15.4,1
40,Data Structures,TEST2,20.0,14.3,1
40,Data Structures,MIDTERM,50.0,35.6,1
40,Data Structures,FINAL,100.0,65.2,1
41,Data Structures,TEST1,20.0,8.8,1
41,Data Structures,TEST2,20.0,9.7,1
41,Data Structures,MIDTERM,50.0,28.6,1
41,Data Structures,FINAL,100.0,66.7,1
41,Mathematics,TEST1,20.0,10.9,1
41,Mathematics,TEST2,20.0,12.8,1
41,Mathematics,MIDTERM,50.0,34.7,1
41,Mathematics,FINAL,100.0,83.2,1
41,Electronics,TEST1,20.0,8.5,1
41,Electronics,TEST2,20.0,10.4,1
41,Electronics,MIDTERM,50.0,33.8,1
41,Electronics,FINAL,100.0,71.5,1
41,Engineering Fundamentals,TEST1,20.0,9.7,1
41,Engineering Fundamentals,TEST2,20.0,12.1,1
41,Engineering Fundamentals,MIDTERM,50.0,37.5,1
41,Engineering Fundamentals,FINAL,100.0,76.0,1
42,Data Structures,TEST1,20.0,12.3,1
42,Data Structures,TEST2,20.0,10.8,1
42,Data Structures,MIDTERM,50.0,20.4,1
42,Data Structures,FINAL,100.0,23.6,1
42,Communication Skills,TEST1,20.0,13.6,1
42,Communication Skills,TEST2,20.0,10.5,1
42,Communication Skills,MIDTERM,50.0,19.6,1
42,Communication Skills,FINAL,100.0,31.2,1
42,Engineering Fundamentals,TEST1,20.0,13.1,1
42,Engineering Fundamentals,TEST2,20.0,10.2,1
42,Engineering Fundamentals,MIDTERM,50.0,19.6,1
42,Engineering Fundamentals,FINAL,100.0,33.1,1
42,Programming,TEST1,20.0,13.0,1
42,Programming,TEST2,20.0,11.7,1
42,Programming,MIDTERM,50.0,22.8,1
42,Programming,FINAL,100.0,41.5,1
43,Programming,TEST1,20.0,13.9,1
43,Programming,TEST2,20.0,10.8,1
43,Programming,MIDTERM,50.0,26.0,1
43,Programming,FINAL,100.0,36.0,1
43,Data Structures,TEST1,20.0,14.1,1
43,Data Structures,TEST2,20.0,12.9,1
43,Data Structures,MIDTERM,50.0,24.8,1
43,Data Structures,FINAL,100.0,41.2,1
43,Communication Skills,TEST1,20.0,13.6,1
43,Communication Skills,TEST2,20.0,10.3,1
43,Communication Skills,MIDTERM,50.0,21.1,1
43,Communication Skills,FINAL,100.0,25.8,1
43,Engineering Fundamentals,TEST1,20.0,13.0,1
43,Engineering Fundamentals,TEST2,20.0,9.9,1
43,Engineering Fundamentals,MIDTERM,50.0,26.1,1
43,Engineering Fundamentals,FINAL,100.0,32.3,1
44,Engineering Fundamentals,TEST1,20.0,15.9,1
44,Engineering Fundamentals,TEST2,20.0,14.9,1
44,Engineering Fundamentals,MIDTERM,50.0,36.3,1
44,Engineering Fundamentals,FINAL,100.0,74.1,1
44,Electronics,TEST1,20.0,16.1,1
44,Electronics,TEST2,20.0,15.6,1
44,Electronics,MIDTERM,50.0,40.8,1
44,Electronics,FINAL,100.0,83.1,1
44,Data Structures,TEST1,20.0,17.2,1
44,Data Structures,TEST2,20.0,16.6,1
44,Data Structures,MIDTERM,50.0,40.3,1
44,Data Structures,FINAL,100.0,81.7,1
44,Communication Skills,TEST1,20.0,17.1,1
44,Communication Skills,TEST2,20.0,16.6,1
44,Communication Skills,MIDTERM,50.0,46.1,1
44,Communication Skills,FINAL,100.0,89.5,1
45,Communication Skills,TEST1,20.0,12.3,1
45,Communication Skills,TEST2,20.0,9.8,1
45,Communication Skills,MIDTERM,50.0,16.9,1
45,Communication Skills,FINAL,100.0,26.7,1
45,Electronics,TEST1,20.0,13.6,1
45,Electronics,TEST2,20.0,9.8,1
45,Electronics,MIDTERM,50.0,19.7,1
45,Electronics,FINAL,100.0,16.6,1
45,Mathematics,TEST1,20.0,12.5,1
45,Mathematics,TEST2,20.0,10.3,1
45,Mathematics,MIDTERM,50.0,18.1,1
45,Mathematics,FINAL,100.0,28.9,1
45,Data Structures,TEST1,20.0,11.4,1
45,Data Structures,TEST2,20.0,9.7,1
45,Data Structures,MIDTERM,50.0,18.7,1
45,Data Structures,FINAL,100.0,31.4,1
46,Data Structures,TEST1,20.0,13.1,1
46,Data Structures,TEST2,20.0,11.1,1
46,Data Structures,MIDTERM,50.0,20.2,1
46,Data Structures,FINAL,100.0,31.6,1
46,Electronics,TEST1,20.0,14.1,1
46,Electronics,TEST2,20.0,11.4,1
46,Electronics,MIDTERM,50.0,19.9,1
46,Electronics,FINAL,100.0,31.0,1
46,Engineering Fundamentals,TEST1,20.0,13.9,1
46,Engineering Fundamentals,TEST2,20.0,10.8,1
46,Engineering Fundamentals,MIDTERM,50.0,20.2,1
46,Engineering Fundamentals,FINAL,100.0,29.1,1
46,Programming,TEST1,20.0,12.2,1
46,Programming,TEST2,20.0,10.4,1
46,Programming,MIDTERM,50.0,17.0,1
46,Programming,FINAL,100.0,19.9,1
47,Data Structures,TEST1,20.0,9.8,1
47,Data Structures,TEST2,20.0,10.9,1
47,Data Structures,MIDTERM,50.0,33.0,1
47,Data Structures,FINAL,100.0,76.8,1
47,Electronics,TEST1,20.0,9.8,1
47,Electronics,TEST2,20.0,13.7,1
47,Electronics,MIDTERM,50.0,36.1,1
47,Electronics,FINAL,100.0,77.6,1
47,Communication Skills,TEST1,20.0,10.2,1
47,Communication Skills,TEST2,20.0,9.8,1
47,Communication Skills,MIDTERM,50.0,36.9,1
47,Communication Skills,FINAL,100.0,68.7,1
47,Mathematics,TEST1,20.0,8.3,1
47,Mathematics,TEST2,20.0,11.1,1
47,Mathematics,MIDTERM,50.0,29.8,1
47,Mathematics,FINAL,100.0,76.4,1
48,Mathematics,TEST1,20.0,15.3,1
48,Mathematics,TEST2,20.0,15.0,1
48,Mathematics,MIDTERM,50.0,40.4,1
48,Mathematics,FINAL,100.0,81.6,1
48,Programming,TEST1,20.0,15.5,1
48,Programming,TEST2,20.0,15.1,1
48,Programming,MIDTERM,50.0,39.8,1
48,Programming,FINAL,100.0,84.4,1
48,Electronics,TEST1,20.0,17.4,1
48,Electronics,TEST2,20.0,17.2,1
48,Electronics,MIDTERM,50.0,43.4,1
48,Electronics,FINAL,100.0,89.6,1
48,Engineering Fundamentals,TEST1,20.0,15.3,1
48,Engineering Fundamentals,TEST2,20.0,16.5,1
48,Engineering Fundamentals,MIDTERM,50.0,39.8,1
48,Engineering Fundamentals,FINAL,100.0,78.2,1
49,Engineering Fundamentals,TEST1,20.0,14.0,1
49,Engineering Fundamentals,TEST2,20.0,12.3,1
49,Engineering Fundamentals,MIDTERM,50.0,30.8,1
49,Engineering Fundamentals,FINAL,100.0,54.3,1
49,Mathematics,TEST1,20.0,14.6,1
49,Mathematics,TEST2,20.0,13.5,1
49,Mathematics,MIDTERM,50.0,28.8,1
49,Mathematics,FINAL,100.0,45.3,1
49,Data Structures,TEST1,20.0,14.2,1
49,Data Structures,TEST2,20.0,13.8,1
49,Data Structures,MIDTERM,50.0,32.4,1
49,Data Structures,FINAL,100.0,56.2,1
49,Communication Skills,TEST1,20.0,14.5,1
49,Communication Skills,TEST2,20.0,13.2,1
49,Communication Skills,MIDTERM,50.0,31.4,1
49,Communication Skills,FINAL,100.0,53.0,1
50,Electronics,TEST1,20.0,17.7,1
50,Electronics,TEST2,20.0,17.2,1
50,Electronics,MIDTERM,50.0,41.3,1
50,Electronics,FINAL,100.0,82.5,1
50,Mathematics,TEST1,20.0,16.0,1
50,Mathematics,TEST2,20.0,16.2,1
50,Mathematics,MIDTERM,50.0,39.6,1
50,Mathematics,FINAL,100.0,81.9,1
50,Communication Skills,TEST1,20.0,18.4,1
50,Communication Skills,TEST2,20.0,17.2,1
50,Communication Skills,MIDTERM,50.0,41.2,1
50,Communication Skills,FINAL,100.0,81.0,1
50,Data Structures,TEST1,20.0,16.8,1
50,Data Structures,TEST2,20.0,15.8,1
50,Data Structures,MIDTERM,50.0,43.5,1
50,Data Structures,FINAL,100.0,82.6,1
51,Communication Skills,TEST1,20.0,17.8,1
51,Communication Skills,TEST2,20.0,16.7,1
51,Communication Skills,MIDTERM,50.0,42.2,1
51,Communication Skills,FINAL,100.0,86.2,1
51,Engineering Fundamentals,TEST1,20.0,16.9,1
51,Engineering Fundamentals,TEST2,20.0,16.9,1
51,Engineering Fundamentals,MIDTERM,50.0,43.9,1
51,Engineering Fundamentals,FINAL,100.0,87.9,1
51,Electronics,TEST1,20.0,15.2,1
51,Electronics,TEST2,20.0,16.0,1
51,Electronics,MIDTERM,50.0,37.0,1
51,Electronics,FINAL,100.0,78.3,1
51,Programming,TEST1,20.0,14.7,1
51,Programming,TEST2,20.0,12.7,1
51,Programming,MIDTERM,50.0,36.2,1
51,Programming,FINAL,100.0,67.7,1
52,Data Structures,TEST1,20.0,13.8,1
52,Data Structures,TEST2,20.0,16.3,1
52,Data Structures,MIDTERM,50.0,36.1,1
52,Data Structures,FINAL,100.0,71.9,1
52,Electronics,TEST1,20.0,14.9,1
52,Electronics,TEST2,20.0,16.0,1
52,Electronics,MIDTERM,50.0,38.9,1
52,Electronics,FINAL,100.0,74.8,1
52,Mathematics,TEST1,20.0,14.1,1
52,Mathematics,TEST2,20.0,13.6,1
52,Mathematics,MIDTERM,50.0,34.3,1
52,Mathematics,FINAL,100.0,68.4,1
52,Communication Skills,TEST1,20.0,17.8,1
52,Communication Skills,TEST2,20.0,16.9,1
52,Communication Skills,MIDTERM,50.0,42.3,1
52,Communication Skills,FINAL,100.0,88.5,1
53,Electronics,TEST1,20.0,14.9,1
53,Electronics,TEST2,20.0,11.4,1
53,Electronics,MIDTERM,50.0,21.4,1
53,Electronics,FINAL,100.0,26.5,1
53,Programming,TEST1,20.0,15.2,1
53,Programming,TEST2,20.0,13.6,1
53,Programming,MIDTERM,50.0,26.9,1
53,Programming,FINAL,100.0,37.2,1
53,Engineering Fundamentals,TEST1,20.0,15.6,1
53,Engineering Fundamentals,TEST2,20.0,11.1,1
53,Engineering Fundamentals,MIDTERM,50.0,23.4,1
53,Engineering Fundamentals,FINAL,100.0,29.6,1
53,Mathematics,TEST1,20.0,14.7,1
53,Mathematics,TEST2,20.0,10.8,1
53,Mathematics,MIDTERM,50.0,23.6,1
53,Mathematics,FINAL,100.0,31.8,1
54,Data Structures,TEST1,20.0,15.0,1
54,Data Structures,TEST2,20.0,14.6,1
54,Data Structures,MIDTERM,50.0,29.3,1
54,Data Structures,FINAL,100.0,48.8,1
54,Electronics,TEST1,20.0,13.1,1
54,Electronics,TEST2,20.0,12.4,1
54,Electronics,MIDTERM,50.0,27.3,1
54,Electronics,FINAL,100.0,47.1,1
54,Programming,TEST1,20.0,15.8,1
54,Programming,TEST2,20.0,14.0,1
54,Programming,MIDTERM,50.0,31.3,1
54,Programming,FINAL,100.0,50.6,1
54,Mathematics,TEST1,20.0,15.5,1
54,Mathematics,TEST2,20.0,14.0,1
54,Mathematics,MIDTERM,50.0,29.0,1
54,Mathematics,FINAL,100.0,57.7,1
55,Mathematics,TEST1,20.0,12.9,1
55,Mathematics,TEST2,20.0,10.4,1
55,Mathematics,MIDTERM,50.0,21.5,1
55,Mathematics,FINAL,100.0,29.8,1
55,Engineering Fundamentals,TEST1,20.0,12.5,1
55,Engineering Fundamentals,TEST2,20.0,10.5,1
55,Engineering Fundamentals,MIDTERM,50.0,23.5,1
55,Engineering Fundamentals,FINAL,100.0,36.3,1
55,Programming,TEST1,20.0,12.6,1
55,Programming,TEST2,20.0,11.3,1
55,Programming,MIDTERM,50.0,20.9,1
55,Programming,FINAL,100.0,37.7,1
55,Electronics,TEST1,20.0,12.8,1
55,Electronics,TEST2,20.0,10.3,1
55,Electronics,MIDTERM,50.0,19.2,1
55,Electronics,FINAL,100.0,24.6,1
56,Engineering Fundamentals,TEST1,20.0,13.9,1
56,Engineering Fundamentals,TEST2,20.0,11.0,1
56,Engineering Fundamentals,MIDTERM,50.0,22.2,1
56,Engineering Fundamentals,FINAL,100.0,36.6,1
56,Mathematics,TEST1,20.0,14.5,1
56,Mathematics,TEST2,20.0,11.6,1
56,Mathematics,MIDTERM,50.0,21.5,1
56,Mathematics,FINAL,100.0,39.8,1
56,Electronics,TEST1,20.0,13.4,1
56,Electronics,TEST2,20.0,11.5,1
56,Electronics,MIDTERM,50.0,22.4,1
56,Electronics,FINAL,100.0,39.0,1
56,Programming,TEST1,20.0,13.6,1
56,Programming,TEST2,20.0,13.1,1
56,Programming,MIDTERM,50.0,21.2,1
56,Programming,FINAL,100.0,32.5,1
57,Communication Skills,TEST1,20.0,8.7,1
57,Communication Skills,TEST2,20.0,12.0,1
57,Communication Skills,MIDTERM,50.0,35.3,1
57,Communication Skills,FINAL,100.0,84.0,1
57,Electronics,TEST1,20.0,7.9,1
57,Electronics,TEST2,20.0,11.6,1
57,Electronics,MIDTERM,50.0,29.3,1
57,Electronics,FINAL,100.0,72.0,1
57,Engineering Fundamentals,TEST1,20.0,11.3,1
57,Engineering Fundamentals,TEST2,20.0,13.0,1
57,Engineering Fundamentals,MIDTERM,50.0,37.7,1
57,Engineering Fundamentals,FINAL,100.0,81.1,1
57,Mathematics,TEST1,20.0,10.3,1
57,Mathematics,TEST2,20.0,12.3,1
57,Mathematics,MIDTERM,50.0,38.6,1
57,Mathematics,FINAL,100.0,80.7,1
58,Programming,TEST1,20.0,14.5,1
58,Programming,TEST2,20.0,15.0,1
58,Programming,MIDTERM,50.0,31.5,1
58,Programming,FINAL,100.0,51.4,1
58,Data Structures,TEST1,20.0,15.0,1
58,Data Structures,TEST2,20.0,13.1,1
58,Data Structures,MIDTERM,50.0,29.2,1
58,Data Structures,FINAL,100.0,51.9,1
58,Mathematics,TEST1,20.0,14.3,1
58,Mathematics,TEST2,20.0,13.7,1
58,Mathematics,MIDTERM,50.0,29.5,1
58,Mathematics,FINAL,100.0,48.2,1
58,Engineering Fundamentals,TEST1,20.0,15.1,1
58,Engineering Fundamentals,TEST2,20.0,13.4,1
58,Engineering Fundamentals,MIDTERM,50.0,31.0,1
58,Engineering Fundamentals,FINAL,100.0,55.7,1
59,Programming,TEST1,20.0,16.9,1
59,Programming,TEST2,20.0,17.6,1
59,Programming,MIDTERM,50.0,46.0,1
59,Programming,FINAL,100.0,92.4,1
59,Electronics,TEST1,20.0,16.8,1
59,Electronics,TEST2,20.0,17.6,1
59,Electronics,MIDTERM,50.0,43.8,1
59,Electronics,FINAL,100.0,82.2,1
59,Data Structures,TEST1,20.0,15.8,1
59,Data Structures,TEST2,20.0,15.5,1
59,Data Structures,MIDTERM,50.0,36.4,1
59,Data Structures,FINAL,100.0,79.0,1
59,Mathematics,TEST1,20.0,13.6,1
59,Mathematics,TEST2,20.0,13.9,1
59,Mathematics,MIDTERM,50.0,33.6,1
59,Mathematics,FINAL,100.0,68.7,1
60,Data Structures,TEST1,20.0,14.6,1
60,Data Structures,TEST2,20.0,14.2,1
60,Data Structures,MIDTERM,50.0,35.0,1
60,Data Structures,FINAL,100.0,71.6,1
60,Mathematics,TEST1,20.0,16.8,1
60,Mathematics,TEST2,20.0,16.5,1
60,Mathematics,MIDTERM,50.0,42.2,1
60,Mathematics,FINAL,100.0,86.6,1
60,Engineering Fundamentals,TEST1,20.0,16.4,1
60,Engineering Fundamentals,TEST2,20.0,16.3,1
60,Engineering Fundamentals,MIDTERM,50.0,43.4,1
60,Engineering Fundamentals,FINAL,100.0,84.0,1
60,Communication Skills,TEST1,20.0,17.3,1
60,Communication Skills,TEST2,20.0,16.1,1
60,Communication Skills,MIDTERM,50.0,40.4,1
60,Communication Skills,FINAL,100.0,75.6,1
61,Electronics,TEST1,20.0,15.4,1
61,Electronics,TEST2,20.0,12.0,1
61,Electronics,MIDTERM,50.0,30.4,1
61,Electronics,FINAL,100.0,43.5,1
61,Data Structures,TEST1,20.0,15.2,1
61,Data Structures,TEST2,20.0,13.3,1
61,Data Structures,MIDTERM,50.0,28.3,1
61,Data Structures,FINAL,100.0,46.8,1
61,Mathematics,TEST1,20.0,15.1,1
61,Mathematics,TEST2,20.0,13.0,1
61,Mathematics,MIDTERM,50.0,29.9,1
61,Mathematics,FINAL,100.0,44.0,1
61,Programming,TEST1,20.0,14.9,1
61,Programming,TEST2,20.0,13.1,1
61,Programming,MIDTERM,50.0,32.6,1
61,Programming,FINAL,100.0,55.2,1
62,Programming,TEST1,20.0,9.2,1
62,Programming,TEST2,20.0,11.7,1
62,Programming,MIDTERM,50.0,36.6,1
62,Programming,FINAL,100.0,80.8,1
62,Data Structures,TEST1,20.0,8.2,1
62,Data Structures,TEST2,20.0,9.5,1
62,Data Structures,MIDTERM,50.0,29.7,1
62,Data Structures,FINAL,100.0,70.0,1
62,Mathematics,TEST1,20.0,9.8,1
62,Mathematics,TEST2,20.0,12.9,1
62,Mathematics,MIDTERM,50.0,33.7,1
62,Mathematics,FINAL,100.0,86.2,1
62,Engineering Fundamentals,TEST1,20.0,10.2,1
62,Engineering Fundamentals,TEST2,20.0,12.9,1
62,Engineering Fundamentals,MIDTERM,50.0,36.0,1
62,Engineering Fundamentals,FINAL,100.0,83.0,1
63,Mathematics,TEST1,20.0,14.0,1
63,Mathematics,TEST2,20.0,13.2,1
63,Mathematics,MIDTERM,50.0,26.1,1
63,Mathematics,FINAL,100.0,50.8,1
63,Programming,TEST1,20.0,14.4,1
63,Programming,TEST2,20.0,12.4,1
63,Programming,MIDTERM,50.0,30.8,1
63,Programming,FINAL,100.0,53.6,1
63,Communication Skills,TEST1,20.0,13.8,1
63,Communication Skills,TEST2,20.0,11.5,1
63,Communication Skills,MIDTERM,50.0,27.9,1
63,Communication Skills,FINAL,100.0,46.3,1
63,Data Structures,TEST1,20.0,15.9,1
63,Data Structures,TEST2,20.0,14.5,1
63,Data Structures,MIDTERM,50.0,30.5,1
63,Data Structures,FINAL,100.0,51.7,1
64,Data Structures,TEST1,20.0,12.8,1
64,Data Structures,TEST2,20.0,10.1,1
64,Data Structures,MIDTERM,50.0,18.9,1
64,Data Structures,FINAL,100.0,20.0,1
64,Communication Skills,TEST1,20.0,14.1,1
64,Communication Skills,TEST2,20.0,8.9,1
64,Communication Skills,MIDTERM,50.0,18.9,1
64,Communication Skills,FINAL,100.0,22.0,1
64,Engineering Fundamentals,TEST1,20.0,13.5,1
64,Engineering Fundamentals,TEST2,20.0,11.0,1
64,Engineering Fundamentals,MIDTERM,50.0,22.9,1
64,Engineering Fundamentals,FINAL,100.0,33.7,1
64,Programming,TEST1,20.0,12.8,1
64,Programming,TEST2,20.0,10.6,1
64,Programming,MIDTERM,50.0,19.2,1
64,Programming,FINAL,100.0,27.3,1
65,Mathematics,TEST1,20.0,14.9,1
65,Mathematics,TEST2,20.0,13.8,1
65,Mathematics,MIDTERM,50.0,30.6,1
65,Mathematics,FINAL,100.0,58.6,1
65,Engineering Fundamentals,TEST1,20.0,15.0,1
65,Engineering Fundamentals,TEST2,20.0,13.3,1
65,Engineering Fundamentals,MIDTERM,50.0,29.1,1
65,Engineering Fundamentals,FINAL,100.0,50.1,1
65,Electronics,TEST1,20.0,15.1,1
65,Electronics,TEST2,20.0,13.3,1
65,Electronics,MIDTERM,50.0,30.4,1
65,Electronics,FINAL,100.0,44.7,1
65,Data Structures,TEST1,20.0,14.7,1
65,Data Structures,TEST2,20.0,12.0,1
65,Data Structures,MIDTERM,50.0,27.4,1
65,Data Structures,FINAL,100.0,52.1,1
66,Electronics,TEST1,20.0,14.7,1
66,Electronics,TEST2,20.0,12.8,1
66,Electronics,MIDTERM,50.0,29.6,1
66,Electronics,FINAL,100.0,50.8,1
66,Mathematics,TEST1,20.0,14.7,1
66,Mathematics,TEST2,20.0,13.5,1
66,Mathematics,MIDTERM,50.0,27.9,1
66,Mathematics,FINAL,100.0,51.5,1
66,Communication Skills,TEST1,20.0,14.3,1
66,Communication Skills,TEST2,20.0,12.8,1
66,Communication Skills,MIDTERM,50.0,26.3,1
66,Communication Skills,FINAL,100.0,53.3,1
66,Engineering Fundamentals,TEST1,20.0,13.0,1
66,Engineering Fundamentals,TEST2,20.0,11.9,1
66,Engineering Fundamentals,MIDTERM,50.0,26.9,1
66,Engineering Fundamentals,FINAL,100.0,39.1,1
67,Engineering Fundamentals,TEST1,20.0,14.9,1
67,Engineering Fundamentals,TEST2,20.0,14.9,1
67,Engineering Fundamentals,MIDTERM,50.0,33.6,1
67,Engineering Fundamentals,FINAL,100.0,59.0,1
67,Communication Skills,TEST1,20.0,14.2,1
67,Communication Skills,TEST2,20.0,12.0,1
67,Communication Skills,MIDTERM,50.0,26.0,1
67,Communication Skills,FINAL,100.0,46.0,1
67,Data Structures,TEST1,20.0,16.1,1
67,Data Structures,TEST2,20.0,13.2,1
67,Data Structures,MIDTERM,50.0,29.5,1
67,Data Structures,FINAL,100.0,52.9,1
67,Electronics,TEST1,20.0,12.8,1
67,Electronics,TEST2,20.0,12.0,1
67,Electronics,MIDTERM,50.0,27.1,1
67,Electronics,FINAL,100.0,43.0,1
68,Engineering Fundamentals,TEST1,20.0,15.1,1
68,Engineering Fundamentals,TEST2,20.0,15.2,1
68,Engineering Fundamentals,MIDTERM,50.0,40.1,1
68,Engineering Fundamentals,FINAL,100.0,75.3,1
68,Programming,TEST1,20.0,14.4,1
68,Programming,TEST2,20.0,14.8,1
68,Programming,MIDTERM,50.0,38.4,1
68,Programming,FINAL,100.0,73.5,1
68,Electronics,TEST1,20.0,13.3,1
68,Electronics,TEST2,20.0,13.7,1
68,Electronics,MIDTERM,50.0,34.5,1
68,Electronics,FINAL,100.0,73.3,1
68,Data Structures,TEST1,20.0,14.5,1
68,Data Structures,TEST2,20.0,15.3,1
68,Data Structures,MIDTERM,50.0,36.5,1
68,Data Structures,FINAL,100.0,76.1,1
69,Communication Skills,TEST1,20.0,13.1,1
69,Communication Skills,TEST2,20.0,13.6,1
69,Communication Skills,MIDTERM,50.0,32.4,1
69,Communication Skills,FINAL,100.0,64.6,1
69,Programming,TEST1,20.0,17.3,1
69,Programming,TEST2,20.0,17.4,1
69,Programming,MIDTERM,50.0,41.4,1
69,Programming,FINAL,100.0,86.0,1
69,Mathematics,TEST1,20.0,15.1,1
69,Mathematics,TEST2,20.0,15.5,1
69,Mathematics,MIDTERM,50.0,37.0,1
69,Mathematics,FINAL,100.0,77.3,1
69,Data Structures,TEST1,20.0,16.8,1
69,Data Structures,TEST2,20.0,16.4,1
69,Data Structures,MIDTERM,50.0,42.2,1
69,Data Structures,FINAL,100.0,79.3,1
70,Electronics,TEST1,20.0,10.8,1
70,Electronics,TEST2,20.0,12.4,1
70,Electronics,MIDTERM,50.0,37.8,1
70,Electronics,FINAL,100.0,87.6,1
70,Mathematics,TEST1,20.0,9.2,1
70,Mathematics,TEST2,20.0,10.3,1
70,Mathematics,MIDTERM,50.0,30.6,1
70,Mathematics,FINAL,100.0,71.5,1
70,Programming,TEST1,20.0,10.8,1
70,Programming,TEST2,20.0,12.4,1
70,Programming,MIDTERM,50.0,35.7,1
70,Programming,FINAL,100.0,80.4,1
70,Engineering Fundamentals,TEST1,20.0,9.9,1
70,Engineering Fundamentals,TEST2,20.0,12.5,1
70,Engineering Fundamentals,MIDTERM,50.0,36.6,1
70,Engineering Fundamentals,FINAL,100.0,91.0,1
71,Engineering Fundamentals,TEST1,20.0,17.9,1
71,Engineering Fundamentals,TEST2,20.0,17.2,1
71,Engineering Fundamentals,MIDTERM,50.0,40.6,1
71,Engineering Fundamentals,FINAL,100.0,85.1,1
71,Programming,TEST1,20.0,17.8,1
71,Programming,TEST2,20.0,17.3,1
71,Programming,MIDTERM,50.0,42.3,1
71,Programming,FINAL,100.0,82.6,1
71,Data Structures,TEST1,20.0,14.7,1
71,Data Structures,TEST2,20.0,15.5,1
71,Data Structures,MIDTERM,50.0,37.4,1
71,Data Structures,FINAL,100.0,79.7,1
71,Mathematics,TEST1,20.0,17.8,1
71,Mathematics,TEST2,20.0,19.2,1
71,Mathematics,MIDTERM,50.0,46.1,1
71,Mathematics,FINAL,100.0,88.6,1
72,Electronics,TEST1,20.0,9.1,1
72,Electronics,TEST2,20.0,10.2,1
72,Electronics,MIDTERM,50.0,32.0,1
72,Electronics,FINAL,100.0,74.5,1
72,Data Structures,TEST1,20.0,8.9,1
72,Data Structures,TEST2,20.0,11.9,1
72,Data Structures,MIDTERM,50.0,35.4,1
72,Data Structures,FINAL,100.0,80.4,1
72,Mathematics,TEST1,20.0,10.5,1
72,Mathematics,TEST2,20.0,11.8,1
72,Mathematics,MIDTERM,50.0,37.2,1
72,Mathematics,FINAL,100.0,83.0,1
72,Communication Skills,TEST1,20.0,10.5,1
72,Communication Skills,TEST2,20.0,12.5,1
72,Communication Skills,MIDTERM,50.0,37.8,1
72,Communication Skills,FINAL,100.0,87.2,1
73,Data Structures,TEST1,20.0,12.6,1
73,Data Structures,TEST2,20.0,11.8,1
73,Data Structures,MIDTERM,50.0,23.3,1
73,Data Structures,FINAL,100.0,37.4,1
73,Programming,TEST1,20.0,11.7,1
73,Programming,TEST2,20.0,9.8,1
73,Programming,MIDTERM,50.0,18.4,1
73,Programming,FINAL,100.0,37.8,1
73,Electronics,TEST1,20.0,13.2,1
73,Electronics,TEST2,20.0,11.2,1
73,Electronics,MIDTERM,50.0,21.1,1
73,Electronics,FINAL,100.0,30.5,1
73,Engineering Fundamentals,TEST1,20.0,13.3,1
73,Engineering Fundamentals,TEST2,20.0,10.2,1
73,Engineering Fundamentals,MIDTERM,50.0,17.9,1
73,Engineering Fundamentals,FINAL,100.0,26.2,1
74,Electronics,TEST1,20.0,16.1,1
74,Electronics,TEST2,20.0,16.8,1
74,Electronics,MIDTERM,50.0,40.1,1
74,Electronics,FINAL,100.0,82.3,1
74,Data Structures,TEST1,20.0,14.4,1
74,Data Structures,TEST2,20.0,15.0,1
74,Data Structures,MIDTERM,50.0,37.4,1
74,Data Structures,FINAL,100.0,76.4,1
74,Programming,TEST1,20.0,16.2,1
74,Programming,TEST2,20.0,15.0,1
74,Programming,MIDTERM,50.0,40.9,1
74,Programming,FINAL,100.0,79.8,1
74,Engineering Fundamentals,TEST1,20.0,15.5,1
74,Engineering Fundamentals,TEST2,20.0,14.3,1
74,Engineering Fundamentals,MIDTERM,50.0,37.5,1
74,Engineering Fundamentals,FINAL,100.0,70.2,1
75,Electronics,TEST1,20.0,17.8,1
75,Electronics,TEST2,20.0,17.2,1
75,Electronics,MIDTERM,50.0,44.3,1
75,Electronics,FINAL,100.0,89.2,1
75,Data Structures,TEST1,20.0,15.7,1
75,Data Structures,TEST2,20.0,15.6,1
75,Data Structures,MIDTERM,50.0,38.8,1
75,Data Structures,FINAL,100.0,71.6,1
75,Communication Skills,TEST1,20.0,15.2,1
75,Communication Skills,TEST2,20.0,15.9,1
75,Communication Skills,MIDTERM,50.0,41.1,1
75,Communication Skills,FINAL,100.0,83.7,1
75,Mathematics,TEST1,20.0,15.2,1
75,Mathematics,TEST2,20.0,14.8,1
75,Mathematics,MIDTERM,50.0,38.6,1
75,Mathematics,FINAL,100.0,75.4,1
76,Data Structures,TEST1,20.0,17.9,1
76,Data Structures,TEST2,20.0,17.4,1
76,Data Structures,MIDTERM,50.0,42.0,1
76,Data Structures,FINAL,100.0,85.2,1
76,Engineering Fundamentals,TEST1,20.0,13.1,1
76,Engineering Fundamentals,TEST2,20.0,14.6,1
76,Engineering Fundamentals,MIDTERM,50.0,34.6,1
76,Engineering Fundamentals,FINAL,100.0,67.7,1
76,Programming,TEST1,20.0,14.7,1
76,Programming,TEST2,20.0,16.3,1
76,Programming,MIDTERM,50.0,43.0,1
76,Programming,FINAL,100.0,75.8,1
76,Electronics,TEST1,20.0,16.4,1
76,Electronics,TEST2,20.0,17.0,1
76,Electronics,MIDTERM,50.0,41.3,1
76,Electronics,FINAL,100.0,81.5,1
77,Engineering Fundamentals,TEST1,20.0,17.7,1
77,Engineering Fundamentals,TEST2,20.0,15.9,1
77,Engineering Fundamentals,MIDTERM,50.0,41.8,1
77,Engineering Fundamentals,FINAL,100.0,88.6,1
77,Electronics,TEST1,20.0,16.7,1
77,Electronics,TEST2,20.0,16.2,1
77,Electronics,MIDTERM,50.0,42.6,1
77,Electronics,FINAL,100.0,85.8,1
77,Programming,TEST1,20.0,17.4,1
77,Programming,TEST2,20.0,17.4,1
77,Programming,MIDTERM,50.0,43.7,1
77,Programming,FINAL,100.0,87.6,1
77,Data Structures,TEST1,20.0,14.6,1
77,Data Structures,TEST2,20.0,12.8,1
77,Data Structures,MIDTERM,50.0,37.1,1
77,Data Structures,FINAL,100.0,63.7,1
78,Communication Skills,TEST1,20.0,13.8,1
78,Communication Skills,TEST2,20.0,12.1,1
78,Communication Skills,MIDTERM,50.0,25.7,1
78,Communication Skills,FINAL,100.0,45.3,1
78,Electronics,TEST1,20.0,14.5,1
78,Electronics,TEST2,20.0,13.0,1
78,Electronics,MIDTERM,50.0,28.8,1
78,Electronics,FINAL,100.0,57.6,1
78,Mathematics,TEST1,20.0,14.8,1
78,Mathematics,TEST2,20.0,12.9,1
78,Mathematics,MIDTERM,50.0,29.9,1
78,Mathematics,FINAL,100.0,56.8,1
78,Engineering Fundamentals,TEST1,20.0,15.8,1
78,Engineering Fundamentals,TEST2,20.0,13.4,1
78,Engineering Fundamentals,MIDTERM,50.0,27.3,1
78,Engineering Fundamentals,FINAL,100.0,49.1,1
79,Data Structures,TEST1,20.0,14.1,1
79,Data Structures,TEST2,20.0,14.3,1
79,Data Structures,MIDTERM,50.0,32.9,1
79,Data Structures,FINAL,100.0,56.8,1
79,Electronics,TEST1,20.0,15.3,1
79,Electronics,TEST2,20.0,12.7,1
79,Electronics,MIDTERM,50.0,31.9,1
79,Electronics,FINAL,100.0,57.5,1
79,Mathematics,TEST1,20.0,14.2,1
79,Mathematics,TEST2,20.0,12.8,1
79,Mathematics,MIDTERM,50.0,30.1,1
79,Mathematics,FINAL,100.0,53.7,1
79,Programming,TEST1,20.0,13.9,1
79,Programming,TEST2,20.0,12.9,1
79,Programming,MIDTERM,50.0,30.3,1
79,Programming,FINAL,100.0,56.6,1
80,Engineering Fundamentals,TEST1,20.0,13.4,1
80,Engineering Fundamentals,TEST2,20.0,10.9,1
80,Engineering Fundamentals,MIDTERM,50.0,19.3,1
80,Engineering Fundamentals,FINAL,100.0,25.1,1
80,Data Structures,TEST1,20.0,14.0,1
80,Data Structures,TEST2,20.0,11.1,1
80,Data Structures,MIDTERM,50.0,23.2,1
80,Data Structures,FINAL,100.0,39.9,1
80,Mathematics,TEST1,20.0,13.9,1
80,Mathematics,TEST2,20.0,8.6,1
80,Mathematics,MIDTERM,50.0,17.7,1
80,Mathematics,FINAL,100.0,20.2,1
80,Electronics,TEST1,20.0,13.9,1
80,Electronics,TEST2,20.0,12.0,1
80,Electronics,MIDTERM,50.0,25.0,1
80,Electronics,FINAL,100.0,39.2,1
81,Electronics,TEST1,20.0,14.0,1
81,Electronics,TEST2,20.0,13.1,1
81,Electronics,MIDTERM,50.0,30.3,1
81,Electronics,FINAL,100.0,52.6,1
81,Programming,TEST1,20.0,13.7,1
81,Programming,TEST2,20.0,11.4,1
81,Programming,MIDTERM,50.0,30.8,1
81,Programming,FINAL,100.0,51.8,1
81,Engineering Fundamentals,TEST1,20.0,14.7,1
81,Engineering Fundamentals,TEST2,20.0,12.6,1
81,Engineering Fundamentals,MIDTERM,50.0,27.7,1
81,Engineering Fundamentals,FINAL,100.0,42.6,1
81,Communication Skills,TEST1,20.0,13.8,1
81,Communication Skills,TEST2,20.0,13.5,1
81,Communication Skills,MIDTERM,50.0,28.1,1
81,Communication Skills,FINAL,100.0,44.9,1
82,Mathematics,TEST1,20.0,10.1,1
82,Mathematics,TEST2,20.0,11.3,1
82,Mathematics,MIDTERM,50.0,34.9,1
82,Mathematics,FINAL,100.0,80.6,1
82,Communication Skills,TEST1,20.0,9.2,1
82,Communication Skills,TEST2,20.0,12.3,1
82,Communication Skills,MIDTERM,50.0,36.0,1
82,Communication Skills,FINAL,100.0,83.0,1
82,Electronics,TEST1,20.0,9.9,1
82,Electronics,TEST2,20.0,11.0,1
82,Electronics,MIDTERM,50.0,31.8,1
82,Electronics,FINAL,100.0,65.9,1
82,Engineering Fundamentals,TEST1,20.0,8.8,1
82,Engineering Fundamentals,TEST2,20.0,11.6,1
82,Engineering Fundamentals,MIDTERM,50.0,30.5,1
82,Engineering Fundamentals,FINAL,100.0,74.2,1
83,Engineering Fundamentals,TEST1,20.0,14.1,1
83,Engineering Fundamentals,TEST2,20.0,11.9,1
83,Engineering Fundamentals,MIDTERM,50.0,20.4,1
83,Engineering Fundamentals,FINAL,100.0,37.4,1
83,Electronics,TEST1,20.0,13.2,1
83,Electronics,TEST2,20.0,10.5,1
83,Electronics,MIDTERM,50.0,19.6,1
83,Electronics,FINAL,100.0,26.3,1
83,Data Structures,TEST1,20.0,12.0,1
83,Data Structures,TEST2,20.0,10.5,1
83,Data Structures,MIDTERM,50.0,24.2,1
83,Data Structures,FINAL,100.0,34.7,1
83,Mathematics,TEST1,20.0,13.8,1
83,Mathematics,TEST2,20.0,12.1,1
83,Mathematics,MIDTERM,50.0,22.2,1
83,Mathematics,FINAL,100.0,35.8,1
84,Communication Skills,TEST1,20.0,16.8,1
84,Communication Skills,TEST2,20.0,17.2,1
84,Communication Skills,MIDTERM,50.0,41.6,1
84,Communication Skills,FINAL,100.0,82.3,1
84,Data Structures,TEST1,20.0,13.6,1
84,Data Structures,TEST2,20.0,13.5,1
84,Data Structures,MIDTERM,50.0,36.6,1
84,Data Structures,FINAL,100.0,70.9,1
84,Engineering Fundamentals,TEST1,20.0,15.8,1
84,Engineering Fundamentals,TEST2,20.0,15.6,1
84,Engineering Fundamentals,MIDTERM,50.0,40.7,1
84,Engineering Fundamentals,FINAL,100.0,81.3,1
84,Programming,TEST1,20.0,16.5,1
84,Programming,TEST2,20.0,17.1,1
84,Programming,MIDTERM,50.0,43.6,1
84,Programming,FINAL,100.0,88.2,1
85,Electronics,TEST1,20.0,15.0,1
85,Electronics,TEST2,20.0,13.8,1
85,Electronics,MIDTERM,50.0,39.1,1
85,Electronics,FINAL,100.0,69.9,1
85,Engineering Fundamentals,TEST1,20.0,14.3,1
85,Engineering Fundamentals,TEST2,20.0,14.2,1
85,Engineering Fundamentals,MIDTERM,50.0,33.9,1
85,Engineering Fundamentals,FINAL,100.0,67.8,1
85,Communication Skills,TEST1,20.0,16.8,1
85,Communication Skills,TEST2,20.0,17.4,1
85,Communication Skills,MIDTERM,50.0,45.0,1
85,Communication Skills,FINAL,100.0,86.0,1
85,Mathematics,TEST1,20.0,16.8,1
85,Mathematics,TEST2,20.0,17.1,1
85,Mathematics,MIDTERM,50.0,38.6,1
85,Mathematics,FINAL,100.0,78.4,1
86,Programming,TEST1,20.0,16.6,1
86,Programming,TEST2,20.0,16.3,1
86,Programming,MIDTERM,50.0,41.7,1
86,Programming,FINAL,100.0,86.3,1
86,Data Structures,TEST1,20.0,14.6,1
86,Data Structures,TEST2,20.0,15.3,1
86,Data Structures,MIDTERM,50.0,40.6,1
86,Data Structures,FINAL,100.0,78.3,1
86,Engineering Fundamentals,TEST1,20.0,13.6,1
86,Engineering Fundamentals,TEST2,20.0,14.1,1
86,Engineering Fundamentals,MIDTERM,50.0,34.4,1
86,Engineering Fundamentals,FINAL,100.0,72.5,1
86,Communication Skills,TEST1,20.0,14.2,1
86,Communication Skills,TEST2,20.0,15.1,1
86,Communication Skills,MIDTERM,50.0,35.6,1
86,Communication Skills,FINAL,100.0,74.0,1
87,Programming,TEST1,20.0,12.4,1
87,Programming,TEST2,20.0,10.1,1
87,Programming,MIDTERM,50.0,21.5,1
87,Programming,FINAL,100.0,30.2,1
87,Electronics,TEST1,20.0,14.0,1
87,Electronics,TEST2,20.0,10.4,1
87,Electronics,MIDTERM,50.0,20.9,1
87,Electronics,FINAL,100.0,35.5,1
87,Mathematics,TEST1,20.0,12.0,1
87,Mathematics,TEST2,20.0,9.5,1
87,Mathematics,MIDTERM,50.0,17.0,1
87,Mathematics,FINAL,100.0,20.7,1
87,Data Structures,TEST1,20.0,15.4,1
87,Data Structures,TEST2,20.0,11.9,1
87,Data Structures,MIDTERM,50.0,22.7,1
87,Data Structures,FINAL,100.0,28.2,1
88,Mathematics,TEST1,20.0,10.1,1
88,Mathematics,TEST2,20.0,12.7,1
88,Mathematics,MIDTERM,50.0,38.6,1
88,Mathematics,FINAL,100.0,88.2,1
88,Electronics,TEST1,20.0,9.0,1
88,Electronics,TEST2,20.0,11.3,1
88,Electronics,MIDTERM,50.0,27.9,1
88,Electronics,FINAL,100.0,75.8,1
88,Programming,TEST1,20.0,9.9,1
88,Programming,TEST2,20.0,12.7,1
88,Programming,MIDTERM,50.0,35.5,1
88,Programming,FINAL,100.0,85.4,1
88,Data Structures,TEST1,20.0,10.7,1
88,Data Structures,TEST2,20.0,11.9,1
88,Data Structures,MIDTERM,50.0,35.3,1
88,Data Structures,FINAL,100.0,79.7,1
89,Communication Skills,TEST1,20.0,13.9,1
89,Communication Skills,TEST2,20.0,13.4,1
89,Communication Skills,MIDTERM,50.0,34.3,1
89,Communication Skills,FINAL,100.0,68.1,1
89,Engineering Fundamentals,TEST1,20.0,17.6,1
89,Engineering Fundamentals,TEST2,20.0,16.0,1
89,Engineering Fundamentals,MIDTERM,50.0,39.2,1
89,Engineering Fundamentals,FINAL,100.0,82.2,1
89,Mathematics,TEST1,20.0,14.5,1
89,Mathematics,TEST2,20.0,14.6,1
89,Mathematics,MIDTERM,50.0,37.9,1
89,Mathematics,FINAL,100.0,74.6,1
89,Data Structures,TEST1,20.0,14.9,1
89,Data Structures,TEST2,20.0,15.1,1
89,Data Structures,MIDTERM,50.0,35.6,1
89,Data Structures,FINAL,100.0,71.3,1
90,Electronics,TEST1,20.0,15.1,1
90,Electronics,TEST2,20.0,13.8,1
90,Electronics,MIDTERM,50.0,29.9,1
90,Electronics,FINAL,100.0,48.9,1
90,Communication Skills,TEST1,20.0,13.3,1
90,Communication Skills,TEST2,20.0,11.4,1
90,Communication Skills,MIDTERM,50.0,29.2,1
90,Communication Skills,FINAL,100.0,50.7,1
90,Data Structures,TEST1,20.0,14.3,1
90,Data Structures,TEST2,20.0,13.4,1
90,Data Structures,MIDTERM,50.0,25.1,1
90,Data Structures,FINAL,100.0,42.1,1
90,Programming,TEST1,20.0,13.9,1
90,Programming,TEST2,20.0,12.8,1
90,Programming,MIDTERM,50.0,28.2,1
90,Programming,FINAL,100.0,45.0,1
91,Communication Skills,TEST1,20.0,14.4,1
91,Communication Skills,TEST2,20.0,14.6,1
91,Communication Skills,MIDTERM,50.0,33.6,1
91,Communication Skills,FINAL,100.0,71.1,1
91,Programming,TEST1,20.0,15.5,1
91,Programming,TEST2,20.0,15.1,1
91,Programming,MIDTERM,50.0,40.0,1
91,Programming,FINAL,100.0,77.0,1
91,Electronics,TEST1,20.0,16.2,1
91,Electronics,TEST2,20.0,17.7,1
91,Electronics,MIDTERM,50.0,39.1,1
91,Electronics,FINAL,100.0,87.1,1
91,Data Structures,TEST1,20.0,14.8,1
91,Data Structures,TEST2,20.0,16.0,1
91,Data Structures,MIDTERM,50.0,37.6,1
91,Data Structures,FINAL,100.0,74.7,1
92,Engineering Fundamentals,TEST1,20.0,14.5,1
92,Engineering Fundamentals,TEST2,20.0,12.3,1
92,Engineering Fundamentals,MIDTERM,50.0,29.5,1
92,Engineering Fundamentals,FINAL,100.0,48.5,1
92,Electronics,TEST1,20.0,16.2,1
92,Electronics,TEST2,20.0,14.1,1
92,Electronics,MIDTERM,50.0,30.8,1
92,Electronics,FINAL,100.0,50.8,1
92,Data Structures,TEST1,20.0,13.6,1
92,Data Structures,TEST2,20.0,13.2,1
92,Data Structures,MIDTERM,50.0,30.5,1
92,Data Structures,FINAL,100.0,48.7,1
92,Programming,TEST1,20.0,14.7,1
92,Programming,TEST2,20.0,13.5,1
92,Programming,MIDTERM,50.0,32.2,1
92,Programming,FINAL,100.0,48.8,1
93,Data Structures,TEST1,20.0,9.3,1
93,Data Structures,TEST2,20.0,10.6,1
93,Data Structures,MIDTERM,50.0,31.3,1
93,Data Structures,FINAL,100.0,77.5,1
93,Engineering Fundamentals,TEST1,20.0,9.0,1
93,Engineering Fundamentals,TEST2,20.0,12.3,1
93,Engineering Fundamentals,MIDTERM,50.0,33.8,1
93,Engineering Fundamentals,FINAL,100.0,77.4,1
93,Programming,TEST1,20.0,9.8,1
93,Programming,TEST2,20.0,12.0,1
93,Programming,MIDTERM,50.0,34.6,1
93,Programming,FINAL,100.0,79.8,1
93,Communication Skills,TEST1,20.0,10.0,1
93,Communication Skills,TEST2,20.0,10.8,1
93,Communication Skills,MIDTERM,50.0,30.6,1
93,Communication Skills,FINAL,100.0,73.1,1
94,Programming,TEST1,20.0,9.3,1
94,Programming,TEST2,20.0,11.2,1
94,Programming,MIDTERM,50.0,37.2,1
94,Programming,FINAL,100.0,83.2,1
94,Electronics,TEST1,20.0,11.1,1
94,Electronics,TEST2,20.0,12.3,1
94,Electronics,MIDTERM,50.0,33.9,1
94,Electronics,FINAL,100.0,77.3,1
94,Communication Skills,TEST1,20.0,9.4,1
94,Communication Skills,TEST2,20.0,12.0,1
94,Communication Skills,MIDTERM,50.0,33.2,1
94,Communication Skills,FINAL,100.0,73.8,1
94,Engineering Fundamentals,TEST1,20.0,9.1,1
94,Engineering Fundamentals,TEST2,20.0,12.1,1
94,Engineering Fundamentals,MIDTERM,50.0,33.7,1
94,Engineering Fundamentals,FINAL,100.0,83.0,1
95,Data Structures,TEST1,20.0,17.0,1
95,Data Structures,TEST2,20.0,16.6,1
95,Data Structures,MIDTERM,50.0,40.8,1
95,Data Structures,FINAL,100.0,80.8,1
95,Programming,TEST1,20.0,15.5,1
95,Programming,TEST2,20.0,15.3,1
95,Programming,MIDTERM,50.0,38.8,1
95,Programming,FINAL,100.0,72.9,1
95,Communication Skills,TEST1,20.0,13.5,1
95,Communication Skills,TEST2,20.0,12.8,1
95,Communication Skills,MIDTERM,50.0,36.3,1
95,Communication Skills,FINAL,100.0,63.4,1
95,Engineering Fundamentals,TEST1,20.0,16.3,1
95,Engineering Fundamentals,TEST2,20.0,14.1,1
95,Engineering Fundamentals,MIDTERM,50.0,39.8,1
95,Engineering Fundamentals,FINAL,100.0,72.4,1
96,Engineering Fundamentals,TEST1,20.0,14.9,1
96,Engineering Fundamentals,TEST2,20.0,13.8,1
96,Engineering Fundamentals,MIDTERM,50.0,31.2,1
96,Engineering Fundamentals,FINAL,100.0,56.3,1
96,Mathematics,TEST1,20.0,13.9,1
96,Mathematics,TEST2,20.0,13.4,1
96,Mathematics,MIDTERM,50.0,29.1,1
96,Mathematics,FINAL,100.0,57.2,1
96,Data Structures,TEST1,20.0,14.3,1
96,Data Structures,TEST2,20.0,13.4,1
96,Data Structures,MIDTERM,50.0,24.7,1
96,Data Structures,FINAL,100.0,43.9,1
96,Electronics,TEST1,20.0,15.6,1
96,Electronics,TEST2,20.0,12.7,1
96,Electronics,MIDTERM,50.0,28.7,1
96,Electronics,FINAL,100.0,50.9,1
97,Electronics,TEST1,20.0,10.3,1
97,Electronics,TEST2,20.0,12.5,1
97,Electronics,MIDTERM,50.0,36.0,1
97,Electronics,FINAL,100.0,82.4,1
97,Programming,TEST1,20.0,10.9,1
97,Programming,TEST2,20.0,13.4,1
97,Programming,MIDTERM,50.0,38.5,1
97,Programming,FINAL,100.0,86.9,1
97,Engineering Fundamentals,TEST1,20.0,9.9,1
97,Engineering Fundamentals,TEST2,20.0,12.0,1
97,Engineering Fundamentals,MIDTERM,50.0,35.9,1
97,Engineering Fundamentals,FINAL,100.0,81.3,1
97,Communication Skills,TEST1,20.0,8.3,1
97,Communication Skills,TEST2,20.0,11.2,1
97,Communication Skills,MIDTERM,50.0,33.2,1
97,Communication Skills,FINAL,100.0,81.4,1
98,Mathematics,TEST1,20.0,17.9,1
98,Mathematics,TEST2,20.0,17.0,1
98,Mathematics,MIDTERM,50.0,41.3,1
98,Mathematics,FINAL,100.0,91.8,1
98,Communication Skills,TEST1,20.0,13.9,1
98,Communication Skills,TEST2,20.0,15.0,1
98,Communication Skills,MIDTERM,50.0,37.3,1
98,Communication Skills,FINAL,100.0,71.5,1
98,Engineering Fundamentals,TEST1,20.0,15.4,1
98,Engineering Fundamentals,TEST2,20.0,14.5,1
98,Engineering Fundamentals,MIDTERM,50.0,33.6,1
98,Engineering Fundamentals,FINAL,100.0,69.8,1
98,Programming,TEST1,20.0,16.2,1
98,Programming,TEST2,20.0,17.5,1
98,Programming,MIDTERM,50.0,41.6,1
98,Programming,FINAL,100.0,80.6,1
99,Engineering Fundamentals,TEST1,20.0,16.4,1
99,Engineering Fundamentals,TEST2,20.0,17.0,1
99,Engineering Fundamentals,MIDTERM,50.0,43.7,1
99,Engineering Fundamentals,FINAL,100.0,84.2,1
99,Electronics,TEST1,20.0,13.3,1
99,Electronics,TEST2,20.0,14.3,1
99,Electronics,MIDTERM,50.0,37.0,1
99,Electronics,FINAL,100.0,70.5,1
99,Data Structures,TEST1,20.0,16.4,1
99,Data Structures,TEST2,20.0,16.9,1
99,Data Structures,MIDTERM,50.0,43.2,1
99,Data Structures,FINAL,100.0,90.6,1
99,Mathematics,TEST1,20.0,13.6,1
99,Mathematics,TEST2,20.0,13.6,1
99,Mathematics,MIDTERM,50.0,36.4,1
99,Mathematics,FINAL,100.0,68.9,1
100,Mathematics,TEST1,20.0,15.5,1
100,Mathematics,TEST2,20.0,14.9,1
100,Mathematics,MIDTERM,50.0,34.8,1
100,Mathematics,FINAL,100.0,72.4,1
100,Data Structures,TEST1,20.0,14.2,1
100,Data Structures,TEST2,20.0,15.1,1
100,Data Structures,MIDTERM,50.0,32.9,1
100,Data Structures,FINAL,100.0,68.8,1
100,Programming,TEST1,20.0,16.9,1
100,Programming,TEST2,20.0,16.7,1
100,Programming,MIDTERM,50.0,38.9,1
100,Programming,FINAL,100.0,83.0,1
100,Engineering Fundamentals,TEST1,20.0,14.6,1
100,Engineering Fundamentals,TEST2,20.0,13.9,1
100,Engineering Fundamentals,MIDTERM,50.0,33.9,1
100,Engineering Fundamentals,FINAL,100.0,64.6,1
101,Data Structures,TEST1,20.0,12.2,1
101,Data Structures,TEST2,20.0,11.2,1
101,Data Structures,MIDTERM,50.0,23.8,1
101,Data Structures,FINAL,100.0,36.3,1
101,Communication Skills,TEST1,20.0,11.9,1
101,Communication Skills,TEST2,20.0,9.6,1
101,Communication Skills,MIDTERM,50.0,23.8,1
101,Communication Skills,FINAL,100.0,37.1,1
101,Programming,TEST1,20.0,12.8,1
101,Programming,TEST2,20.0,10.1,1
101,Programming,MIDTERM,50.0,16.2,1
101,Programming,FINAL,100.0,30.3,1
101,Electronics,TEST1,20.0,12.0,1
101,Electronics,TEST2,20.0,10.9,1
101,Electronics,MIDTERM,50.0,23.3,1
101,Electronics,FINAL,100.0,39.7,1
102,Data Structures,TEST1,20.0,14.5,1
102,Data Structures,TEST2,20.0,14.4,1
102,Data Structures,MIDTERM,50.0,31.6,1
102,Data Structures,FINAL,100.0,52.6,1
102,Engineering Fundamentals,TEST1,20.0,12.9,1
102,Engineering Fundamentals,TEST2,20.0,13.3,1
102,Engineering Fundamentals,MIDTERM,50.0,27.5,1
102,Engineering Fundamentals,FINAL,100.0,53.1,1
102,Electronics,TEST1,20.0,15.1,1
102,Electronics,TEST2,20.0,15.0,1
102,Electronics,MIDTERM,50.0,33.0,1
102,Electronics,FINAL,100.0,59.5,1
102,Programming,TEST1,20.0,15.0,1
102,Programming,TEST2,20.0,11.5,1
102,Programming,MIDTERM,50.0,33.3,1
102,Programming,FINAL,100.0,53.2,1
103,Engineering Fundamentals,TEST1,20.0,18.1,1
103,Engineering Fundamentals,TEST2,20.0,16.5,1
103,Engineering Fundamentals,MIDTERM,50.0,44.4,1
103,Engineering Fundamentals,FINAL,100.0,86.7,1
103,Mathematics,TEST1,20.0,14.9,1
103,Mathematics,TEST2,20.0,14.9,1
103,Mathematics,MIDTERM,50.0,38.9,1
103,Mathematics,FINAL,100.0,76.5,1
103,Programming,TEST1,20.0,15.9,1
103,Programming,TEST2,20.0,15.7,1
103,Programming,MIDTERM,50.0,38.5,1
103,Programming,FINAL,100.0,74.9,1
103,Data Structures,TEST1,20.0,15.0,1
103,Data Structures,TEST2,20.0,16.1,1
103,Data Structures,MIDTERM,50.0,37.4,1
103,Data Structures,FINAL,100.0,77.7,1
104,Engineering Fundamentals,TEST1,20.0,16.4,1
104,Engineering Fundamentals,TEST2,20.0,15.3,1
104,Engineering Fundamentals,MIDTERM,50.0,42.8,1
104,Engineering Fundamentals,FINAL,100.0,84.8,1
104,Electronics,TEST1,20.0,16.2,1
104,Electronics,TEST2,20.0,15.1,1
104,Electronics,MIDTERM,50.0,38.3,1
104,Electronics,FINAL,100.0,73.2,1
104,Mathematics,TEST1,20.0,15.3,1
104,Mathematics,TEST2,20.0,15.3,1
104,Mathematics,MIDTERM,50.0,40.2,1
104,Mathematics,FINAL,100.0,78.3,1
104,Programming,TEST1,20.0,13.8,1
104,Programming,TEST2,20.0,13.2,1
104,Programming,MIDTERM,50.0,33.7,1
104,Programming,FINAL,100.0,69.2,1
105,Communication Skills,TEST1,20.0,15.2,1
105,Communication Skills,TEST2,20.0,13.1,1
105,Communication Skills,MIDTERM,50.0,27.2,1
105,Communication Skills,FINAL,100.0,38.4,1
105,Electronics,TEST1,20.0,13.5,1
105,Electronics,TEST2,20.0,11.2,1
105,Electronics,MIDTERM,50.0,20.0,1
105,Electronics,FINAL,100.0,21.6,1
105,Engineering Fundamentals,TEST1,20.0,13.5,1
105,Engineering Fundamentals,TEST2,20.0,10.5,1
105,Engineering Fundamentals,MIDTERM,50.0,17.3,1
105,Engineering Fundamentals,FINAL,100.0,24.0,1
105,Mathematics,TEST1,20.0,12.2,1
105,Mathematics,TEST2,20.0,9.8,1
105,Mathematics,MIDTERM,50.0,14.8,1
105,Mathematics,FINAL,100.0,24.2,1
106,Communication Skills,TEST1,20.0,14.0,1
106,Communication Skills,TEST2,20.0,11.9,1
106,Communication Skills,MIDTERM,50.0,20.1,1
106,Communication Skills,FINAL,100.0,27.0,1
106,Engineering Fundamentals,TEST1,20.0,12.5,1
106,Engineering Fundamentals,TEST2,20.0,10.0,1
106,Engineering Fundamentals,MIDTERM,50.0,17.0,1
106,Engineering Fundamentals,FINAL,100.0,24.6,1
106,Programming,TEST1,20.0,14.2,1
106,Programming,TEST2,20.0,11.9,1
106,Programming,MIDTERM,50.0,25.2,1
106,Programming,FINAL,100.0,38.7,1
106,Electronics,TEST1,20.0,12.5,1
106,Electronics,TEST2,20.0,9.1,1
106,Electronics,MIDTERM,50.0,14.6,1
106,Electronics,FINAL,100.0,23.8,1
107,Data Structures,TEST1,20.0,10.2,1
107,Data Structures,TEST2,20.0,11.9,1
107,Data Structures,MIDTERM,50.0,33.5,1
107,Data Structures,FINAL,100.0,72.8,1
107,Mathematics,TEST1,20.0,10.7,1
107,Mathematics,TEST2,20.0,12.6,1
107,Mathematics,MIDTERM,50.0,36.1,1
107,Mathematics,FINAL,100.0,75.7,1
107,Electronics,TEST1,20.0,10.9,1
107,Electronics,TEST2,20.0,12.2,1
107,Electronics,MIDTERM,50.0,33.6,1
107,Electronics,FINAL,100.0,79.7,1
107,Communication Skills,TEST1,20.0,9.2,1
107,Communication Skills,TEST2,20.0,11.6,1
107,Communication Skills,MIDTERM,50.0,32.2,1
107,Communication Skills,FINAL,100.0,74.8,1
108,Mathematics,TEST1,20.0,16.9,1
108,Mathematics,TEST2,20.0,15.8,1
108,Mathematics,MIDTERM,50.0,40.6,1
108,Mathematics,FINAL,100.0,88.0,1
108,Communication Skills,TEST1,20.0,16.2,1
108,Communication Skills,TEST2,20.0,17.2,1
108,Communication Skills,MIDTERM,50.0,41.5,1
108,Communication Skills,FINAL,100.0,84.2,1
108,Electronics,TEST1,20.0,13.9,1
108,Electronics,TEST2,20.0,14.0,1
108,Electronics,MIDTERM,50.0,33.1,1
108,Electronics,FINAL,100.0,70.9,1
108,Data Structures,TEST1,20.0,16.2,1
108,Data Structures,TEST2,20.0,17.4,1
108,Data Structures,MIDTERM,50.0,41.4,1
108,Data Structures,FINAL,100.0,86.3,1
109,Electronics,TEST1,20.0,16.8,1
109,Electronics,TEST2,20.0,17.0,1
109,Electronics,MIDTERM,50.0,44.1,1
109,Electronics,FINAL,100.0,82.7,1
109,Programming,TEST1,20.0,13.5,1
109,Programming,TEST2,20.0,14.1,1
109,Programming,MIDTERM,50.0,36.8,1
109,Programming,FINAL,100.0,73.1,1
109,Engineering Fundamentals,TEST1,20.0,16.6,1
109,Engineering Fundamentals,TEST2,20.0,16.7,1
109,Engineering Fundamentals,MIDTERM,50.0,40.7,1
109,Engineering Fundamentals,FINAL,100.0,84.3,1
109,Communication Skills,TEST1,20.0,17.5,1
109,Communication Skills,TEST2,20.0,16.6,1
109,Communication Skills,MIDTERM,50.0,42.4,1
109,Communication Skills,FINAL,100.0,87.2,1
110,Engineering Fundamentals,TEST1,20.0,11.3,1
110,Engineering Fundamentals,TEST2,20.0,9.7,1
110,Engineering Fundamentals,MIDTERM,50.0,21.3,1
110,Engineering Fundamentals,FINAL,100.0,33.5,1
110,Mathematics,TEST1,20.0,12.8,1
110,Mathematics,TEST2,20.0,11.5,1
110,Mathematics,MIDTERM,50.0,21.3,1
110,Mathematics,FINAL,100.0,34.9,1
110,Communication Skills,TEST1,20.0,12.4,1
110,Communication Skills,TEST2,20.0,10.8,1
110,Communication Skills,MIDTERM,50.0,16.3,1
110,Communication Skills,FINAL,100.0,29.5,1
110,Electronics,TEST1,20.0,11.4,1
110,Electronics,TEST2,20.0,10.0,1
110,Electronics,MIDTERM,50.0,21.8,1
110,Electronics,FINAL,100.0,26.5,1
111,Mathematics,TEST1,20.0,11.9,1
111,Mathematics,TEST2,20.0,13.1,1
111,Mathematics,MIDTERM,50.0,36.2,1
111,Mathematics,FINAL,100.0,88.6,1
111,Engineering Fundamentals,TEST1,20.0,9.7,1
111,Engineering Fundamentals,TEST2,20.0,12.2,1
111,Engineering Fundamentals,MIDTERM,50.0,36.2,1
111,Engineering Fundamentals,FINAL,100.0,74.8,1
111,Communication Skills,TEST1,20.0,8.8,1
111,Communication Skills,TEST2,20.0,10.7,1
111,Communication Skills,MIDTERM,50.0,29.1,1
111,Communication Skills,FINAL,100.0,66.2,1
111,Programming,TEST1,20.0,8.5,1
111,Programming,TEST2,20.0,11.6,1
111,Programming,MIDTERM,50.0,36.3,1
111,Programming,FINAL,100.0,79.2,1
112,Mathematics,TEST1,20.0,14.8,1
112,Mathematics,TEST2,20.0,14.7,1
112,Mathematics,MIDTERM,50.0,37.3,1
112,Mathematics,FINAL,100.0,74.5,1
112,Engineering Fundamentals,TEST1,20.0,14.5,1
112,Engineering Fundamentals,TEST2,20.0,14.8,1
112,Engineering Fundamentals,MIDTERM,50.0,35.8,1
112,Engineering Fundamentals,FINAL,100.0,74.8,1
112,Communication Skills,TEST1,20.0,18.3,1
112,Communication Skills,TEST2,20.0,15.7,1
112,Communication Skills,MIDTERM,50.0,39.8,1
112,Communication Skills,FINAL,100.0,86.2,1
112,Data Structures,TEST1,20.0,16.7,1
112,Data Structures,TEST2,20.0,16.8,1
112,Data Structures,MIDTERM,50.0,44.6,1
112,Data Structures,FINAL,100.0,90.2,1
113,Electronics,TEST1,20.0,17.7,1
113,Electronics,TEST2,20.0,17.1,1
113,Electronics,MIDTERM,50.0,41.7,1
113,Electronics,FINAL,100.0,83.1,1
113,Programming,TEST1,20.0,16.9,1
113,Programming,TEST2,20.0,16.5,1
113,Programming,MIDTERM,50.0,39.5,1
113,Programming,FINAL,100.0,84.0,1
113,Communication Skills,TEST1,20.0,14.2,1
113,Communication Skills,TEST2,20.0,14.8,1
113,Communication Skills,MIDTERM,50.0,35.9,1
113,Communication Skills,FINAL,100.0,68.6,1
113,Mathematics,TEST1,20.0,16.7,1
113,Mathematics,TEST2,20.0,16.9,1
113,Mathematics,MIDTERM,50.0,39.4,1
113,Mathematics,FINAL,100.0,82.0,1
114,Communication Skills,TEST1,20.0,15.7,1
114,Communication Skills,TEST2,20.0,12.5,1
114,Communication Skills,MIDTERM,50.0,28.9,1
114,Communication Skills,FINAL,100.0,47.3,1
114,Mathematics,TEST1,20.0,15.6,1
114,Mathematics,TEST2,20.0,14.5,1
114,Mathematics,MIDTERM,50.0,30.8,1
114,Mathematics,FINAL,100.0,59.0,1
114,Engineering Fundamentals,TEST1,20.0,12.7,1
114,Engineering Fundamentals,TEST2,20.0,12.3,1
114,Engineering Fundamentals,MIDTERM,50.0,29.7,1
114,Engineering Fundamentals,FINAL,100.0,51.2,1
114,Data Structures,TEST1,20.0,15.8,1
114,Data Structures,TEST2,20.0,13.4,1
114,Data Structures,MIDTERM,50.0,32.2,1
114,Data Structures,FINAL,100.0,52.0,1
115,Electronics,TEST1,20.0,16.7,1
115,Electronics,TEST2,20.0,17.9,1
115,Electronics,MIDTERM,50.0,41.6,1
115,Electronics,FINAL,100.0,81.5,1
115,Engineering Fundamentals,TEST1,20.0,16.9,1
115,Engineering Fundamentals,TEST2,20.0,16.2,1
115,Engineering Fundamentals,MIDTERM,50.0,41.8,1
115,Engineering Fundamentals,FINAL,100.0,86.5,1
115,Mathematics,TEST1,20.0,15.2,1
115,Mathematics,TEST2,20.0,15.6,1
115,Mathematics,MIDTERM,50.0,41.2,1
115,Mathematics,FINAL,100.0,77.5,1
115,Communication Skills,TEST1,20.0,15.5,1
115,Communication Skills,TEST2,20.0,15.5,1
115,Communication Skills,MIDTERM,50.0,38.1,1
115,Communication Skills,FINAL,100.0,75.7,1
116,Data Structures,TEST1,20.0,13.7,1
116,Data Structures,TEST2,20.0,12.0,1
116,Data Structures,MIDTERM,50.0,26.4,1
116,Data Structures,FINAL,100.0,37.0,1
116,Engineering Fundamentals,TEST1,20.0,12.4,1
116,Engineering Fundamentals,TEST2,20.0,9.9,1
116,Engineering Fundamentals,MIDTERM,50.0,19.7,1
116,Engineering Fundamentals,FINAL,100.0,35.9,1
116,Mathematics,TEST1,20.0,13.5,1
116,Mathematics,TEST2,20.0,11.8,1
116,Mathematics,MIDTERM,50.0,26.5,1
116,Mathematics,FINAL,100.0,48.4,1
116,Communication Skills,TEST1,20.0,12.1,1
116,Communication Skills,TEST2,20.0,10.3,1
116,Communication Skills,MIDTERM,50.0,20.1,1
116,Communication Skills,FINAL,100.0,27.7,1
117,Communication Skills,TEST1,20.0,13.0,1
117,Communication Skills,TEST2,20.0,10.7,1
117,Communication Skills,MIDTERM,50.0,22.7,1
117,Communication Skills,FINAL,100.0,25.0,1
117,Engineering Fundamentals,TEST1,20.0,15.3,1
117,Engineering Fundamentals,TEST2,20.0,11.1,1
117,Engineering Fundamentals,MIDTERM,50.0,26.5,1
117,Engineering Fundamentals,FINAL,100.0,40.7,1
117,Mathematics,TEST1,20.0,14.3,1
117,Mathematics,TEST2,20.0,11.6,1
117,Mathematics,MIDTERM,50.0,21.7,1
117,Mathematics,FINAL,100.0,27.7,1
117,Electronics,TEST1,20.0,13.5,1
117,Electronics,TEST2,20.0,10.4,1
117,Electronics,MIDTERM,50.0,22.2,1
117,Electronics,FINAL,100.0,30.2,1
118,Electronics,TEST1,20.0,14.0,1
118,Electronics,TEST2,20.0,10.2,1
118,Electronics,MIDTERM,50.0,22.3,1
118,Electronics,FINAL,100.0,32.6,1
118,Programming,TEST1,20.0,13.4,1
118,Programming,TEST2,20.0,10.6,1
118,Programming,MIDTERM,50.0,22.4,1
118,Programming,FINAL,100.0,26.0,1
118,Communication Skills,TEST1,20.0,13.7,1
118,Communication Skills,TEST2,20.0,10.6,1
118,Communication Skills,MIDTERM,50.0,23.1,1
118,Communication Skills,FINAL,100.0,29.8,1
118,Data Structures,TEST1,20.0,13.1,1
118,Data Structures,TEST2,20.0,10.1,1
118,Data Structures,MIDTERM,50.0,19.6,1
118,Data Structures,FINAL,100.0,28.9,1
119,Mathematics,TEST1,20.0,9.5,1
119,Mathematics,TEST2,20.0,11.2,1
119,Mathematics,MIDTERM,50.0,32.8,1
119,Mathematics,FINAL,100.0,75.0,1
119,Communication Skills,TEST1,20.0,10.1,1
119,Communication Skills,TEST2,20.0,11.9,1
119,Communication Skills,MIDTERM,50.0,36.9,1
119,Communication Skills,FINAL,100.0,87.5,1
119,Programming,TEST1,20.0,11.7,1
119,Programming,TEST2,20.0,12.0,1
119,Programming,MIDTERM,50.0,33.4,1
119,Programming,FINAL,100.0,79.9,1
119,Electronics,TEST1,20.0,10.5,1
119,Electronics,TEST2,20.0,13.9,1
119,Electronics,MIDTERM,50.0,38.3,1
119,Electronics,FINAL,100.0,88.4,1
120,Communication Skills,TEST1,20.0,14.0,1
120,Communication Skills,TEST2,20.0,12.3,1
120,Communication Skills,MIDTERM,50.0,27.6,1
120,Communication Skills,FINAL,100.0,52.6,1
120,Data Structures,TEST1,20.0,13.9,1
120,Data Structures,TEST2,20.0,12.3,1
120,Data Structures,MIDTERM,50.0,28.9,1
120,Data Structures,FINAL,100.0,53.5,1
120,Electronics,TEST1,20.0,15.3,1
120,Electronics,TEST2,20.0,14.7,1
120,Electronics,MIDTERM,50.0,33.9,1
120,Electronics,FINAL,100.0,58.5,1
120,Programming,TEST1,20.0,15.7,1
120,Programming,TEST2,20.0,14.2,1
120,Programming,MIDTERM,50.0,31.0,1
120,Programming,FINAL,100.0,57.0,1
121,Electronics,TEST1,20.0,15.8,1
121,Electronics,TEST2,20.0,14.3,1
121,Electronics,MIDTERM,50.0,30.9,1
121,Electronics,FINAL,100.0,62.1,1
121,Engineering Fundamentals,TEST1,20.0,15.0,1
121,Engineering Fundamentals,TEST2,20.0,13.7,1
121,Engineering Fundamentals,MIDTERM,50.0,30.3,1
121,Engineering Fundamentals,FINAL,100.0,44.8,1
121,Programming,TEST1,20.0,12.2,1
121,Programming,TEST2,20.0,12.6,1
121,Programming,MIDTERM,50.0,29.2,1
121,Programming,FINAL,100.0,51.9,1
121,Communication Skills,TEST1,20.0,14.2,1
121,Communication Skills,TEST2,20.0,12.5,1
121,Communication Skills,MIDTERM,50.0,32.4,1
121,Communication Skills,FINAL,100.0,57.4,1
122,Engineering Fundamentals,TEST1,20.0,14.1,1
122,Engineering Fundamentals,TEST2,20.0,13.2,1
122,Engineering Fundamentals,MIDTERM,50.0,31.5,1
122,Engineering Fundamentals,FINAL,100.0,51.1,1
122,Programming,TEST1,20.0,13.9,1
122,Programming,TEST2,20.0,14.6,1
122,Programming,MIDTERM,50.0,31.7,1
122,Programming,FINAL,100.0,59.1,1
122,Data Structures,TEST1,20.0,15.3,1
122,Data Structures,TEST2,20.0,13.5,1
122,Data Structures,MIDTERM,50.0,31.3,1
122,Data Structures,FINAL,100.0,56.0,1
122,Mathematics,TEST1,20.0,15.3,1
122,Mathematics,TEST2,20.0,14.4,1
122,Mathematics,MIDTERM,50.0,31.5,1
122,Mathematics,FINAL,100.0,60.1,1
123,Engineering Fundamentals,TEST1,20.0,17.0,1
123,Engineering Fundamentals,TEST2,20.0,15.5,1
123,Engineering Fundamentals,MIDTERM,50.0,43.4,1
123,Engineering Fundamentals,FINAL,100.0,79.3,1
123,Programming,TEST1,20.0,15.9,1
123,Programming,TEST2,20.0,15.1,1
123,Programming,MIDTERM,50.0,37.1,1
123,Programming,FINAL,100.0,73.4,1
123,Mathematics,TEST1,20.0,16.3,1
123,Mathematics,TEST2,20.0,16.3,1
123,Mathematics,MIDTERM,50.0,40.1,1
123,Mathematics,FINAL,100.0,80.7,1
123,Communication Skills,TEST1,20.0,15.6,1
123,Communication Skills,TEST2,20.0,15.8,1
123,Communication Skills,MIDTERM,50.0,38.6,1
123,Communication Skills,FINAL,100.0,78.9,1
124,Engineering Fundamentals,TEST1,20.0,8.1,1
124,Engineering Fundamentals,TEST2,20.0,10.8,1
124,Engineering Fundamentals,MIDTERM,50.0,30.7,1
124,Engineering Fundamentals,FINAL,100.0,74.0,1
124,Electronics,TEST1,20.0,10.6,1
124,Electronics,TEST2,20.0,11.9,1
124,Electronics,MIDTERM,50.0,35.4,1
124,Electronics,FINAL,100.0,82.5,1
124,Programming,TEST1,20.0,11.7,1
124,Programming,TEST2,20.0,13.5,1
124,Programming,MIDTERM,50.0,39.4,1
124,Programming,FINAL,100.0,82.3,1
124,Mathematics,TEST1,20.0,10.7,1
124,Mathematics,TEST2,20.0,12.8,1
124,Mathematics,MIDTERM,50.0,35.2,1
124,Mathematics,FINAL,100.0,78.1,1
125,Data Structures,TEST1,20.0,15.3,1
125,Data Structures,TEST2,20.0,16.2,1
125,Data Structures,MIDTERM,50.0,41.5,1
125,Data Structures,FINAL,100.0,87.0,1
125,Programming,TEST1,20.0,16.3,1
125,Programming,TEST2,20.0,15.0,1
125,Programming,MIDTERM,50.0,37.3,1
125,Programming,FINAL,100.0,68.5,1
125,Engineering Fundamentals,TEST1,20.0,17.4,1
125,Engineering Fundamentals,TEST2,20.0,17.4,1
125,Engineering Fundamentals,MIDTERM,50.0,43.6,1
125,Engineering Fundamentals,FINAL,100.0,82.0,1
125,Electronics,TEST1,20.0,15.3,1
125,Electronics,TEST2,20.0,14.5,1
125,Electronics,MIDTERM,50.0,38.4,1
125,Electronics,FINAL,100.0,67.8,1
126,Data Structures,TEST1,20.0,9.9,1
126,Data Structures,TEST2,20.0,12.8,1
126,Data Structures,MIDTERM,50.0,37.3,1
126,Data Structures,FINAL,100.0,85.1,1
126,Mathematics,TEST1,20.0,8.4,1
126,Mathematics,TEST2,20.0,9.8,1
126,Mathematics,MIDTERM,50.0,32.3,1
126,Mathematics,FINAL,100.0,76.0,1
126,Engineering Fundamentals,TEST1,20.0,10.8,1
126,Engineering Fundamentals,TEST2,20.0,13.3,1
126,Engineering Fundamentals,MIDTERM,50.0,39.9,1
126,Engineering Fundamentals,FINAL,100.0,89.2,1
126,Electronics,TEST1,20.0,8.5,1
126,Electronics,TEST2,20.0,11.0,1
126,Electronics,MIDTERM,50.0,29.8,1
126,Electronics,FINAL,100.0,70.7,1
127,Data Structures,TEST1,20.0,15.1,1
127,Data Structures,TEST2,20.0,15.3,1
127,Data Structures,MIDTERM,50.0,41.2,1
127,Data Structures,FINAL,100.0,77.2,1
127,Engineering Fundamentals,TEST1,20.0,15.5,1
127,Engineering Fundamentals,TEST2,20.0,16.1,1
127,Engineering Fundamentals,MIDTERM,50.0,35.9,1
127,Engineering Fundamentals,FINAL,100.0,79.2,1
127,Mathematics,TEST1,20.0,17.2,1
127,Mathematics,TEST2,20.0,17.3,1
127,Mathematics,MIDTERM,50.0,45.5,1
127,Mathematics,FINAL,100.0,87.3,1
127,Communication Skills,TEST1,20.0,14.8,1
127,Communication Skills,TEST2,20.0,13.9,1
127,Communication Skills,MIDTERM,50.0,36.7,1
127,Communication Skills,FINAL,100.0,82.6,1
128,Engineering Fundamentals,TEST1,20.0,13.7,1
128,Engineering Fundamentals,TEST2,20.0,13.5,1
128,Engineering Fundamentals,MIDTERM,50.0,34.5,1
128,Engineering Fundamentals,FINAL,100.0,67.0,1
128,Data Structures,TEST1,20.0,17.9,1
128,Data Structures,TEST2,20.0,17.0,1
128,Data Structures,MIDTERM,50.0,44.5,1
128,Data Structures,FINAL,100.0,87.7,1
128,Electronics,TEST1,20.0,13.8,1
128,Electronics,TEST2,20.0,15.1,1
128,Electronics,MIDTERM,50.0,33.5,1
128,Electronics,FINAL,100.0,70.4,1
128,Mathematics,TEST1,20.0,15.5,1
128,Mathematics,TEST2,20.0,15.4,1
128,Mathematics,MIDTERM,50.0,39.1,1
128,Mathematics,FINAL,100.0,79.0,1
129,Mathematics,TEST1,20.0,14.9,1
129,Mathematics,TEST2,20.0,14.4,1
129,Mathematics,MIDTERM,50.0,36.5,1
129,Mathematics,FINAL,100.0,77.7,1
129,Programming,TEST1,20.0,16.0,1
129,Programming,TEST2,20.0,14.8,1
129,Programming,MIDTERM,50.0,38.1,1
129,Programming,FINAL,100.0,74.5,1
129,Communication Skills,TEST1,20.0,14.4,1
129,Communication Skills,TEST2,20.0,14.4,1
129,Communication Skills,MIDTERM,50.0,35.3,1
129,Communication Skills,FINAL,100.0,68.2,1
129,Data Structures,TEST1,20.0,16.9,1
129,Data Structures,TEST2,20.0,15.3,1
129,Data Structures,MIDTERM,50.0,38.7,1
129,Data Structures,FINAL,100.0,82.7,1
130,Programming,TEST1,20.0,13.5,1
130,Programming,TEST2,20.0,13.4,1
130,Programming,MIDTERM,50.0,31.1,1
130,Programming,FINAL,100.0,53.6,1
130,Data Structures,TEST1,20.0,13.9,1
130,Data Structures,TEST2,20.0,13.3,1
130,Data Structures,MIDTERM,50.0,28.4,1
130,Data Structures,FINAL,100.0,52.1,1
130,Mathematics,TEST1,20.0,13.1,1
130,Mathematics,TEST2,20.0,12.4,1
130,Mathematics,MIDTERM,50.0,28.6,1
130,Mathematics,FINAL,100.0,49.8,1
130,Engineering Fundamentals,TEST1,20.0,14.1,1
130,Engineering Fundamentals,TEST2,20.0,13.7,1
130,Engineering Fundamentals,MIDTERM,50.0,32.1,1
130,Engineering Fundamentals,FINAL,100.0,59.0,1
131,Data Structures,TEST1,20.0,15.8,1
131,Data Structures,TEST2,20.0,14.8,1
131,Data Structures,MIDTERM,50.0,38.6,1
131,Data Structures,FINAL,100.0,79.0,1
131,Mathematics,TEST1,20.0,18.2,1
131,Mathematics,TEST2,20.0,16.7,1
131,Mathematics,MIDTERM,50.0,43.1,1
131,Mathematics,FINAL,100.0,84.5,1
131,Communication Skills,TEST1,20.0,14.9,1
131,Communication Skills,TEST2,20.0,14.2,1
131,Communication Skills,MIDTERM,50.0,34.7,1
131,Communication Skills,FINAL,100.0,77.8,1
131,Programming,TEST1,20.0,13.5,1
131,Programming,TEST2,20.0,13.8,1
131,Programming,MIDTERM,50.0,32.3,1
131,Programming,FINAL,100.0,68.2,1
132,Communication Skills,TEST1,20.0,13.9,1
132,Communication Skills,TEST2,20.0,14.3,1
132,Communication Skills,MIDTERM,50.0,36.0,1
132,Communication Skills,FINAL,100.0,77.1,1
132,Data Structures,TEST1,20.0,14.4,1
132,Data Structures,TEST2,20.0,14.7,1
132,Data Structures,MIDTERM,50.0,36.1,1
132,Data Structures,FINAL,100.0,71.7,1
132,Engineering Fundamentals,TEST1,20.0,14.6,1
132,Engineering Fundamentals,TEST2,20.0,14.5,1
132,Engineering Fundamentals,MIDTERM,50.0,34.5,1
132,Engineering Fundamentals,FINAL,100.0,64.9,1
132,Mathematics,TEST1,20.0,17.2,1
132,Mathematics,TEST2,20.0,16.0,1
132,Mathematics,MIDTERM,50.0,45.1,1
132,Mathematics,FINAL,100.0,78.7,1
133,Engineering Fundamentals,TEST1,20.0,15.5,1
133,Engineering Fundamentals,TEST2,20.0,12.8,1
133,Engineering Fundamentals,MIDTERM,50.0,29.6,1
133,Engineering Fundamentals,FINAL,100.0,52.4,1
133,Electronics,TEST1,20.0,15.7,1
133,Electronics,TEST2,20.0,13.9,1
133,Electronics,MIDTERM,50.0,31.8,1
133,Electronics,FINAL,100.0,51.6,1
133,Data Structures,TEST1,20.0,13.1,1
133,Data Structures,TEST2,20.0,13.1,1
133,Data Structures,MIDTERM,50.0,29.7,1
133,Data Structures,FINAL,100.0,55.2,1
133,Communication Skills,TEST1,20.0,15.3,1
133,Communication Skills,TEST2,20.0,13.1,1
133,Communication Skills,MIDTERM,50.0,29.5,1
133,Communication Skills,FINAL,100.0,48.6,1
134,Mathematics,TEST1,20.0,16.8,1
134,Mathematics,TEST2,20.0,15.6,1
134,Mathematics,MIDTERM,50.0,35.3,1
134,Mathematics,FINAL,100.0,80.5,1
134,Engineering Fundamentals,TEST1,20.0,14.4,1
134,Engineering Fundamentals,TEST2,20.0,14.6,1
134,Engineering Fundamentals,MIDTERM,50.0,37.6,1
134,Engineering Fundamentals,FINAL,100.0,74.1,1
134,Programming,TEST1,20.0,15.0,1
134,Programming,TEST2,20.0,14.2,1
134,Programming,MIDTERM,50.0,34.0,1
134,Programming,FINAL,100.0,80.1,1
134,Electronics,TEST1,20.0,15.3,1
134,Electronics,TEST2,20.0,16.2,1
134,Electronics,MIDTERM,50.0,35.5,1
134,Electronics,FINAL,100.0,77.2,1
135,Communication Skills,TEST1,20.0,16.4,1
135,Communication Skills,TEST2,20.0,13.7,1
135,Communication Skills,MIDTERM,50.0,28.3,1
135,Communication Skills,FINAL,100.0,45.6,1
135,Data Structures,TEST1,20.0,15.0,1
135,Data Structures,TEST2,20.0,12.5,1
135,Data Structures,MIDTERM,50.0,28.6,1
135,Data Structures,FINAL,100.0,54.3,1
135,Engineering Fundamentals,TEST1,20.0,15.3,1
135,Engineering Fundamentals,TEST2,20.0,12.8,1
135,Engineering Fundamentals,MIDTERM,50.0,33.1,1
135,Engineering Fundamentals,FINAL,100.0,54.1,1
135,Mathematics,TEST1,20.0,13.5,1
135,Mathematics,TEST2,20.0,13.0,1
135,Mathematics,MIDTERM,50.0,28.1,1
135,Mathematics,FINAL,100.0,52.3,1
136,Engineering Fundamentals,TEST1,20.0,14.4,1
136,Engineering Fundamentals,TEST2,20.0,15.0,1
136,Engineering Fundamentals,MIDTERM,50.0,34.9,1
136,Engineering Fundamentals,FINAL,100.0,65.9,1
136,Programming,TEST1,20.0,15.1,1
136,Programming,TEST2,20.0,14.4,1
136,Programming,MIDTERM,50.0,39.2,1
136,Programming,FINAL,100.0,79.1,1
136,Data Structures,TEST1,20.0,14.3,1
136,Data Structures,TEST2,20.0,15.0,1
136,Data Structures,MIDTERM,50.0,37.5,1
136,Data Structures,FINAL,100.0,71.8,1
136,Mathematics,TEST1,20.0,14.9,1
136,Mathematics,TEST2,20.0,15.8,1
136,Mathematics,MIDTERM,50.0,42.0,1
136,Mathematics,FINAL,100.0,77.0,1
137,Mathematics,TEST1,20.0,12.6,1
137,Mathematics,TEST2,20.0,13.8,1
137,Mathematics,MIDTERM,50.0,35.1,1
137,Mathematics,FINAL,100.0,70.6,1
137,Data Structures,TEST1,20.0,17.3,1
137,Data Structures,TEST2,20.0,16.8,1
137,Data Structures,MIDTERM,50.0,40.2,1
137,Data Structures,FINAL,100.0,89.3,1
137,Programming,TEST1,20.0,14.2,1
137,Programming,TEST2,20.0,14.8,1
137,Programming,MIDTERM,50.0,37.6,1
137,Programming,FINAL,100.0,72.5,1
137,Engineering Fundamentals,TEST1,20.0,14.8,1
137,Engineering Fundamentals,TEST2,20.0,14.1,1
137,Engineering Fundamentals,MIDTERM,50.0,36.8,1
137,Engineering Fundamentals,FINAL,100.0,73.0,1
138,Data Structures,TEST1,20.0,11.7,1
138,Data Structures,TEST2,20.0,11.7,1
138,Data Structures,MIDTERM,50.0,34.4,1
138,Data Structures,FINAL,100.0,87.2,1
138,Communication Skills,TEST1,20.0,10.4,1
138,Communication Skills,TEST2,20.0,12.6,1
138,Communication Skills,MIDTERM,50.0,35.3,1
138,Communication Skills,FINAL,100.0,75.2,1
138,Programming,TEST1,20.0,8.3,1
138,Programming,TEST2,20.0,11.9,1
138,Programming,MIDTERM,50.0,32.5,1
138,Programming,FINAL,100.0,71.3,1
138,Mathematics,TEST1,20.0,9.0,1
138,Mathematics,TEST2,20.0,12.2,1
138,Mathematics,MIDTERM,50.0,36.0,1
138,Mathematics,FINAL,100.0,79.5,1
139,Mathematics,TEST1,20.0,13.7,1
139,Mathematics,TEST2,20.0,9.5,1
139,Mathematics,MIDTERM,50.0,18.7,1
139,Mathematics,FINAL,100.0,18.5,1
139,Data Structures,TEST1,20.0,13.9,1
139,Data Structures,TEST2,20.0,12.1,1
139,Data Structures,MIDTERM,50.0,18.5,1
139,Data Structures,FINAL,100.0,28.8,1
139,Electronics,TEST1,20.0,14.1,1
139,Electronics,TEST2,20.0,10.9,1
139,Electronics,MIDTERM,50.0,21.5,1
139,Electronics,FINAL,100.0,26.7,1
139,Communication Skills,TEST1,20.0,13.1,1
139,Communication Skills,TEST2,20.0,10.3,1
139,Communication Skills,MIDTERM,50.0,19.4,1
139,Communication Skills,FINAL,100.0,23.2,1
140,Programming,TEST1,20.0,14.5,1
140,Programming,TEST2,20.0,14.4,1
140,Programming,MIDTERM,50.0,40.6,1
140,Programming,FINAL,100.0,79.2,1
140,Data Structures,TEST1,20.0,14.3,1
140,Data Structures,TEST2,20.0,14.4,1
140,Data Structures,MIDTERM,50.0,37.9,1
140,Data Structures,FINAL,100.0,77.8,1
140,Communication Skills,TEST1,20.0,15.0,1
140,Communication Skills,TEST2,20.0,14.5,1
140,Communication Skills,MIDTERM,50.0,36.2,1
140,Communication Skills,FINAL,100.0,73.4,1
140,Mathematics,TEST1,20.0,15.1,1
140,Mathematics,TEST2,20.0,14.7,1
140,Mathematics,MIDTERM,50.0,38.1,1
140,Mathematics,FINAL,100.0,73.9,1
141,Programming,TEST1,20.0,8.9,1
141,Programming,TEST2,20.0,10.7,1
141,Programming,MIDTERM,50.0,32.5,1
141,Programming,FINAL,100.0,75.5,1
141,Engineering Fundamentals,TEST1,20.0,11.1,1
141,Engineering Fundamentals,TEST2,20.0,11.9,1
141,Engineering Fundamentals,MIDTERM,50.0,34.2,1
141,Engineering Fundamentals,FINAL,100.0,77.5,1
141,Mathematics,TEST1,20.0,10.2,1
141,Mathematics,TEST2,20.0,12.1,1
141,Mathematics,MIDTERM,50.0,35.6,1
141,Mathematics,FINAL,100.0,81.0,1
141,Data Structures,TEST1,20.0,10.7,1
141,Data Structures,TEST2,20.0,11.7,1
141,Data Structures,MIDTERM,50.0,36.9,1
141,Data Structures,FINAL,100.0,74.7,1
142,Communication Skills,TEST1,20.0,8.5,1
142,Communication Skills,TEST2,20.0,11.2,1
142,Communication Skills,MIDTERM,50.0,32.5,1
142,Communication Skills,FINAL,100.0,74.4,1
142,Programming,TEST1,20.0,9.4,1
142,Programming,TEST2,20.0,10.3,1
142,Programming,MIDTERM,50.0,34.3,1
142,Programming,FINAL,100.0,72.6,1
142,Electronics,TEST1,20.0,10.7,1
142,Electronics,TEST2,20.0,13.8,1
142,Electronics,MIDTERM,50.0,36.2,1
142,Electronics,FINAL,100.0,88.4,1
142,Data Structures,TEST1,20.0,9.2,1
142,Data Structures,TEST2,20.0,11.8,1
142,Data Structures,MIDTERM,50.0,36.4,1
142,Data Structures,FINAL,100.0,79.3,1
143,Data Structures,TEST1,20.0,14.2,1
143,Data Structures,TEST2,20.0,13.9,1
143,Data Structures,MIDTERM,50.0,36.5,1
143,Data Structures,FINAL,100.0,72.3,1
143,Programming,TEST1,20.0,17.6,1
143,Programming,TEST2,20.0,17.3,1
143,Programming,MIDTERM,50.0,41.3,1
143,Programming,FINAL,100.0,89.1,1
143,Electronics,TEST1,20.0,13.2,1
143,Electronics,TEST2,20.0,15.0,1
143,Electronics,MIDTERM,50.0,32.1,1
143,Electronics,FINAL,100.0,64.3,1
143,Mathematics,TEST1,20.0,16.5,1
143,Mathematics,TEST2,20.0,16.1,1
143,Mathematics,MIDTERM,50.0,41.8,1
143,Mathematics,FINAL,100.0,80.7,1
144,Data Structures,TEST1,20.0,14.1,1
144,Data Structures,TEST2,20.0,12.4,1
144,Data Structures,MIDTERM,50.0,28.9,1
144,Data Structures,FINAL,100.0,47.4,1
144,Mathematics,TEST1,20.0,15.6,1
144,Mathematics,TEST2,20.0,15.3,1
144,Mathematics,MIDTERM,50.0,33.7,1
144,Mathematics,FINAL,100.0,60.1,1
144,Engineering Fundamentals,TEST1,20.0,14.4,1
144,Engineering Fundamentals,TEST2,20.0,12.7,1
144,Engineering Fundamentals,MIDTERM,50.0,24.3,1
144,Engineering Fundamentals,FINAL,100.0,37.4,1
144,Programming,TEST1,20.0,14.4,1
144,Programming,TEST2,20.0,13.2,1
144,Programming,MIDTERM,50.0,30.6,1
144,Programming,FINAL,100.0,51.3,1
145,Engineering Fundamentals,TEST1,20.0,9.9,1
145,Engineering Fundamentals,TEST2,20.0,11.6,1
145,Engineering Fundamentals,MIDTERM,50.0,32.9,1
145,Engineering Fundamentals,FINAL,100.0,74.9,1
145,Data Structures,TEST1,20.0,8.0,1
145,Data Structures,TEST2,20.0,11.4,1
145,Data Structures,MIDTERM,50.0,28.5,1
145,Data Structures,FINAL,100.0,69.4,1
145,Electronics,TEST1,20.0,8.7,1
145,Electronics,TEST2,20.0,10.7,1
145,Electronics,MIDTERM,50.0,31.5,1
145,Electronics,FINAL,100.0,77.0,1
145,Communication Skills,TEST1,20.0,11.0,1
145,Communication Skills,TEST2,20.0,11.6,1
145,Communication Skills,MIDTERM,50.0,33.9,1
145,Communication Skills,FINAL,100.0,73.4,1
146,Programming,TEST1,20.0,15.0,1
146,Programming,TEST2,20.0,13.9,1
146,Programming,MIDTERM,50.0,37.8,1
146,Programming,FINAL,100.0,85.5,1
146,Mathematics,TEST1,20.0,15.0,1
146,Mathematics,TEST2,20.0,13.6,1
146,Mathematics,MIDTERM,50.0,35.5,1
146,Mathematics,FINAL,100.0,74.7,1
146,Electronics,TEST1,20.0,15.5,1
146,Electronics,TEST2,20.0,16.2,1
146,Electronics,MIDTERM,50.0,38.2,1
146,Electronics,FINAL,100.0,78.3,1
146,Communication Skills,TEST1,20.0,15.1,1
146,Communication Skills,TEST2,20.0,15.3,1
146,Communication Skills,MIDTERM,50.0,41.4,1
146,Communication Skills,FINAL,100.0,80.1,1
147,Electronics,TEST1,20.0,14.7,1
147,Electronics,TEST2,20.0,14.1,1
147,Electronics,MIDTERM,50.0,39.0,1
147,Electronics,FINAL,100.0,79.3,1
147,Programming,TEST1,20.0,17.6,1
147,Programming,TEST2,20.0,16.4,1
147,Programming,MIDTERM,50.0,44.3,1
147,Programming,FINAL,100.0,82.3,1
147,Engineering Fundamentals,TEST1,20.0,15.6,1
147,Engineering Fundamentals,TEST2,20.0,16.4,1
147,Engineering Fundamentals,MIDTERM,50.0,40.0,1
147,Engineering Fundamentals,FINAL,100.0,79.7,1
147,Data Structures,TEST1,20.0,15.2,1
147,Data Structures,TEST2,20.0,15.1,1
147,Data Structures,MIDTERM,50.0,41.1,1
147,Data Structures,FINAL,100.0,81.7,1
148,Electronics,TEST1,20.0,14.8,1
148,Electronics,TEST2,20.0,12.4,1
148,Electronics,MIDTERM,50.0,28.3,1
148,Electronics,FINAL,100.0,50.9,1
148,Engineering Fundamentals,TEST1,20.0,15.0,1
148,Engineering Fundamentals,TEST2,20.0,13.5,1
148,Engineering Fundamentals,MIDTERM,50.0,29.4,1
148,Engineering Fundamentals,FINAL,100.0,50.9,1
148,Mathematics,TEST1,20.0,14.6,1
148,Mathematics,TEST2,20.0,13.0,1
148,Mathematics,MIDTERM,50.0,31.9,1
148,Mathematics,FINAL,100.0,47.9,1
148,Programming,TEST1,20.0,13.8,1
148,Programming,TEST2,20.0,12.2,1
148,Programming,MIDTERM,50.0,25.8,1
148,Programming,FINAL,100.0,43.4,1
149,Communication Skills,TEST1,20.0,10.1,1
149,Communication Skills,TEST2,20.0,12.3,1
149,Communication Skills,MIDTERM,50.0,36.1,1
149,Communication Skills,FINAL,100.0,74.5,1
149,Mathematics,TEST1,20.0,11.3,1
149,Mathematics,TEST2,20.0,12.1,1
149,Mathematics,MIDTERM,50.0,37.4,1
149,Mathematics,FINAL,100.0,82.7,1
149,Electronics,TEST1,20.0,10.7,1
149,Electronics,TEST2,20.0,12.3,1
149,Electronics,MIDTERM,50.0,35.3,1
149,Electronics,FINAL,100.0,79.6,1
149,Data Structures,TEST1,20.0,9.5,1
149,Data Structures,TEST2,20.0,10.9,1
149,Data Structures,MIDTERM,50.0,35.8,1
149,Data Structures,FINAL,100.0,81.2,1
150,Engineering Fundamentals,TEST1,20.0,16.5,1
150,Engineering Fundamentals,TEST2,20.0,16.3,1
150,Engineering Fundamentals,MIDTERM,50.0,41.3,1
150,Engineering Fundamentals,FINAL,100.0,80.8,1
150,Electronics,TEST1,20.0,14.4,1
150,Electronics,TEST2,20.0,15.2,1
150,Electronics,MIDTERM,50.0,36.6,1
150,Electronics,FINAL,100.0,73.5,1
150,Programming,TEST1,20.0,15.6,1
150,Programming,TEST2,20.0,15.5,1
150,Programming,MIDTERM,50.0,38.3,1
150,Programming,FINAL,100.0,79.3,1
150,Data Structures,TEST1,20.0,14.8,1
150,Data Structures,TEST2,20.0,16.1,1
150,Data Structures,MIDTERM,50.0,38.0,1
150,Data Structures,FINAL,100.0,78.4,1
151,Mathematics,TEST1,20.0,12.3,1
151,Mathematics,TEST2,20.0,11.3,1
151,Mathematics,MIDTERM,50.0,23.4,1
151,Mathematics,FINAL,100.0,33.5,1
151,Electronics,TEST1,20.0,13.1,1
151,Electronics,TEST2,20.0,11.5,1
151,Electronics,MIDTERM,50.0,24.3,1
151,Electronics,FINAL,100.0,39.4,1
151,Engineering Fundamentals,TEST1,20.0,13.1,1
151,Engineering Fundamentals,TEST2,20.0,12.4,1
151,Engineering Fundamentals,MIDTERM,50.0,25.0,1
151,Engineering Fundamentals,FINAL,100.0,46.0,1
151,Programming,TEST1,20.0,13.6,1
151,Programming,TEST2,20.0,11.4,1
151,Programming,MIDTERM,50.0,23.7,1
151,Programming,FINAL,100.0,37.6,1
152,Data Structures,TEST1,20.0,12.7,1
152,Data Structures,TEST2,20.0,10.4,1
152,Data Structures,MIDTERM,50.0,20.3,1
152,Data Structures,FINAL,100.0,38.4,1
152,Mathematics,TEST1,20.0,12.8,1
152,Mathematics,TEST2,20.0,10.0,1
152,Mathematics,MIDTERM,50.0,20.7,1
152,Mathematics,FINAL,100.0,34.7,1
152,Engineering Fundamentals,TEST1,20.0,12.5,1
152,Engineering Fundamentals,TEST2,20.0,8.9,1
152,Engineering Fundamentals,MIDTERM,50.0,14.9,1
152,Engineering Fundamentals,FINAL,100.0,25.8,1
152,Communication Skills,TEST1,20.0,12.1,1
152,Communication Skills,TEST2,20.0,9.7,1
152,Communication Skills,MIDTERM,50.0,18.6,1
152,Communication Skills,FINAL,100.0,31.0,1
153,Programming,TEST1,20.0,16.9,1
153,Programming,TEST2,20.0,17.1,1
153,Programming,MIDTERM,50.0,43.9,1
153,Programming,FINAL,100.0,84.7,1
153,Electronics,TEST1,20.0,14.7,1
153,Electronics,TEST2,20.0,15.8,1
153,Electronics,MIDTERM,50.0,39.5,1
153,Electronics,FINAL,100.0,80.2,1
153,Communication Skills,TEST1,20.0,14.3,1
153,Communication Skills,TEST2,20.0,14.0,1
153,Communication Skills,MIDTERM,50.0,35.2,1
153,Communication Skills,FINAL,100.0,66.3,1
153,Engineering Fundamentals,TEST1,20.0,16.4,1
153,Engineering Fundamentals,TEST2,20.0,17.2,1
153,Engineering Fundamentals,MIDTERM,50.0,42.4,1
153,Engineering Fundamentals,FINAL,100.0,81.4,1
154,Mathematics,TEST1,20.0,13.6,1
154,Mathematics,TEST2,20.0,12.3,1
154,Mathematics,MIDTERM,50.0,28.3,1
154,Mathematics,FINAL,100.0,51.6,1
154,Communication Skills,TEST1,20.0,14.0,1
154,Communication Skills,TEST2,20.0,14.7,1
154,Communication Skills,MIDTERM,50.0,28.6,1
154,Communication Skills,FINAL,100.0,49.3,1
154,Engineering Fundamentals,TEST1,20.0,14.2,1
154,Engineering Fundamentals,TEST2,20.0,13.3,1
154,Engineering Fundamentals,MIDTERM,50.0,30.2,1
154,Engineering Fundamentals,FINAL,100.0,53.5,1
154,Electronics,TEST1,20.0,14.5,1
154,Electronics,TEST2,20.0,14.4,1
154,Electronics,MIDTERM,50.0,32.1,1
154,Electronics,FINAL,100.0,49.7,1
155,Engineering Fundamentals,TEST1,20.0,16.7,1
155,Engineering Fundamentals,TEST2,20.0,18.1,1
155,Engineering Fundamentals,MIDTERM,50.0,42.9,1
155,Engineering Fundamentals,FINAL,100.0,83.4,1
155,Communication Skills,TEST1,20.0,16.5,1
155,Communication Skills,TEST2,20.0,16.6,1
155,Communication Skills,MIDTERM,50.0,40.4,1
155,Communication Skills,FINAL,100.0,81.7,1
155,Programming,TEST1,20.0,16.7,1
155,Programming,TEST2,20.0,17.4,1
155,Programming,MIDTERM,50.0,39.1,1
155,Programming,FINAL,100.0,80.6,1
155,Mathematics,TEST1,20.0,14.4,1
155,Mathematics,TEST2,20.0,15.3,1
155,Mathematics,MIDTERM,50.0,36.1,1
155,Mathematics,FINAL,100.0,67.0,1
156,Engineering Fundamentals,TEST1,20.0,15.4,1
156,Engineering Fundamentals,TEST2,20.0,13.3,1
156,Engineering Fundamentals,MIDTERM,50.0,30.7,1
156,Engineering Fundamentals,FINAL,100.0,53.5,1
156,Mathematics,TEST1,20.0,14.4,1
156,Mathematics,TEST2,20.0,13.3,1
156,Mathematics,MIDTERM,50.0,28.0,1
156,Mathematics,FINAL,100.0,54.9,1
156,Data Structures,TEST1,20.0,15.6,1
156,Data Structures,TEST2,20.0,13.2,1
156,Data Structures,MIDTERM,50.0,26.9,1
156,Data Structures,FINAL,100.0,50.4,1
156,Communication Skills,TEST1,20.0,13.9,1
156,Communication Skills,TEST2,20.0,12.4,1
156,Communication Skills,MIDTERM,50.0,26.7,1
156,Communication Skills,FINAL,100.0,58.1,1
157,Engineering Fundamentals,TEST1,20.0,17.8,1
157,Engineering Fundamentals,TEST2,20.0,16.8,1
157,Engineering Fundamentals,MIDTERM,50.0,40.9,1
157,Engineering Fundamentals,FINAL,100.0,81.9,1
157,Programming,TEST1,20.0,17.8,1
157,Programming,TEST2,20.0,17.2,1
157,Programming,MIDTERM,50.0,44.1,1
157,Programming,FINAL,100.0,86.8,1
157,Communication Skills,TEST1,20.0,14.8,1
157,Communication Skills,TEST2,20.0,15.7,1
157,Communication Skills,MIDTERM,50.0,36.8,1
157,Communication Skills,FINAL,100.0,79.1,1
157,Electronics,TEST1,20.0,18.0,1
157,Electronics,TEST2,20.0,17.7,1
157,Electronics,MIDTERM,50.0,40.6,1
157,Electronics,FINAL,100.0,90.0,1
158,Electronics,TEST1,20.0,15.3,1
158,Electronics,TEST2,20.0,13.0,1
158,Electronics,MIDTERM,50.0,31.1,1
158,Electronics,FINAL,100.0,50.2,1
158,Programming,TEST1,20.0,14.8,1
158,Programming,TEST2,20.0,13.8,1
158,Programming,MIDTERM,50.0,29.9,1
158,Programming,FINAL,100.0,48.8,1
158,Communication Skills,TEST1,20.0,13.8,1
158,Communication Skills,TEST2,20.0,12.5,1
158,Communication Skills,MIDTERM,50.0,28.9,1
158,Communication Skills,FINAL,100.0,47.7,1
158,Mathematics,TEST1,20.0,15.7,1
158,Mathematics,TEST2,20.0,13.8,1
158,Mathematics,MIDTERM,50.0,28.7,1
158,Mathematics,FINAL,100.0,50.6,1
159,Engineering Fundamentals,TEST1,20.0,12.8,1
159,Engineering Fundamentals,TEST2,20.0,8.2,1
159,Engineering Fundamentals,MIDTERM,50.0,15.7,1
159,Engineering Fundamentals,FINAL,100.0,20.9,1
159,Programming,TEST1,20.0,13.1,1
159,Programming,TEST2,20.0,11.5,1
159,Programming,MIDTERM,50.0,21.3,1
159,Programming,FINAL,100.0,24.5,1
159,Data Structures,TEST1,20.0,13.4,1
159,Data Structures,TEST2,20.0,12.0,1
159,Data Structures,MIDTERM,50.0,24.8,1
159,Data Structures,FINAL,100.0,36.9,1
159,Communication Skills,TEST1,20.0,14.6,1
159,Communication Skills,TEST2,20.0,11.5,1
159,Communication Skills,MIDTERM,50.0,20.1,1
159,Communication Skills,FINAL,100.0,25.8,1
160,Data Structures,TEST1,20.0,12.8,1
160,Data Structures,TEST2,20.0,9.4,1
160,Data Structures,MIDTERM,50.0,15.5,1
160,Data Structures,FINAL,100.0,23.4,1
160,Communication Skills,TEST1,20.0,13.0,1
160,Communication Skills,TEST2,20.0,10.7,1
160,Communication Skills,MIDTERM,50.0,19.4,1
160,Communication Skills,FINAL,100.0,21.7,1
160,Engineering Fundamentals,TEST1,20.0,14.9,1
160,Engineering Fundamentals,TEST2,20.0,12.0,1
160,Engineering Fundamentals,MIDTERM,50.0,24.1,1
160,Engineering Fundamentals,FINAL,100.0,35.2,1
160,Electronics,TEST1,20.0,13.8,1
160,Electronics,TEST2,20.0,11.3,1
160,Electronics,MIDTERM,50.0,23.4,1
160,Electronics,FINAL,100.0,28.1,1
161,Mathematics,TEST1,20.0,17.6,1
161,Mathematics,TEST2,20.0,17.3,1
161,Mathematics,MIDTERM,50.0,43.2,1
161,Mathematics,FINAL,100.0,86.2,1
161,Communication Skills,TEST1,20.0,16.6,1
161,Communication Skills,TEST2,20.0,17.8,1
161,Communication Skills,MIDTERM,50.0,42.5,1
161,Communication Skills,FINAL,100.0,80.5,1
161,Electronics,TEST1,20.0,15.5,1
161,Electronics,TEST2,20.0,15.3,1
161,Electronics,MIDTERM,50.0,35.3,1
161,Electronics,FINAL,100.0,71.0,1
161,Data Structures,TEST1,20.0,15.1,1
161,Data Structures,TEST2,20.0,13.8,1
161,Data Structures,MIDTERM,50.0,35.7,1
161,Data Structures,FINAL,100.0,77.4,1
162,Communication Skills,TEST1,20.0,12.7,1
162,Communication Skills,TEST2,20.0,10.1,1
162,Communication Skills,MIDTERM,50.0,23.4,1
162,Communication Skills,FINAL,100.0,35.8,1
162,Mathematics,TEST1,20.0,12.4,1
162,Mathematics,TEST2,20.0,10.1,1
162,Mathematics,MIDTERM,50.0,17.9,1
162,Mathematics,FINAL,100.0,24.5,1
162,Programming,TEST1,20.0,13.3,1
162,Programming,TEST2,20.0,8.8,1
162,Programming,MIDTERM,50.0,18.2,1
162,Programming,FINAL,100.0,21.8,1
162,Data Structures,TEST1,20.0,12.7,1
162,Data Structures,TEST2,20.0,9.9,1
162,Data Structures,MIDTERM,50.0,19.1,1
162,Data Structures,FINAL,100.0,22.5,1
163,Programming,TEST1,20.0,18.4,1
163,Programming,TEST2,20.0,17.5,1
163,Programming,MIDTERM,50.0,44.6,1
163,Programming,FINAL,100.0,87.7,1
163,Electronics,TEST1,20.0,17.1,1
163,Electronics,TEST2,20.0,17.4,1
163,Electronics,MIDTERM,50.0,43.6,1
163,Electronics,FINAL,100.0,86.7,1
163,Engineering Fundamentals,TEST1,20.0,13.3,1
163,Engineering Fundamentals,TEST2,20.0,13.9,1
163,Engineering Fundamentals,MIDTERM,50.0,35.1,1
163,Engineering Fundamentals,FINAL,100.0,69.3,1
163,Mathematics,TEST1,20.0,17.9,1
163,Mathematics,TEST2,20.0,18.0,1
163,Mathematics,MIDTERM,50.0,41.1,1
163,Mathematics,FINAL,100.0,82.9,1
164,Data Structures,TEST1,20.0,15.2,1
164,Data Structures,TEST2,20.0,13.9,1
164,Data Structures,MIDTERM,50.0,39.8,1
164,Data Structures,FINAL,100.0,71.8,1
164,Communication Skills,TEST1,20.0,14.8,1
164,Communication Skills,TEST2,20.0,14.6,1
164,Communication Skills,MIDTERM,50.0,37.7,1
164,Communication Skills,FINAL,100.0,72.6,1
164,Electronics,TEST1,20.0,16.5,1
164,Electronics,TEST2,20.0,16.2,1
164,Electronics,MIDTERM,50.0,39.1,1
164,Electronics,FINAL,100.0,87.9,1
164,Engineering Fundamentals,TEST1,20.0,15.1,1
164,Engineering Fundamentals,TEST2,20.0,15.6,1
164,Engineering Fundamentals,MIDTERM,50.0,39.0,1
164,Engineering Fundamentals,FINAL,100.0,81.9,1
165,Mathematics,TEST1,20.0,14.5,1
165,Mathematics,TEST2,20.0,11.5,1
165,Mathematics,MIDTERM,50.0,25.0,1
165,Mathematics,FINAL,100.0,41.7,1
165,Engineering Fundamentals,TEST1,20.0,13.9,1
165,Engineering Fundamentals,TEST2,20.0,14.3,1
165,Engineering Fundamentals,MIDTERM,50.0,30.7,1
165,Engineering Fundamentals,FINAL,100.0,63.2,1
165,Communication Skills,TEST1,20.0,15.8,1
165,Communication Skills,TEST2,20.0,14.9,1
165,Communication Skills,MIDTERM,50.0,32.9,1
165,Communication Skills,FINAL,100.0,58.1,1
165,Programming,TEST1,20.0,15.4,1
165,Programming,TEST2,20.0,14.4,1
165,Programming,MIDTERM,50.0,30.8,1
165,Programming,FINAL,100.0,55.0,1
166,Programming,TEST1,20.0,9.2,1
166,Programming,TEST2,20.0,11.1,1
166,Programming,MIDTERM,50.0,33.0,1
166,Programming,FINAL,100.0,81.1,1
166,Electronics,TEST1,20.0,9.3,1
166,Electronics,TEST2,20.0,10.8,1
166,Electronics,MIDTERM,50.0,29.3,1
166,Electronics,FINAL,100.0,72.6,1
166,Data Structures,TEST1,20.0,9.2,1
166,Data Structures,TEST2,20.0,11.0,1
166,Data Structures,MIDTERM,50.0,31.2,1
166,Data Structures,FINAL,100.0,72.7,1
166,Engineering Fundamentals,TEST1,20.0,9.5,1
166,Engineering Fundamentals,TEST2,20.0,11.7,1
166,Engineering Fundamentals,MIDTERM,50.0,36.3,1
166,Engineering Fundamentals,FINAL,100.0,79.1,1
167,Electronics,TEST1,20.0,12.1,1
167,Electronics,TEST2,20.0,11.4,1
167,Electronics,MIDTERM,50.0,21.5,1
167,Electronics,FINAL,100.0,42.8,1
167,Mathematics,TEST1,20.0,13.0,1
167,Mathematics,TEST2,20.0,10.6,1
167,Mathematics,MIDTERM,50.0,20.5,1
167,Mathematics,FINAL,100.0,35.7,1
167,Communication Skills,TEST1,20.0,13.8,1
167,Communication Skills,TEST2,20.0,11.4,1
167,Communication Skills,MIDTERM,50.0,25.8,1
167,Communication Skills,FINAL,100.0,38.8,1
167,Engineering Fundamentals,TEST1,20.0,12.5,1
167,Engineering Fundamentals,TEST2,20.0,10.1,1
167,Engineering Fundamentals,MIDTERM,50.0,17.8,1
167,Engineering Fundamentals,FINAL,100.0,26.2,1
168,Electronics,TEST1,20.0,13.8,1
168,Electronics,TEST2,20.0,11.5,1
168,Electronics,MIDTERM,50.0,22.3,1
168,Electronics,FINAL,100.0,33.2,1
168,Engineering Fundamentals,TEST1,20.0,13.5,1
168,Engineering Fundamentals,TEST2,20.0,11.2,1
168,Engineering Fundamentals,MIDTERM,50.0,20.2,1
168,Engineering Fundamentals,FINAL,100.0,26.8,1
168,Data Structures,TEST1,20.0,13.7,1
168,Data Structures,TEST2,20.0,12.5,1
168,Data Structures,MIDTERM,50.0,26.2,1
168,Data Structures,FINAL,100.0,41.2,1
168,Mathematics,TEST1,20.0,12.6,1
168,Mathematics,TEST2,20.0,10.8,1
168,Mathematics,MIDTERM,50.0,14.9,1
168,Mathematics,FINAL,100.0,17.4,1
169,Mathematics,TEST1,20.0,15.6,1
169,Mathematics,TEST2,20.0,15.8,1
169,Mathematics,MIDTERM,50.0,39.3,1
169,Mathematics,FINAL,100.0,74.5,1
169,Programming,TEST1,20.0,14.2,1
169,Programming,TEST2,20.0,14.3,1
169,Programming,MIDTERM,50.0,33.9,1
169,Programming,FINAL,100.0,67.3,1
169,Electronics,TEST1,20.0,17.2,1
169,Electronics,TEST2,20.0,17.5,1
169,Electronics,MIDTERM,50.0,42.0,1
169,Electronics,FINAL,100.0,88.9,1
169,Data Structures,TEST1,20.0,14.2,1
169,Data Structures,TEST2,20.0,13.7,1
169,Data Structures,MIDTERM,50.0,33.9,1
169,Data Structures,FINAL,100.0,77.6,1
170,Electronics,TEST1,20.0,14.4,1
170,Electronics,TEST2,20.0,12.7,1
170,Electronics,MIDTERM,50.0,31.8,1
170,Electronics,FINAL,100.0,69.9,1
170,Programming,TEST1,20.0,16.5,1
170,Programming,TEST2,20.0,17.5,1
170,Programming,MIDTERM,50.0,43.2,1
170,Programming,FINAL,100.0,84.4,1
170,Engineering Fundamentals,TEST1,20.0,15.1,1
170,Engineering Fundamentals,TEST2,20.0,13.3,1
170,Engineering Fundamentals,MIDTERM,50.0,33.2,1
170,Engineering Fundamentals,FINAL,100.0,65.9,1
170,Communication Skills,TEST1,20.0,16.5,1
170,Communication Skills,TEST2,20.0,16.3,1
170,Communication Skills,MIDTERM,50.0,40.5,1
170,Communication Skills,FINAL,100.0,82.1,1
171,Electronics,TEST1,20.0,15.2,1
171,Electronics,TEST2,20.0,15.4,1
171,Electronics,MIDTERM,50.0,37.9,1
171,Electronics,FINAL,100.0,74.0,1
171,Mathematics,TEST1,20.0,15.2,1
171,Mathematics,TEST2,20.0,15.5,1
171,Mathematics,MIDTERM,50.0,36.7,1
171,Mathematics,FINAL,100.0,82.1,1
171,Communication Skills,TEST1,20.0,14.3,1
171,Communication Skills,TEST2,20.0,14.3,1
171,Communication Skills,MIDTERM,50.0,35.3,1
171,Communication Skills,FINAL,100.0,69.5,1
171,Data Structures,TEST1,20.0,17.5,1
171,Data Structures,TEST2,20.0,17.2,1
171,Data Structures,MIDTERM,50.0,41.0,1
171,Data Structures,FINAL,100.0,84.0,1
172,Mathematics,TEST1,20.0,15.6,1
172,Mathematics,TEST2,20.0,13.5,1
172,Mathematics,MIDTERM,50.0,29.6,1
172,Mathematics,FINAL,100.0,50.0,1
172,Engineering Fundamentals,TEST1,20.0,14.4,1
172,Engineering Fundamentals,TEST2,20.0,13.0,1
172,Engineering Fundamentals,MIDTERM,50.0,32.4,1
172,Engineering Fundamentals,FINAL,100.0,51.0,1
172,Data Structures,TEST1,20.0,15.3,1
172,Data Structures,TEST2,20.0,12.3,1
172,Data Structures,MIDTERM,50.0,30.4,1
172,Data Structures,FINAL,100.0,51.2,1
172,Electronics,TEST1,20.0,13.8,1
172,Electronics,TEST2,20.0,12.3,1
172,Electronics,MIDTERM,50.0,24.9,1
172,Electronics,FINAL,100.0,46.0,1
173,Electronics,TEST1,20.0,16.4,1
173,Electronics,TEST2,20.0,16.6,1
173,Electronics,MIDTERM,50.0,39.1,1
173,Electronics,FINAL,100.0,75.0,1
173,Data Structures,TEST1,20.0,15.4,1
173,Data Structures,TEST2,20.0,15.0,1
173,Data Structures,MIDTERM,50.0,37.0,1
173,Data Structures,FINAL,100.0,77.1,1
173,Engineering Fundamentals,TEST1,20.0,15.2,1
173,Engineering Fundamentals,TEST2,20.0,14.3,1
173,Engineering Fundamentals,MIDTERM,50.0,34.8,1
173,Engineering Fundamentals,FINAL,100.0,70.7,1
173,Communication Skills,TEST1,20.0,14.5,1
173,Communication Skills,TEST2,20.0,15.5,1
173,Communication Skills,MIDTERM,50.0,38.2,1
173,Communication Skills,FINAL,100.0,75.6,1
174,Communication Skills,TEST1,20.0,14.8,1
174,Communication Skills,TEST2,20.0,14.5,1
174,Communication Skills,MIDTERM,50.0,38.3,1
174,Communication Skills,FINAL,100.0,74.0,1
174,Programming,TEST1,20.0,13.5,1
174,Programming,TEST2,20.0,13.6,1
174,Programming,MIDTERM,50.0,36.5,1
174,Programming,FINAL,100.0,68.6,1
174,Data Structures,TEST1,20.0,14.9,1
174,Data Structures,TEST2,20.0,14.5,1
174,Data Structures,MIDTERM,50.0,33.8,1
174,Data Structures,FINAL,100.0,70.3,1
174,Electronics,TEST1,20.0,16.5,1
174,Electronics,TEST2,20.0,17.7,1
174,Electronics,MIDTERM,50.0,39.3,1
174,Electronics,FINAL,100.0,79.6,1
175,Communication Skills,TEST1,20.0,18.4,1
175,Communication Skills,TEST2,20.0,16.9,1
175,Communication Skills,MIDTERM,50.0,42.5,1
175,Communication Skills,FINAL,100.0,82.7,1
175,Data Structures,TEST1,20.0,17.6,1
175,Data Structures,TEST2,20.0,16.7,1
175,Data Structures,MIDTERM,50.0,40.3,1
175,Data Structures,FINAL,100.0,82.4,1
175,Engineering Fundamentals,TEST1,20.0,15.5,1
175,Engineering Fundamentals,TEST2,20.0,16.5,1
175,Engineering Fundamentals,MIDTERM,50.0,41.5,1
175,Engineering Fundamentals,FINAL,100.0,78.9,1
175,Mathematics,TEST1,20.0,15.8,1
175,Mathematics,TEST2,20.0,13.8,1
175,Mathematics,MIDTERM,50.0,37.5,1
175,Mathematics,FINAL,100.0,75.4,1
176,Electronics,TEST1,20.0,13.3,1
176,Electronics,TEST2,20.0,14.6,1
176,Electronics,MIDTERM,50.0,34.2,1
176,Electronics,FINAL,100.0,64.8,1
176,Programming,TEST1,20.0,16.4,1
176,Programming,TEST2,20.0,16.4,1
176,Programming,MIDTERM,50.0,42.6,1
176,Programming,FINAL,100.0,77.2,1
176,Mathematics,TEST1,20.0,15.5,1
176,Mathematics,TEST2,20.0,16.6,1
176,Mathematics,MIDTERM,50.0,43.4,1
176,Mathematics,FINAL,100.0,86.4,1
176,Engineering Fundamentals,TEST1,20.0,15.8,1
176,Engineering Fundamentals,TEST2,20.0,17.3,1
176,Engineering Fundamentals,MIDTERM,50.0,39.8,1
176,Engineering Fundamentals,FINAL,100.0,80.3,1
177,Engineering Fundamentals,TEST1,20.0,10.6,1
177,Engineering Fundamentals,TEST2,20.0,12.3,1
177,Engineering Fundamentals,MIDTERM,50.0,33.3,1
177,Engineering Fundamentals,FINAL,100.0,79.0,1
177,Electronics,TEST1,20.0,9.6,1
177,Electronics,TEST2,20.0,11.7,1
177,Electronics,MIDTERM,50.0,30.5,1
177,Electronics,FINAL,100.0,68.9,1
177,Data Structures,TEST1,20.0,8.0,1
177,Data Structures,TEST2,20.0,11.2,1
177,Data Structures,MIDTERM,50.0,31.2,1
177,Data Structures,FINAL,100.0,74.1,1
177,Communication Skills,TEST1,20.0,9.7,1
177,Communication Skills,TEST2,20.0,12.0,1
177,Communication Skills,MIDTERM,50.0,37.4,1
177,Communication Skills,FINAL,100.0,80.9,1
178,Communication Skills,TEST1,20.0,12.6,1
178,Communication Skills,TEST2,20.0,12.6,1
178,Communication Skills,MIDTERM,50.0,31.4,1
178,Communication Skills,FINAL,100.0,66.8,1
178,Programming,TEST1,20.0,13.8,1
178,Programming,TEST2,20.0,12.8,1
178,Programming,MIDTERM,50.0,31.4,1
178,Programming,FINAL,100.0,64.6,1
178,Electronics,TEST1,20.0,17.8,1
178,Electronics,TEST2,20.0,15.8,1
178,Electronics,MIDTERM,50.0,44.7,1
178,Electronics,FINAL,100.0,83.7,1
178,Data Structures,TEST1,20.0,17.0,1
178,Data Structures,TEST2,20.0,17.6,1
178,Data Structures,MIDTERM,50.0,39.8,1
178,Data Structures,FINAL,100.0,82.0,1
179,Communication Skills,TEST1,20.0,13.0,1
179,Communication Skills,TEST2,20.0,11.0,1
179,Communication Skills,MIDTERM,50.0,19.4,1
179,Communication Skills,FINAL,100.0,27.4,1
179,Programming,TEST1,20.0,13.0,1
179,Programming,TEST2,20.0,11.3,1
179,Programming,MIDTERM,50.0,23.2,1
179,Programming,FINAL,100.0,35.3,1
179,Engineering Fundamentals,TEST1,20.0,11.9,1
179,Engineering Fundamentals,TEST2,20.0,9.3,1
179,Engineering Fundamentals,MIDTERM,50.0,21.0,1
179,Engineering Fundamentals,FINAL,100.0,28.9,1
179,Electronics,TEST1,20.0,12.8,1
179,Electronics,TEST2,20.0,11.3,1
179,Electronics,MIDTERM,50.0,20.5,1
179,Electronics,FINAL,100.0,33.3,1
180,Mathematics,TEST1,20.0,14.3,1
180,Mathematics,TEST2,20.0,11.8,1
180,Mathematics,MIDTERM,50.0,19.7,1
180,Mathematics,FINAL,100.0,26.2,1
180,Programming,TEST1,20.0,14.7,1
180,Programming,TEST2,20.0,11.2,1
180,Programming,MIDTERM,50.0,19.6,1
180,Programming,FINAL,100.0,26.8,1
180,Engineering Fundamentals,TEST1,20.0,14.4,1
180,Engineering Fundamentals,TEST2,20.0,10.9,1
180,Engineering Fundamentals,MIDTERM,50.0,24.5,1
180,Engineering Fundamentals,FINAL,100.0,37.6,1
180,Data Structures,TEST1,20.0,13.4,1
180,Data Structures,TEST2,20.0,10.3,1
180,Data Structures,MIDTERM,50.0,15.3,1
180,Data Structures,FINAL,100.0,21.0,1
181,Communication Skills,TEST1,20.0,12.7,1
181,Communication Skills,TEST2,20.0,10.5,1
181,Communication Skills,MIDTERM,50.0,17.5,1
181,Communication Skills,FINAL,100.0,27.3,1
181,Engineering Fundamentals,TEST1,20.0,13.6,1
181,Engineering Fundamentals,TEST2,20.0,9.3,1
181,Engineering Fundamentals,MIDTERM,50.0,18.6,1
181,Engineering Fundamentals,FINAL,100.0,21.8,1
181,Data Structures,TEST1,20.0,13.2,1
181,Data Structures,TEST2,20.0,11.3,1
181,Data Structures,MIDTERM,50.0,25.9,1
181,Data Structures,FINAL,100.0,39.9,1
181,Electronics,TEST1,20.0,11.0,1
181,Electronics,TEST2,20.0,10.8,1
181,Electronics,MIDTERM,50.0,20.5,1
181,Electronics,FINAL,100.0,32.1,1
182,Programming,TEST1,20.0,13.8,1
182,Programming,TEST2,20.0,10.6,1
182,Programming,MIDTERM,50.0,21.1,1
182,Programming,FINAL,100.0,28.3,1
182,Electronics,TEST1,20.0,11.7,1
182,Electronics,TEST2,20.0,10.3,1
182,Electronics,MIDTERM,50.0,23.0,1
182,Electronics,FINAL,100.0,32.0,1
182,Data Structures,TEST1,20.0,14.3,1
182,Data Structures,TEST2,20.0,11.7,1
182,Data Structures,MIDTERM,50.0,20.0,1
182,Data Structures,FINAL,100.0,29.3,1
182,Engineering Fundamentals,TEST1,20.0,12.9,1
182,Engineering Fundamentals,TEST2,20.0,11.2,1
182,Engineering Fundamentals,MIDTERM,50.0,22.1,1
182,Engineering Fundamentals,FINAL,100.0,38.8,1
183,Electronics,TEST1,20.0,14.8,1
183,Electronics,TEST2,20.0,12.2,1
183,Electronics,MIDTERM,50.0,29.6,1
183,Electronics,FINAL,100.0,55.3,1
183,Data Structures,TEST1,20.0,14.9,1
183,Data Structures,TEST2,20.0,12.6,1
183,Data Structures,MIDTERM,50.0,28.4,1
183,Data Structures,FINAL,100.0,45.4,1
183,Communication Skills,TEST1,20.0,13.8,1
183,Communication Skills,TEST2,20.0,12.5,1
183,Communication Skills,MIDTERM,50.0,28.3,1
183,Communication Skills,FINAL,100.0,48.0,1
183,Programming,TEST1,20.0,14.2,1
183,Programming,TEST2,20.0,12.4,1
183,Programming,MIDTERM,50.0,29.7,1
183,Programming,FINAL,100.0,53.7,1
184,Engineering Fundamentals,TEST1,20.0,16.8,1
184,Engineering Fundamentals,TEST2,20.0,16.9,1
184,Engineering Fundamentals,MIDTERM,50.0,41.2,1
184,Engineering Fundamentals,FINAL,100.0,83.6,1
184,Data Structures,TEST1,20.0,17.3,1
184,Data Structures,TEST2,20.0,17.1,1
184,Data Structures,MIDTERM,50.0,43.1,1
184,Data Structures,FINAL,100.0,85.5,1
184,Electronics,TEST1,20.0,17.5,1
184,Electronics,TEST2,20.0,16.5,1
184,Electronics,MIDTERM,50.0,43.9,1
184,Electronics,FINAL,100.0,81.2,1
184,Mathematics,TEST1,20.0,17.4,1
184,Mathematics,TEST2,20.0,17.6,1
184,Mathematics,MIDTERM,50.0,41.2,1
184,Mathematics,FINAL,100.0,86.1,1
185,Electronics,TEST1,20.0,14.9,1
185,Electronics,TEST2,20.0,11.0,1
185,Electronics,MIDTERM,50.0,23.8,1
185,Electronics,FINAL,100.0,35.1,1
185,Communication Skills,TEST1,20.0,14.7,1
185,Communication Skills,TEST2,20.0,11.5,1
185,Communication Skills,MIDTERM,50.0,23.0,1
185,Communication Skills,FINAL,100.0,36.6,1
185,Data Structures,TEST1,20.0,15.3,1
185,Data Structures,TEST2,20.0,11.4,1
185,Data Structures,MIDTERM,50.0,22.4,1
185,Data Structures,FINAL,100.0,25.1,1
185,Engineering Fundamentals,TEST1,20.0,12.5,1
185,Engineering Fundamentals,TEST2,20.0,9.0,1
185,Engineering Fundamentals,MIDTERM,50.0,14.5,1
185,Engineering Fundamentals,FINAL,100.0,15.3,1
186,Electronics,TEST1,20.0,14.3,1
186,Electronics,TEST2,20.0,11.9,1
186,Electronics,MIDTERM,50.0,28.3,1
186,Electronics,FINAL,100.0,46.3,1
186,Programming,TEST1,20.0,15.5,1
186,Programming,TEST2,20.0,12.2,1
186,Programming,MIDTERM,50.0,28.8,1
186,Programming,FINAL,100.0,53.0,1
186,Engineering Fundamentals,TEST1,20.0,15.2,1
186,Engineering Fundamentals,TEST2,20.0,15.0,1
186,Engineering Fundamentals,MIDTERM,50.0,33.1,1
186,Engineering Fundamentals,FINAL,100.0,61.3,1
186,Data Structures,TEST1,20.0,14.7,1
186,Data Structures,TEST2,20.0,12.3,1
186,Data Structures,MIDTERM,50.0,29.5,1
186,Data Structures,FINAL,100.0,51.1,1
187,Data Structures,TEST1,20.0,9.2,1
187,Data Structures,TEST2,20.0,10.5,1
187,Data Structures,MIDTERM,50.0,31.9,1
187,Data Structures,FINAL,100.0,70.3,1
187,Electronics,TEST1,20.0,8.1,1
187,Electronics,TEST2,20.0,11.4,1
187,Electronics,MIDTERM,50.0,33.5,1
187,Electronics,FINAL,100.0,76.2,1
187,Communication Skills,TEST1,20.0,11.0,1
187,Communication Skills,TEST2,20.0,12.3,1
187,Communication Skills,MIDTERM,50.0,36.8,1
187,Communication Skills,FINAL,100.0,84.5,1
187,Mathematics,TEST1,20.0,8.7,1
187,Mathematics,TEST2,20.0,12.2,1
187,Mathematics,MIDTERM,50.0,32.1,1
187,Mathematics,FINAL,100.0,77.7,1
188,Mathematics,TEST1,20.0,16.2,1
188,Mathematics,TEST2,20.0,16.8,1
188,Mathematics,MIDTERM,50.0,40.2,1
188,Mathematics,FINAL,100.0,84.2,1
188,Electronics,TEST1,20.0,13.7,1
188,Electronics,TEST2,20.0,13.5,1
188,Electronics,MIDTERM,50.0,37.4,1
188,Electronics,FINAL,100.0,66.9,1
188,Engineering Fundamentals,TEST1,20.0,16.3,1
188,Engineering Fundamentals,TEST2,20.0,16.4,1
188,Engineering Fundamentals,MIDTERM,50.0,39.0,1
188,Engineering Fundamentals,FINAL,100.0,83.4,1
188,Programming,TEST1,20.0,15.6,1
188,Programming,TEST2,20.0,16.1,1
188,Programming,MIDTERM,50.0,40.1,1
188,Programming,FINAL,100.0,86.1,1
189,Communication Skills,TEST1,20.0,13.5,1
189,Communication Skills,TEST2,20.0,11.9,1
189,Communication Skills,MIDTERM,50.0,24.7,1
189,Communication Skills,FINAL,100.0,39.6,1
189,Mathematics,TEST1,20.0,12.1,1
189,Mathematics,TEST2,20.0,9.9,1
189,Mathematics,MIDTERM,50.0,15.5,1
189,Mathematics,FINAL,100.0,16.8,1
189,Data Structures,TEST1,20.0,12.5,1
189,Data Structures,TEST2,20.0,11.2,1
189,Data Structures,MIDTERM,50.0,21.7,1
189,Data Structures,FINAL,100.0,30.4,1
189,Electronics,TEST1,20.0,13.7,1
189,Electronics,TEST2,20.0,10.8,1
189,Electronics,MIDTERM,50.0,21.6,1
189,Electronics,FINAL,100.0,30.5,1
190,Programming,TEST1,20.0,15.9,1
190,Programming,TEST2,20.0,15.5,1
190,Programming,MIDTERM,50.0,41.7,1
190,Programming,FINAL,100.0,79.0,1
190,Engineering Fundamentals,TEST1,20.0,14.6,1
190,Engineering Fundamentals,TEST2,20.0,13.9,1
190,Engineering Fundamentals,MIDTERM,50.0,34.5,1
190,Engineering Fundamentals,FINAL,100.0,71.1,1
190,Communication Skills,TEST1,20.0,14.9,1
190,Communication Skills,TEST2,20.0,14.5,1
190,Communication Skills,MIDTERM,50.0,36.0,1
190,Communication Skills,FINAL,100.0,67.4,1
190,Data Structures,TEST1,20.0,14.2,1
190,Data Structures,TEST2,20.0,13.3,1
190,Data Structures,MIDTERM,50.0,35.2,1
190,Data Structures,FINAL,100.0,69.4,1
191,Electronics,TEST1,20.0,13.4,1
191,Electronics,TEST2,20.0,14.5,1
191,Electronics,MIDTERM,50.0,35.2,1
191,Electronics,FINAL,100.0,71.0,1
191,Mathematics,TEST1,20.0,14.5,1
191,Mathematics,TEST2,20.0,14.6,1
191,Mathematics,MIDTERM,50.0,37.3,1
191,Mathematics,FINAL,100.0,80.6,1
191,Communication Skills,TEST1,20.0,12.6,1
191,Communication Skills,TEST2,20.0,14.2,1
191,Communication Skills,MIDTERM,50.0,32.4,1
191,Communication Skills,FINAL,100.0,65.3,1
191,Engineering Fundamentals,TEST1,20.0,13.9,1
191,Engineering Fundamentals,TEST2,20.0,13.6,1
191,Engineering Fundamentals,MIDTERM,50.0,33.6,1
191,Engineering Fundamentals,FINAL,100.0,63.1,1
192,Engineering Fundamentals,TEST1,20.0,14.5,1
192,Engineering Fundamentals,TEST2,20.0,15.2,1
192,Engineering Fundamentals,MIDTERM,50.0,36.7,1
192,Engineering Fundamentals,FINAL,100.0,77.0,1
192,Data Structures,TEST1,20.0,17.5,1
192,Data Structures,TEST2,20.0,17.9,1
192,Data Structures,MIDTERM,50.0,41.2,1
192,Data Structures,FINAL,100.0,83.5,1
192,Electronics,TEST1,20.0,15.1,1
192,Electronics,TEST2,20.0,15.0,1
192,Electronics,MIDTERM,50.0,38.7,1
192,Electronics,FINAL,100.0,68.6,1
192,Mathematics,TEST1,20.0,17.8,1
192,Mathematics,TEST2,20.0,16.7,1
192,Mathematics,MIDTERM,50.0,43.8,1
192,Mathematics,FINAL,100.0,89.2,1
193,Mathematics,TEST1,20.0,17.9,1
193,Mathematics,TEST2,20.0,17.4,1
193,Mathematics,MIDTERM,50.0,40.8,1
193,Mathematics,FINAL,100.0,88.5,1
193,Programming,TEST1,20.0,14.0,1
193,Programming,TEST2,20.0,15.9,1
193,Programming,MIDTERM,50.0,37.2,1
193,Programming,FINAL,100.0,78.7,1
193,Engineering Fundamentals,TEST1,20.0,15.2,1
193,Engineering Fundamentals,TEST2,20.0,15.2,1
193,Engineering Fundamentals,MIDTERM,50.0,37.6,1
193,Engineering Fundamentals,FINAL,100.0,72.4,1
193,Communication Skills,TEST1,20.0,15.8,1
193,Communication Skills,TEST2,20.0,16.3,1
193,Communication Skills,MIDTERM,50.0,41.9,1
193,Communication Skills,FINAL,100.0,82.1,1
194,Data Structures,TEST1,20.0,13.0,1
194,Data Structures,TEST2,20.0,11.0,1
194,Data Structures,MIDTERM,50.0,25.7,1
194,Data Structures,FINAL,100.0,38.0,1
194,Engineering Fundamentals,TEST1,20.0,12.6,1
194,Engineering Fundamentals,TEST2,20.0,9.6,1
194,Engineering Fundamentals,MIDTERM,50.0,17.7,1
194,Engineering Fundamentals,FINAL,100.0,26.5,1
194,Programming,TEST1,20.0,12.8,1
194,Programming,TEST2,20.0,11.8,1
194,Programming,MIDTERM,50.0,22.6,1
194,Programming,FINAL,100.0,34.4,1
194,Communication Skills,TEST1,20.0,11.1,1
194,Communication Skills,TEST2,20.0,9.4,1
194,Communication Skills,MIDTERM,50.0,19.4,1
194,Communication Skills,FINAL,100.0,27.7,1
195,Programming,TEST1,20.0,17.8,1
195,Programming,TEST2,20.0,18.3,1
195,Programming,MIDTERM,50.0,42.7,1
195,Programming,FINAL,100.0,92.1,1
195,Mathematics,TEST1,20.0,16.6,1
195,Mathematics,TEST2,20.0,15.1,1
195,Mathematics,MIDTERM,50.0,39.4,1
195,Mathematics,FINAL,100.0,78.4,1
195,Engineering Fundamentals,TEST1,20.0,15.8,1
195,Engineering Fundamentals,TEST2,20.0,14.5,1
195,Engineering Fundamentals,MIDTERM,50.0,38.3,1
195,Engineering Fundamentals,FINAL,100.0,79.1,1
195,Data Structures,TEST1,20.0,16.6,1
195,Data Structures,TEST2,20.0,16.9,1
195,Data Structures,MIDTERM,50.0,42.4,1
195,Data Structures,FINAL,100.0,82.7,1
196,Engineering Fundamentals,TEST1,20.0,16.1,1
196,Engineering Fundamentals,TEST2,20.0,16.0,1
196,Engineering Fundamentals,MIDTERM,50.0,36.8,1
196,Engineering Fundamentals,FINAL,100.0,74.4,1
196,Electronics,TEST1,20.0,16.9,1
196,Electronics,TEST2,20.0,15.5,1
196,Electronics,MIDTERM,50.0,36.8,1
196,Electronics,FINAL,100.0,79.4,1
196,Data Structures,TEST1,20.0,16.8,1
196,Data Structures,TEST2,20.0,15.9,1
196,Data Structures,MIDTERM,50.0,41.8,1
196,Data Structures,FINAL,100.0,80.3,1
196,Programming,TEST1,20.0,14.5,1
196,Programming,TEST2,20.0,16.4,1
196,Programming,MIDTERM,50.0,40.2,1
196,Programming,FINAL,100.0,86.2,1
197,Communication Skills,TEST1,20.0,14.9,1
197,Communication Skills,TEST2,20.0,12.4,1
197,Communication Skills,MIDTERM,50.0,25.6,1
197,Communication Skills,FINAL,100.0,44.5,1
197,Programming,TEST1,20.0,13.9,1
197,Programming,TEST2,20.0,13.0,1
197,Programming,MIDTERM,50.0,25.4,1
197,Programming,FINAL,100.0,38.5,1
197,Engineering Fundamentals,TEST1,20.0,15.0,1
197,Engineering Fundamentals,TEST2,20.0,13.1,1
197,Engineering Fundamentals,MIDTERM,50.0,33.5,1
197,Engineering Fundamentals,FINAL,100.0,58.6,1
197,Electronics,TEST1,20.0,13.7,1
197,Electronics,TEST2,20.0,13.6,1
197,Electronics,MIDTERM,50.0,32.2,1
197,Electronics,FINAL,100.0,59.9,1
198,Mathematics,TEST1,20.0,13.9,1
198,Mathematics,TEST2,20.0,11.4,1
198,Mathematics,MIDTERM,50.0,19.5,1
198,Mathematics,FINAL,100.0,30.0,1
198,Programming,TEST1,20.0,12.1,1
198,Programming,TEST2,20.0,9.8,1
198,Programming,MIDTERM,50.0,23.0,1
198,Programming,FINAL,100.0,28.4,1
198,Data Structures,TEST1,20.0,13.1,1
198,Data Structures,TEST2,20.0,9.3,1
198,Data Structures,MIDTERM,50.0,17.9,1
198,Data Structures,FINAL,100.0,24.0,1
198,Communication Skills,TEST1,20.0,13.1,1
198,Communication Skills,TEST2,20.0,10.1,1
198,Communication Skills,MIDTERM,50.0,19.9,1
198,Communication Skills,FINAL,100.0,26.2,1
199,Electronics,TEST1,20.0,14.8,1
199,Electronics,TEST2,20.0,15.6,1
199,Electronics,MIDTERM,50.0,38.2,1
199,Electronics,FINAL,100.0,71.3,1
199,Programming,TEST1,20.0,15.7,1
199,Programming,TEST2,20.0,16.2,1
199,Programming,MIDTERM,50.0,41.0,1
199,Programming,FINAL,100.0,83.1,1
199,Communication Skills,TEST1,20.0,15.1,1
199,Communication Skills,TEST2,20.0,15.4,1
199,Communication Skills,MIDTERM,50.0,41.1,1
199,Communication Skills,FINAL,100.0,70.8,1
199,Mathematics,TEST1,20.0,15.9,1
199,Mathematics,TEST2,20.0,15.6,1
199,Mathematics,MIDTERM,50.0,40.4,1
199,Mathematics,FINAL,100.0,79.1,1
200,Programming,TEST1,20.0,17.3,1
200,Programming,TEST2,20.0,16.3,1
200,Programming,MIDTERM,50.0,42.0,1
200,Programming,FINAL,100.0,84.7,1
200,Communication Skills,TEST1,20.0,14.4,1
200,Communication Skills,TEST2,20.0,16.1,1
200,Communication Skills,MIDTERM,50.0,38.8,1
200,Communication Skills,FINAL,100.0,78.8,1
200,Engineering Fundamentals,TEST1,20.0,15.7,1
200,Engineering Fundamentals,TEST2,20.0,16.0,1
200,Engineering Fundamentals,MIDTERM,50.0,38.9,1
200,Engineering Fundamentals,FINAL,100.0,72.4,1
200,Data Structures,TEST1,20.0,17.1,1
200,Data Structures,TEST2,20.0,17.1,1
200,Data Structures,MIDTERM,50.0,42.4,1
200,Data Structures,FINAL,100.0,82.0,1
201,Mathematics,TEST1,20.0,13.3,1
201,Mathematics,TEST2,20.0,10.5,1
201,Mathematics,MIDTERM,50.0,25.7,1
201,Mathematics,FINAL,100.0,34.6,1
201,Electronics,TEST1,20.0,13.6,1
201,Electronics,TEST2,20.0,9.1,1
201,Electronics,MIDTERM,50.0,16.3,1
201,Electronics,FINAL,100.0,19.8,1
201,Programming,TEST1,20.0,14.8,1
201,Programming,TEST2,20.0,11.0,1
201,Programming,MIDTERM,50.0,23.5,1
201,Programming,FINAL,100.0,36.7,1
201,Communication Skills,TEST1,20.0,13.6,1
201,Communication Skills,TEST2,20.0,12.2,1
201,Communication Skills,MIDTERM,50.0,21.8,1
201,Communication Skills,FINAL,100.0,36.4,1
202,Engineering Fundamentals,TEST1,20.0,15.8,1
202,Engineering Fundamentals,TEST2,20.0,15.4,1
202,Engineering Fundamentals,MIDTERM,50.0,41.0,1
202,Engineering Fundamentals,FINAL,100.0,79.5,1
202,Programming,TEST1,20.0,16.7,1
202,Programming,TEST2,20.0,15.7,1
202,Programming,MIDTERM,50.0,39.5,1
202,Programming,FINAL,100.0,85.0,1
202,Electronics,TEST1,20.0,13.4,1
202,Electronics,TEST2,20.0,13.7,1
202,Electronics,MIDTERM,50.0,34.6,1
202,Electronics,FINAL,100.0,73.0,1
202,Data Structures,TEST1,20.0,14.0,1
202,Data Structures,TEST2,20.0,13.7,1
202,Data Structures,MIDTERM,50.0,36.6,1
202,Data Structures,FINAL,100.0,74.8,1
203,Electronics,TEST1,20.0,15.2,1
203,Electronics,TEST2,20.0,13.6,1
203,Electronics,MIDTERM,50.0,31.3,1
203,Electronics,FINAL,100.0,57.2,1
203,Data Structures,TEST1,20.0,15.6,1
203,Data Structures,TEST2,20.0,14.4,1
203,Data Structures,MIDTERM,50.0,32.5,1
203,Data Structures,FINAL,100.0,56.8,1
203,Engineering Fundamentals,TEST1,20.0,13.5,1
203,Engineering Fundamentals,TEST2,20.0,13.6,1
203,Engineering Fundamentals,MIDTERM,50.0,31.3,1
203,Engineering Fundamentals,FINAL,100.0,56.4,1
203,Programming,TEST1,20.0,14.5,1
203,Programming,TEST2,20.0,13.3,1
203,Programming,MIDTERM,50.0,31.0,1
203,Programming,FINAL,100.0,56.0,1
204,Engineering Fundamentals,TEST1,20.0,15.2,1
204,Engineering Fundamentals,TEST2,20.0,13.3,1
204,Engineering Fundamentals,MIDTERM,50.0,36.6,1
204,Engineering Fundamentals,FINAL,100.0,72.5,1
204,Communication Skills,TEST1,20.0,12.6,1
204,Communication Skills,TEST2,20.0,13.5,1
204,Communication Skills,MIDTERM,50.0,33.6,1
204,Communication Skills,FINAL,100.0,71.8,1
204,Data Structures,TEST1,20.0,15.5,1
204,Data Structures,TEST2,20.0,16.5,1
204,Data Structures,MIDTERM,50.0,37.3,1
204,Data Structures,FINAL,100.0,87.7,1
204,Programming,TEST1,20.0,15.7,1
204,Programming,TEST2,20.0,15.6,1
204,Programming,MIDTERM,50.0,39.4,1
204,Programming,FINAL,100.0,79.6,1
205,Communication Skills,TEST1,20.0,17.5,1
205,Communication Skills,TEST2,20.0,16.7,1
205,Communication Skills,MIDTERM,50.0,43.0,1
205,Communication Skills,FINAL,100.0,85.5,1
205,Data Structures,TEST1,20.0,14.8,1
205,Data Structures,TEST2,20.0,14.1,1
205,Data Structures,MIDTERM,50.0,38.8,1
205,Data Structures,FINAL,100.0,73.8,1
205,Mathematics,TEST1,20.0,15.8,1
205,Mathematics,TEST2,20.0,15.4,1
205,Mathematics,MIDTERM,50.0,37.4,1
205,Mathematics,FINAL,100.0,72.6,1
205,Programming,TEST1,20.0,16.5,1
205,Programming,TEST2,20.0,16.2,1
205,Programming,MIDTERM,50.0,43.2,1
205,Programming,FINAL,100.0,84.9,1
206,Programming,TEST1,20.0,14.8,1
206,Programming,TEST2,20.0,14.1,1
206,Programming,MIDTERM,50.0,35.1,1
206,Programming,FINAL,100.0,75.7,1
206,Mathematics,TEST1,20.0,17.0,1
206,Mathematics,TEST2,20.0,16.1,1
206,Mathematics,MIDTERM,50.0,41.5,1
206,Mathematics,FINAL,100.0,88.1,1
206,Electronics,TEST1,20.0,17.4,1
206,Electronics,TEST2,20.0,16.9,1
206,Electronics,MIDTERM,50.0,40.2,1
206,Electronics,FINAL,100.0,84.1,1
206,Engineering Fundamentals,TEST1,20.0,15.9,1
206,Engineering Fundamentals,TEST2,20.0,15.8,1
206,Engineering Fundamentals,MIDTERM,50.0,38.7,1
206,Engineering Fundamentals,FINAL,100.0,79.3,1
207,Communication Skills,TEST1,20.0,15.1,1
207,Communication Skills,TEST2,20.0,15.0,1
207,Communication Skills,MIDTERM,50.0,33.0,1
207,Communication Skills,FINAL,100.0,73.2,1
207,Electronics,TEST1,20.0,16.1,1
207,Electronics,TEST2,20.0,16.4,1
207,Electronics,MIDTERM,50.0,42.7,1
207,Electronics,FINAL,100.0,82.2,1
207,Mathematics,TEST1,20.0,16.5,1
207,Mathematics,TEST2,20.0,16.2,1
207,Mathematics,MIDTERM,50.0,40.7,1
207,Mathematics,FINAL,100.0,78.1,1
207,Engineering Fundamentals,TEST1,20.0,17.2,1
207,Engineering Fundamentals,TEST2,20.0,17.4,1
207,Engineering Fundamentals,MIDTERM,50.0,41.3,1
207,Engineering Fundamentals,FINAL,100.0,84.1,1
208,Electronics,TEST1,20.0,13.9,1
208,Electronics,TEST2,20.0,13.7,1
208,Electronics,MIDTERM,50.0,28.4,1
208,Electronics,FINAL,100.0,46.4,1
208,Communication Skills,TEST1,20.0,15.8,1
208,Communication Skills,TEST2,20.0,13.8,1
208,Communication Skills,MIDTERM,50.0,32.3,1
208,Communication Skills,FINAL,100.0,58.0,1
208,Data Structures,TEST1,20.0,14.7,1
208,Data Structures,TEST2,20.0,14.4,1
208,Data Structures,MIDTERM,50.0,33.0,1
208,Data Structures,FINAL,100.0,51.1,1
208,Programming,TEST1,20.0,13.8,1
208,Programming,TEST2,20.0,11.7,1
208,Programming,MIDTERM,50.0,27.2,1
208,Programming,FINAL,100.0,49.2,1
209,Data Structures,TEST1,20.0,16.8,1
209,Data Structures,TEST2,20.0,16.7,1
209,Data Structures,MIDTERM,50.0,43.2,1
209,Data Structures,FINAL,100.0,89.6,1
209,Mathematics,TEST1,20.0,16.1,1
209,Mathematics,TEST2,20.0,16.9,1
209,Mathematics,MIDTERM,50.0,43.6,1
209,Mathematics,FINAL,100.0,77.8,1
209,Electronics,TEST1,20.0,12.5,1
209,Electronics,TEST2,20.0,12.9,1
209,Electronics,MIDTERM,50.0,33.4,1
209,Electronics,FINAL,100.0,68.8,1
209,Communication Skills,TEST1,20.0,16.4,1
209,Communication Skills,TEST2,20.0,15.8,1
209,Communication Skills,MIDTERM,50.0,38.4,1
209,Communication Skills,FINAL,100.0,78.1,1
210,Engineering Fundamentals,TEST1,20.0,15.0,1
210,Engineering Fundamentals,TEST2,20.0,14.2,1
210,Engineering Fundamentals,MIDTERM,50.0,29.4,1
210,Engineering Fundamentals,FINAL,100.0,52.5,1
210,Communication Skills,TEST1,20.0,14.2,1
210,Communication Skills,TEST2,20.0,13.9,1
210,Communication Skills,MIDTERM,50.0,27.5,1
210,Communication Skills,FINAL,100.0,58.5,1
210,Electronics,TEST1,20.0,14.0,1
210,Electronics,TEST2,20.0,12.6,1
210,Electronics,MIDTERM,50.0,26.5,1
210,Electronics,FINAL,100.0,48.1,1
210,Data Structures,TEST1,20.0,15.8,1
210,Data Structures,TEST2,20.0,13.3,1
210,Data Structures,MIDTERM,50.0,28.7,1
210,Data Structures,FINAL,100.0,47.8,1
211,Data Structures,TEST1,20.0,15.2,1
211,Data Structures,TEST2,20.0,10.8,1
211,Data Structures,MIDTERM,50.0,26.2,1
211,Data Structures,FINAL,100.0,42.0,1
211,Communication Skills,TEST1,20.0,14.0,1
211,Communication Skills,TEST2,20.0,12.7,1
211,Communication Skills,MIDTERM,50.0,27.4,1
211,Communication Skills,FINAL,100.0,43.0,1
211,Engineering Fundamentals,TEST1,20.0,15.1,1
211,Engineering Fundamentals,TEST2,20.0,15.4,1
211,Engineering Fundamentals,MIDTERM,50.0,35.0,1
211,Engineering Fundamentals,FINAL,100.0,63.0,1
211,Electronics,TEST1,20.0,14.6,1
211,Electronics,TEST2,20.0,13.6,1
211,Electronics,MIDTERM,50.0,29.6,1
211,Electronics,FINAL,100.0,48.5,1
212,Electronics,TEST1,20.0,15.6,1
212,Electronics,TEST2,20.0,12.3,1
212,Electronics,MIDTERM,50.0,26.8,1
212,Electronics,FINAL,100.0,44.0,1
212,Mathematics,TEST1,20.0,15.5,1
212,Mathematics,TEST2,20.0,13.2,1
212,Mathematics,MIDTERM,50.0,30.1,1
212,Mathematics,FINAL,100.0,51.2,1
212,Engineering Fundamentals,TEST1,20.0,14.9,1
212,Engineering Fundamentals,TEST2,20.0,13.2,1
212,Engineering Fundamentals,MIDTERM,50.0,28.8,1
212,Engineering Fundamentals,FINAL,100.0,54.4,1
212,Data Structures,TEST1,20.0,15.4,1
212,Data Structures,TEST2,20.0,13.3,1
212,Data Structures,MIDTERM,50.0,27.4,1
212,Data Structures,FINAL,100.0,57.1,1
213,Communication Skills,TEST1,20.0,16.6,1
213,Communication Skills,TEST2,20.0,16.7,1
213,Communication Skills,MIDTERM,50.0,41.5,1
213,Communication Skills,FINAL,100.0,83.5,1
213,Electronics,TEST1,20.0,15.2,1
213,Electronics,TEST2,20.0,14.6,1
213,Electronics,MIDTERM,50.0,32.5,1
213,Electronics,FINAL,100.0,69.3,1
213,Data Structures,TEST1,20.0,14.0,1
213,Data Structures,TEST2,20.0,14.7,1
213,Data Structures,MIDTERM,50.0,36.9,1
213,Data Structures,FINAL,100.0,73.5,1
213,Programming,TEST1,20.0,15.3,1
213,Programming,TEST2,20.0,17.7,1
213,Programming,MIDTERM,50.0,41.1,1
213,Programming,FINAL,100.0,79.3,1
214,Engineering Fundamentals,TEST1,20.0,14.3,1
214,Engineering Fundamentals,TEST2,20.0,12.0,1
214,Engineering Fundamentals,MIDTERM,50.0,29.1,1
214,Engineering Fundamentals,FINAL,100.0,38.3,1
214,Electronics,TEST1,20.0,15.0,1
214,Electronics,TEST2,20.0,12.0,1
214,Electronics,MIDTERM,50.0,26.4,1
214,Electronics,FINAL,100.0,38.2,1
214,Data Structures,TEST1,20.0,14.1,1
214,Data Structures,TEST2,20.0,10.9,1
214,Data Structures,MIDTERM,50.0,20.4,1
214,Data Structures,FINAL,100.0,25.5,1
214,Communication Skills,TEST1,20.0,13.2,1
214,Communication Skills,TEST2,20.0,9.0,1
214,Communication Skills,MIDTERM,50.0,19.9,1
214,Communication Skills,FINAL,100.0,24.7,1
215,Data Structures,TEST1,20.0,14.0,1
215,Data Structures,TEST2,20.0,10.8,1
215,Data Structures,MIDTERM,50.0,22.1,1
215,Data Structures,FINAL,100.0,29.0,1
215,Communication Skills,TEST1,20.0,14.9,1
215,Communication Skills,TEST2,20.0,12.2,1
215,Communication Skills,MIDTERM,50.0,26.5,1
215,Communication Skills,FINAL,100.0,36.7,1
215,Engineering Fundamentals,TEST1,20.0,12.8,1
215,Engineering Fundamentals,TEST2,20.0,10.1,1
215,Engineering Fundamentals,MIDTERM,50.0,19.0,1
215,Engineering Fundamentals,FINAL,100.0,20.2,1
215,Mathematics,TEST1,20.0,12.7,1
215,Mathematics,TEST2,20.0,9.4,1
215,Mathematics,MIDTERM,50.0,20.0,1
215,Mathematics,FINAL,100.0,24.8,1
216,Communication Skills,TEST1,20.0,14.3,1
216,Communication Skills,TEST2,20.0,12.7,1
216,Communication Skills,MIDTERM,50.0,26.7,1
216,Communication Skills,FINAL,100.0,33.7,1
216,Data Structures,TEST1,20.0,14.0,1
216,Data Structures,TEST2,20.0,10.8,1
216,Data Structures,MIDTERM,50.0,18.3,1
216,Data Structures,FINAL,100.0,11.0,1
216,Mathematics,TEST1,20.0,12.8,1
216,Mathematics,TEST2,20.0,9.9,1
216,Mathematics,MIDTERM,50.0,16.4,1
216,Mathematics,FINAL,100.0,21.2,1
216,Electronics,TEST1,20.0,12.8,1
216,Electronics,TEST2,20.0,10.2,1
216,Electronics,MIDTERM,50.0,20.5,1
216,Electronics,FINAL,100.0,21.6,1
217,Mathematics,TEST1,20.0,15.8,1
217,Mathematics,TEST2,20.0,15.9,1
217,Mathematics,MIDTERM,50.0,38.9,1
217,Mathematics,FINAL,100.0,84.1,1
217,Electronics,TEST1,20.0,13.0,1
217,Electronics,TEST2,20.0,14.7,1
217,Electronics,MIDTERM,50.0,37.9,1
217,Electronics,FINAL,100.0,65.4,1
217,Engineering Fundamentals,TEST1,20.0,14.1,1
217,Engineering Fundamentals,TEST2,20.0,15.7,1
217,Engineering Fundamentals,MIDTERM,50.0,37.1,1
217,Engineering Fundamentals,FINAL,100.0,76.6,1
217,Data Structures,TEST1,20.0,15.8,1
217,Data Structures,TEST2,20.0,16.2,1
217,Data Structures,MIDTERM,50.0,39.7,1
217,Data Structures,FINAL,100.0,74.1,1
218,Mathematics,TEST1,20.0,13.1,1
218,Mathematics,TEST2,20.0,13.6,1
218,Mathematics,MIDTERM,50.0,37.9,1
218,Mathematics,FINAL,100.0,74.1,1
218,Programming,TEST1,20.0,16.1,1
218,Programming,TEST2,20.0,16.6,1
218,Programming,MIDTERM,50.0,38.6,1
218,Programming,FINAL,100.0,80.2,1
218,Communication Skills,TEST1,20.0,15.8,1
218,Communication Skills,TEST2,20.0,14.8,1
218,Communication Skills,MIDTERM,50.0,36.5,1
218,Communication Skills,FINAL,100.0,79.5,1
218,Electronics,TEST1,20.0,16.4,1
218,Electronics,TEST2,20.0,17.8,1
218,Electronics,MIDTERM,50.0,46.9,1
218,Electronics,FINAL,100.0,84.3,1
219,Engineering Fundamentals,TEST1,20.0,15.0,1
219,Engineering Fundamentals,TEST2,20.0,16.0,1
219,Engineering Fundamentals,MIDTERM,50.0,36.7,1
219,Engineering Fundamentals,FINAL,100.0,73.1,1
219,Communication Skills,TEST1,20.0,14.2,1
219,Communication Skills,TEST2,20.0,13.5,1
219,Communication Skills,MIDTERM,50.0,35.4,1
219,Communication Skills,FINAL,100.0,64.5,1
219,Data Structures,TEST1,20.0,17.2,1
219,Data Structures,TEST2,20.0,17.4,1
219,Data Structures,MIDTERM,50.0,40.5,1
219,Data Structures,FINAL,100.0,79.5,1
219,Mathematics,TEST1,20.0,15.7,1
219,Mathematics,TEST2,20.0,15.8,1
219,Mathematics,MIDTERM,50.0,38.2,1
219,Mathematics,FINAL,100.0,77.3,1
220,Mathematics,TEST1,20.0,10.1,1
220,Mathematics,TEST2,20.0,11.8,1
220,Mathematics,MIDTERM,50.0,34.7,1
220,Mathematics,FINAL,100.0,82.9,1
220,Electronics,TEST1,20.0,10.6,1
220,Electronics,TEST2,20.0,12.4,1
220,Electronics,MIDTERM,50.0,34.5,1
220,Electronics,FINAL,100.0,81.4,1
220,Communication Skills,TEST1,20.0,10.8,1
220,Communication Skills,TEST2,20.0,11.3,1
220,Communication Skills,MIDTERM,50.0,32.0,1
220,Communication Skills,FINAL,100.0,77.5,1
220,Engineering Fundamentals,TEST1,20.0,8.9,1
220,Engineering Fundamentals,TEST2,20.0,10.7,1
220,Engineering Fundamentals,MIDTERM,50.0,30.1,1
220,Engineering Fundamentals,FINAL,100.0,72.7,1
221,Electronics,TEST1,20.0,13.6,1
221,Electronics,TEST2,20.0,15.3,1
221,Electronics,MIDTERM,50.0,38.2,1
221,Electronics,FINAL,100.0,69.2,1
221,Engineering Fundamentals,TEST1,20.0,16.6,1
221,Engineering Fundamentals,TEST2,20.0,15.5,1
221,Engineering Fundamentals,MIDTERM,50.0,43.8,1
221,Engineering Fundamentals,FINAL,100.0,85.8,1
221,Mathematics,TEST1,20.0,13.2,1
221,Mathematics,TEST2,20.0,13.5,1
221,Mathematics,MIDTERM,50.0,35.2,1
221,Mathematics,FINAL,100.0,66.9,1
221,Communication Skills,TEST1,20.0,14.8,1
221,Communication Skills,TEST2,20.0,14.2,1
221,Communication Skills,MIDTERM,50.0,38.5,1
221,Communication Skills,FINAL,100.0,72.3,1
222,Electronics,TEST1,20.0,8.1,1
222,Electronics,TEST2,20.0,11.9,1
222,Electronics,MIDTERM,50.0,34.6,1
222,Electronics,FINAL,100.0,78.0,1
222,Programming,TEST1,20.0,8.9,1
222,Programming,TEST2,20.0,12.3,1
222,Programming,MIDTERM,50.0,35.4,1
222,Programming,FINAL,100.0,78.5,1
222,Mathematics,TEST1,20.0,9.7,1
222,Mathematics,TEST2,20.0,13.3,1
222,Mathematics,MIDTERM,50.0,36.9,1
222,Mathematics,FINAL,100.0,86.3,1
222,Data Structures,TEST1,20.0,10.9,1
222,Data Structures,TEST2,20.0,13.4,1
222,Data Structures,MIDTERM,50.0,36.6,1
222,Data Structures,FINAL,100.0,82.4,1
223,Mathematics,TEST1,20.0,14.2,1
223,Mathematics,TEST2,20.0,13.9,1
223,Mathematics,MIDTERM,50.0,31.7,1
223,Mathematics,FINAL,100.0,53.8,1
223,Programming,TEST1,20.0,15.3,1
223,Programming,TEST2,20.0,14.4,1
223,Programming,MIDTERM,50.0,34.5,1
223,Programming,FINAL,100.0,56.9,1
223,Communication Skills,TEST1,20.0,14.2,1
223,Communication Skills,TEST2,20.0,13.6,1
223,Communication Skills,MIDTERM,50.0,30.7,1
223,Communication Skills,FINAL,100.0,43.5,1
223,Engineering Fundamentals,TEST1,20.0,14.4,1
223,Engineering Fundamentals,TEST2,20.0,11.2,1
223,Engineering Fundamentals,MIDTERM,50.0,28.4,1
223,Engineering Fundamentals,FINAL,100.0,51.1,1
224,Engineering Fundamentals,TEST1,20.0,15.5,1
224,Engineering Fundamentals,TEST2,20.0,14.6,1
224,Engineering Fundamentals,MIDTERM,50.0,34.9,1
224,Engineering Fundamentals,FINAL,100.0,68.6,1
224,Programming,TEST1,20.0,13.1,1
224,Programming,TEST2,20.0,13.9,1
224,Programming,MIDTERM,50.0,33.9,1
224,Programming,FINAL,100.0,73.1,1
224,Communication Skills,TEST1,20.0,15.3,1
224,Communication Skills,TEST2,20.0,15.2,1
224,Communication Skills,MIDTERM,50.0,35.9,1
224,Communication Skills,FINAL,100.0,68.9,1
224,Data Structures,TEST1,20.0,12.3,1
224,Data Structures,TEST2,20.0,13.2,1
224,Data Structures,MIDTERM,50.0,31.2,1
224,Data Structures,FINAL,100.0,59.1,1
225,Electronics,TEST1,20.0,14.8,1
225,Electronics,TEST2,20.0,13.9,1
225,Electronics,MIDTERM,50.0,34.8,1
225,Electronics,FINAL,100.0,69.9,1
225,Programming,TEST1,20.0,13.2,1
225,Programming,TEST2,20.0,13.9,1
225,Programming,MIDTERM,50.0,34.0,1
225,Programming,FINAL,100.0,68.7,1
225,Engineering Fundamentals,TEST1,20.0,17.3,1
225,Engineering Fundamentals,TEST2,20.0,17.5,1
225,Engineering Fundamentals,MIDTERM,50.0,44.0,1
225,Engineering Fundamentals,FINAL,100.0,84.7,1
225,Mathematics,TEST1,20.0,14.5,1
225,Mathematics,TEST2,20.0,12.8,1
225,Mathematics,MIDTERM,50.0,30.9,1
225,Mathematics,FINAL,100.0,65.7,1
226,Mathematics,TEST1,20.0,15.0,1
226,Mathematics,TEST2,20.0,15.6,1
226,Mathematics,MIDTERM,50.0,37.0,1
226,Mathematics,FINAL,100.0,80.7,1
226,Communication Skills,TEST1,20.0,16.4,1
226,Communication Skills,TEST2,20.0,15.4,1
226,Communication Skills,MIDTERM,50.0,35.8,1
226,Communication Skills,FINAL,100.0,76.8,1
226,Programming,TEST1,20.0,17.6,1
226,Programming,TEST2,20.0,16.5,1
226,Programming,MIDTERM,50.0,40.4,1
226,Programming,FINAL,100.0,82.8,1
226,Data Structures,TEST1,20.0,14.0,1
226,Data Structures,TEST2,20.0,14.5,1
226,Data Structures,MIDTERM,50.0,34.3,1
226,Data Structures,FINAL,100.0,65.6,1
227,Data Structures,TEST1,20.0,16.0,1
227,Data Structures,TEST2,20.0,15.6,1
227,Data Structures,MIDTERM,50.0,41.7,1
227,Data Structures,FINAL,100.0,82.9,1
227,Engineering Fundamentals,TEST1,20.0,16.4,1
227,Engineering Fundamentals,TEST2,20.0,14.4,1
227,Engineering Fundamentals,MIDTERM,50.0,36.1,1
227,Engineering Fundamentals,FINAL,100.0,77.1,1
227,Programming,TEST1,20.0,16.6,1
227,Programming,TEST2,20.0,16.1,1
227,Programming,MIDTERM,50.0,40.9,1
227,Programming,FINAL,100.0,81.5,1
227,Mathematics,TEST1,20.0,14.0,1
227,Mathematics,TEST2,20.0,14.7,1
227,Mathematics,MIDTERM,50.0,33.0,1
227,Mathematics,FINAL,100.0,74.5,1
228,Data Structures,TEST1,20.0,15.6,1
228,Data Structures,TEST2,20.0,13.7,1
228,Data Structures,MIDTERM,50.0,29.6,1
228,Data Structures,FINAL,100.0,46.5,1
228,Engineering Fundamentals,TEST1,20.0,14.3,1
228,Engineering Fundamentals,TEST2,20.0,12.7,1
228,Engineering Fundamentals,MIDTERM,50.0,31.2,1
228,Engineering Fundamentals,FINAL,100.0,52.9,1
228,Mathematics,TEST1,20.0,15.1,1
228,Mathematics,TEST2,20.0,12.4,1
228,Mathematics,MIDTERM,50.0,29.0,1
228,Mathematics,FINAL,100.0,45.2,1
228,Electronics,TEST1,20.0,13.3,1
228,Electronics,TEST2,20.0,13.4,1
228,Electronics,MIDTERM,50.0,29.4,1
228,Electronics,FINAL,100.0,47.9,1
229,Programming,TEST1,20.0,14.9,1
229,Programming,TEST2,20.0,13.1,1
229,Programming,MIDTERM,50.0,27.4,1
229,Programming,FINAL,100.0,42.7,1
229,Electronics,TEST1,20.0,14.3,1
229,Electronics,TEST2,20.0,12.1,1
229,Electronics,MIDTERM,50.0,30.4,1
229,Electronics,FINAL,100.0,50.3,1
229,Communication Skills,TEST1,20.0,14.2,1
229,Communication Skills,TEST2,20.0,14.6,1
229,Communication Skills,MIDTERM,50.0,32.2,1
229,Communication Skills,FINAL,100.0,53.7,1
229,Data Structures,TEST1,20.0,15.6,1
229,Data Structures,TEST2,20.0,13.4,1
229,Data Structures,MIDTERM,50.0,33.2,1
229,Data Structures,FINAL,100.0,49.6,1
230,Electronics,TEST1,20.0,14.9,1
230,Electronics,TEST2,20.0,13.8,1
230,Electronics,MIDTERM,50.0,37.6,1
230,Electronics,FINAL,100.0,70.5,1
230,Data Structures,TEST1,20.0,13.6,1
230,Data Structures,TEST2,20.0,13.4,1
230,Data Structures,MIDTERM,50.0,37.6,1
230,Data Structures,FINAL,100.0,73.8,1
230,Engineering Fundamentals,TEST1,20.0,15.2,1
230,Engineering Fundamentals,TEST2,20.0,16.1,1
230,Engineering Fundamentals,MIDTERM,50.0,38.6,1
230,Engineering Fundamentals,FINAL,100.0,75.8,1
230,Mathematics,TEST1,20.0,17.3,1
230,Mathematics,TEST2,20.0,17.8,1
230,Mathematics,MIDTERM,50.0,42.6,1
230,Mathematics,FINAL,100.0,89.3,1
231,Programming,TEST1,20.0,17.7,1
231,Programming,TEST2,20.0,17.3,1
231,Programming,MIDTERM,50.0,45.8,1
231,Programming,FINAL,100.0,82.3,1
231,Engineering Fundamentals,TEST1,20.0,16.1,1
231,Engineering Fundamentals,TEST2,20.0,17.8,1
231,Engineering Fundamentals,MIDTERM,50.0,42.2,1
231,Engineering Fundamentals,FINAL,100.0,86.7,1
231,Electronics,TEST1,20.0,16.2,1
231,Electronics,TEST2,20.0,16.5,1
231,Electronics,MIDTERM,50.0,40.2,1
231,Electronics,FINAL,100.0,83.6,1
231,Mathematics,TEST1,20.0,17.5,1
231,Mathematics,TEST2,20.0,18.7,1
231,Mathematics,MIDTERM,50.0,40.5,1
231,Mathematics,FINAL,100.0,84.7,1
232,Mathematics,TEST1,20.0,9.2,1
232,Mathematics,TEST2,20.0,11.3,1
232,Mathematics,MIDTERM,50.0,38.9,1
232,Mathematics,FINAL,100.0,81.9,1
232,Data Structures,TEST1,20.0,9.9,1
232,Data Structures,TEST2,20.0,11.3,1
232,Data Structures,MIDTERM,50.0,33.2,1
232,Data Structures,FINAL,100.0,77.0,1
232,Programming,TEST1,20.0,8.9,1
232,Programming,TEST2,20.0,12.1,1
232,Programming,MIDTERM,50.0,34.2,1
232,Programming,FINAL,100.0,74.3,1
232,Communication Skills,TEST1,20.0,8.8,1
232,Communication Skills,TEST2,20.0,11.1,1
232,Communication Skills,MIDTERM,50.0,30.8,1
232,Communication Skills,FINAL,100.0,80.4,1
233,Programming,TEST1,20.0,14.1,1
233,Programming,TEST2,20.0,13.4,1
233,Programming,MIDTERM,50.0,33.4,1
233,Programming,FINAL,100.0,70.1,1
233,Mathematics,TEST1,20.0,17.6,1
233,Mathematics,TEST2,20.0,18.1,1
233,Mathematics,MIDTERM,50.0,45.2,1
233,Mathematics,FINAL,100.0,84.5,1
233,Electronics,TEST1,20.0,14.5,1
233,Electronics,TEST2,20.0,15.7,1
233,Electronics,MIDTERM,50.0,35.1,1
233,Electronics,FINAL,100.0,71.4,1
233,Communication Skills,TEST1,20.0,17.5,1
233,Communication Skills,TEST2,20.0,15.6,1
233,Communication Skills,MIDTERM,50.0,38.9,1
233,Communication Skills,FINAL,100.0,85.3,1
234,Data Structures,TEST1,20.0,14.8,1
234,Data Structures,TEST2,20.0,13.8,1
234,Data Structures,MIDTERM,50.0,26.7,1
234,Data Structures,FINAL,100.0,53.1,1
234,Programming,TEST1,20.0,14.5,1
234,Programming,TEST2,20.0,12.8,1
234,Programming,MIDTERM,50.0,24.6,1
234,Programming,FINAL,100.0,46.0,1
234,Engineering Fundamentals,TEST1,20.0,14.7,1
234,Engineering Fundamentals,TEST2,20.0,12.3,1
234,Engineering Fundamentals,MIDTERM,50.0,29.5,1
234,Engineering Fundamentals,FINAL,100.0,47.6,1
234,Mathematics,TEST1,20.0,13.2,1
234,Mathematics,TEST2,20.0,11.9,1
234,Mathematics,MIDTERM,50.0,29.4,1
234,Mathematics,FINAL,100.0,49.6,1
235,Programming,TEST1,20.0,15.4,1
235,Programming,TEST2,20.0,15.3,1
235,Programming,MIDTERM,50.0,41.6,1
235,Programming,FINAL,100.0,84.6,1
235,Engineering Fundamentals,TEST1,20.0,17.0,1
235,Engineering Fundamentals,TEST2,20.0,16.5,1
235,Engineering Fundamentals,MIDTERM,50.0,40.6,1
235,Engineering Fundamentals,FINAL,100.0,77.9,1
235,Electronics,TEST1,20.0,15.9,1
235,Electronics,TEST2,20.0,14.7,1
235,Electronics,MIDTERM,50.0,37.0,1
235,Electronics,FINAL,100.0,71.1,1
235,Data Structures,TEST1,20.0,16.2,1
235,Data Structures,TEST2,20.0,17.2,1
235,Data Structures,MIDTERM,50.0,40.5,1
235,Data Structures,FINAL,100.0,82.6,1
236,Mathematics,TEST1,20.0,13.5,1
236,Mathematics,TEST2,20.0,11.4,1
236,Mathematics,MIDTERM,50.0,23.1,1
236,Mathematics,FINAL,100.0,33.5,1
236,Data Structures,TEST1,20.0,14.2,1
236,Data Structures,TEST2,20.0,11.8,1
236,Data Structures,MIDTERM,50.0,23.4,1
236,Data Structures,FINAL,100.0,30.0,1
236,Communication Skills,TEST1,20.0,12.6,1
236,Communication Skills,TEST2,20.0,10.6,1
236,Communication Skills,MIDTERM,50.0,19.5,1
236,Communication Skills,FINAL,100.0,31.1,1
236,Electronics,TEST1,20.0,12.5,1
236,Electronics,TEST2,20.0,9.4,1
236,Electronics,MIDTERM,50.0,23.4,1
236,Electronics,FINAL,100.0,29.7,1
237,Data Structures,TEST1,20.0,10.3,1
237,Data Structures,TEST2,20.0,11.8,1
237,Data Structures,MIDTERM,50.0,35.1,1
237,Data Structures,FINAL,100.0,72.7,1
237,Electronics,TEST1,20.0,10.3,1
237,Electronics,TEST2,20.0,12.0,1
237,Electronics,MIDTERM,50.0,33.5,1
237,Electronics,FINAL,100.0,82.6,1
237,Mathematics,TEST1,20.0,10.3,1
237,Mathematics,TEST2,20.0,10.0,1
237,Mathematics,MIDTERM,50.0,28.4,1
237,Mathematics,FINAL,100.0,68.1,1
237,Programming,TEST1,20.0,10.7,1
237,Programming,TEST2,20.0,12.0,1
237,Programming,MIDTERM,50.0,34.6,1
237,Programming,FINAL,100.0,78.5,1
238,Engineering Fundamentals,TEST1,20.0,14.1,1
238,Engineering Fundamentals,TEST2,20.0,10.2,1
238,Engineering Fundamentals,MIDTERM,50.0,16.0,1
238,Engineering Fundamentals,FINAL,100.0,18.6,1
238,Electronics,TEST1,20.0,13.0,1
238,Electronics,TEST2,20.0,9.0,1
238,Electronics,MIDTERM,50.0,18.3,1
238,Electronics,FINAL,100.0,23.0,1
238,Mathematics,TEST1,20.0,13.7,1
238,Mathematics,TEST2,20.0,10.7,1
238,Mathematics,MIDTERM,50.0,18.8,1
238,Mathematics,FINAL,100.0,30.9,1
238,Data Structures,TEST1,20.0,12.7,1
238,Data Structures,TEST2,20.0,10.6,1
238,Data Structures,MIDTERM,50.0,24.1,1
238,Data Structures,FINAL,100.0,33.2,1
239,Communication Skills,TEST1,20.0,15.6,1
239,Communication Skills,TEST2,20.0,16.4,1
239,Communication Skills,MIDTERM,50.0,41.5,1
239,Communication Skills,FINAL,100.0,74.1,1
239,Electronics,TEST1,20.0,17.0,1
239,Electronics,TEST2,20.0,17.7,1
239,Electronics,MIDTERM,50.0,40.7,1
239,Electronics,FINAL,100.0,81.6,1
239,Mathematics,TEST1,20.0,16.5,1
239,Mathematics,TEST2,20.0,17.0,1
239,Mathematics,MIDTERM,50.0,39.7,1
239,Mathematics,FINAL,100.0,77.1,1
239,Engineering Fundamentals,TEST1,20.0,14.9,1
239,Engineering Fundamentals,TEST2,20.0,15.2,1
239,Engineering Fundamentals,MIDTERM,50.0,37.7,1
239,Engineering Fundamentals,FINAL,100.0,77.2,1
240,Programming,TEST1,20.0,15.3,1
240,Programming,TEST2,20.0,15.8,1
240,Programming,MIDTERM,50.0,36.4,1
240,Programming,FINAL,100.0,73.9,1
240,Communication Skills,TEST1,20.0,14.8,1
240,Communication Skills,TEST2,20.0,14.6,1
240,Communication Skills,MIDTERM,50.0,36.1,1
240,Communication Skills,FINAL,100.0,72.0,1
240,Electronics,TEST1,20.0,16.7,1
240,Electronics,TEST2,20.0,16.0,1
240,Electronics,MIDTERM,50.0,40.7,1
240,Electronics,FINAL,100.0,82.3,1
240,Engineering Fundamentals,TEST1,20.0,16.5,1
240,Engineering Fundamentals,TEST2,20.0,17.3,1
240,Engineering Fundamentals,MIDTERM,50.0,44.2,1
240,Engineering Fundamentals,FINAL,100.0,85.4,1
241,Data Structures,TEST1,20.0,13.7,1
241,Data Structures,TEST2,20.0,11.6,1
241,Data Structures,MIDTERM,50.0,21.4,1
241,Data Structures,FINAL,100.0,35.6,1
241,Mathematics,TEST1,20.0,12.3,1
241,Mathematics,TEST2,20.0,9.0,1
241,Mathematics,MIDTERM,50.0,21.9,1
241,Mathematics,FINAL,100.0,29.3,1
241,Programming,TEST1,20.0,12.1,1
241,Programming,TEST2,20.0,12.4,1
241,Programming,MIDTERM,50.0,20.9,1
241,Programming,FINAL,100.0,25.9,1
241,Engineering Fundamentals,TEST1,20.0,12.6,1
241,Engineering Fundamentals,TEST2,20.0,10.5,1
241,Engineering Fundamentals,MIDTERM,50.0,21.3,1
241,Engineering Fundamentals,FINAL,100.0,27.5,1
242,Mathematics,TEST1,20.0,14.2,1
242,Mathematics,TEST2,20.0,9.2,1
242,Mathematics,MIDTERM,50.0,18.5,1
242,Mathematics,FINAL,100.0,28.0,1
242,Engineering Fundamentals,TEST1,20.0,15.2,1
242,Engineering Fundamentals,TEST2,20.0,12.9,1
242,Engineering Fundamentals,MIDTERM,50.0,24.2,1
242,Engineering Fundamentals,FINAL,100.0,40.0,1
242,Electronics,TEST1,20.0,14.8,1
242,Electronics,TEST2,20.0,11.9,1
242,Electronics,MIDTERM,50.0,22.6,1
242,Electronics,FINAL,100.0,31.1,1
242,Communication Skills,TEST1,20.0,14.9,1
242,Communication Skills,TEST2,20.0,11.4,1
242,Communication Skills,MIDTERM,50.0,19.5,1
242,Communication Skills,FINAL,100.0,21.3,1
243,Engineering Fundamentals,TEST1,20.0,16.9,1
243,Engineering Fundamentals,TEST2,20.0,16.8,1
243,Engineering Fundamentals,MIDTERM,50.0,45.2,1
243,Engineering Fundamentals,FINAL,100.0,87.7,1
243,Mathematics,TEST1,20.0,16.5,1
243,Mathematics,TEST2,20.0,17.2,1
243,Mathematics,MIDTERM,50.0,43.3,1
243,Mathematics,FINAL,100.0,81.5,1
243,Electronics,TEST1,20.0,16.5,1
243,Electronics,TEST2,20.0,14.8,1
243,Electronics,MIDTERM,50.0,39.6,1
243,Electronics,FINAL,100.0,78.1,1
243,Data Structures,TEST1,20.0,14.8,1
243,Data Structures,TEST2,20.0,15.8,1
243,Data Structures,MIDTERM,50.0,41.5,1
243,Data Structures,FINAL,100.0,78.2,1
244,Data Structures,TEST1,20.0,14.7,1
244,Data Structures,TEST2,20.0,14.0,1
244,Data Structures,MIDTERM,50.0,34.3,1
244,Data Structures,FINAL,100.0,56.8,1
244,Communication Skills,TEST1,20.0,14.6,1
244,Communication Skills,TEST2,20.0,13.3,1
244,Communication Skills,MIDTERM,50.0,28.5,1
244,Communication Skills,FINAL,100.0,49.7,1
244,Programming,TEST1,20.0,14.5,1
244,Programming,TEST2,20.0,12.9,1
244,Programming,MIDTERM,50.0,32.6,1
244,Programming,FINAL,100.0,51.2,1
244,Electronics,TEST1,20.0,13.6,1
244,Electronics,TEST2,20.0,13.4,1
244,Electronics,MIDTERM,50.0,28.2,1
244,Electronics,FINAL,100.0,49.6,1
245,Electronics,TEST1,20.0,13.6,1
245,Electronics,TEST2,20.0,13.3,1
245,Electronics,MIDTERM,50.0,26.5,1
245,Electronics,FINAL,100.0,56.2,1
245,Data Structures,TEST1,20.0,15.1,1
245,Data Structures,TEST2,20.0,13.8,1
245,Data Structures,MIDTERM,50.0,33.2,1
245,Data Structures,FINAL,100.0,55.6,1
245,Communication Skills,TEST1,20.0,14.6,1
245,Communication Skills,TEST2,20.0,12.0,1
245,Communication Skills,MIDTERM,50.0,26.6,1
245,Communication Skills,FINAL,100.0,50.3,1
245,Programming,TEST1,20.0,14.1,1
245,Programming,TEST2,20.0,13.1,1
245,Programming,MIDTERM,50.0,28.8,1
245,Programming,FINAL,100.0,47.8,1
246,Engineering Fundamentals,TEST1,20.0,13.0,1
246,Engineering Fundamentals,TEST2,20.0,9.3,1
246,Engineering Fundamentals,MIDTERM,50.0,16.6,1
246,Engineering Fundamentals,FINAL,100.0,23.1,1
246,Mathematics,TEST1,20.0,14.6,1
246,Mathematics,TEST2,20.0,11.6,1
246,Mathematics,MIDTERM,50.0,22.9,1
246,Mathematics,FINAL,100.0,33.6,1
246,Data Structures,TEST1,20.0,11.4,1
246,Data Structures,TEST2,20.0,10.4,1
246,Data Structures,MIDTERM,50.0,19.7,1
246,Data Structures,FINAL,100.0,31.6,1
246,Programming,TEST1,20.0,11.6,1
246,Programming,TEST2,20.0,9.0,1
246,Programming,MIDTERM,50.0,16.5,1
246,Programming,FINAL,100.0,20.1,1
247,Data Structures,TEST1,20.0,14.7,1
247,Data Structures,TEST2,20.0,13.4,1
247,Data Structures,MIDTERM,50.0,31.1,1
247,Data Structures,FINAL,100.0,55.7,1
247,Communication Skills,TEST1,20.0,14.2,1
247,Communication Skills,TEST2,20.0,13.9,1
247,Communication Skills,MIDTERM,50.0,29.6,1
247,Communication Skills,FINAL,100.0,56.2,1
247,Mathematics,TEST1,20.0,15.6,1
247,Mathematics,TEST2,20.0,14.1,1
247,Mathematics,MIDTERM,50.0,35.5,1
247,Mathematics,FINAL,100.0,54.6,1
247,Electronics,TEST1,20.0,15.8,1
247,Electronics,TEST2,20.0,14.5,1
247,Electronics,MIDTERM,50.0,34.3,1
247,Electronics,FINAL,100.0,58.1,1
248,Data Structures,TEST1,20.0,9.0,1
248,Data Structures,TEST2,20.0,11.9,1
248,Data Structures,MIDTERM,50.0,33.3,1
248,Data Structures,FINAL,100.0,82.7,1
248,Engineering Fundamentals,TEST1,20.0,9.6,1
248,Engineering Fundamentals,TEST2,20.0,10.5,1
248,Engineering Fundamentals,MIDTERM,50.0,32.7,1
248,Engineering Fundamentals,FINAL,100.0,77.0,1
248,Communication Skills,TEST1,20.0,9.9,1
248,Communication Skills,TEST2,20.0,13.4,1
248,Communication Skills,MIDTERM,50.0,38.8,1
248,Communication Skills,FINAL,100.0,90.2,1
248,Programming,TEST1,20.0,9.0,1
248,Programming,TEST2,20.0,10.4,1
248,Programming,MIDTERM,50.0,32.6,1
248,Programming,FINAL,100.0,70.0,1
249,Data Structures,TEST1,20.0,9.3,1
249,Data Structures,TEST2,20.0,12.8,1
249,Data Structures,MIDTERM,50.0,36.2,1
249,Data Structures,FINAL,100.0,81.4,1
249,Communication Skills,TEST1,20.0,11.5,1
249,Communication Skills,TEST2,20.0,12.1,1
249,Communication Skills,MIDTERM,50.0,39.9,1
249,Communication Skills,FINAL,100.0,91.7,1
249,Electronics,TEST1,20.0,9.1,1
249,Electronics,TEST2,20.0,10.6,1
249,Electronics,MIDTERM,50.0,32.3,1
249,Electronics,FINAL,100.0,68.1,1
249,Mathematics,TEST1,20.0,9.2,1
249,Mathematics,TEST2,20.0,12.2,1
249,Mathematics,MIDTERM,50.0,34.7,1
249,Mathematics,FINAL,100.0,78.4,1
250,Programming,TEST1,20.0,8.8,1
250,Programming,TEST2,20.0,11.2,1
250,Programming,MIDTERM,50.0,33.2,1
250,Programming,FINAL,100.0,75.9,1
250,Communication Skills,TEST1,20.0,9.8,1
250,Communication Skills,TEST2,20.0,11.7,1
250,Communication Skills,MIDTERM,50.0,35.5,1
250,Communication Skills,FINAL,100.0,78.3,1
250,Mathematics,TEST1,20.0,10.2,1
250,Mathematics,TEST2,20.0,11.8,1
250,Mathematics,MIDTERM,50.0,33.8,1
250,Mathematics,FINAL,100.0,87.9,1
250,Electronics,TEST1,20.0,11.0,1
250,Electronics,TEST2,20.0,13.2,1
250,Electronics,MIDTERM,50.0,39.2,1
250,Electronics,FINAL,100.0,88.1,1
251,Engineering Fundamentals,TEST1,20.0,15.9,1
251,Engineering Fundamentals,TEST2,20.0,14.9,1
251,Engineering Fundamentals,MIDTERM,50.0,28.6,1
251,Engineering Fundamentals,FINAL,100.0,50.5,1
251,Mathematics,TEST1,20.0,14.6,1
251,Mathematics,TEST2,20.0,11.9,1
251,Mathematics,MIDTERM,50.0,29.5,1
251,Mathematics,FINAL,100.0,44.8,1
251,Electronics,TEST1,20.0,15.3,1
251,Electronics,TEST2,20.0,12.1,1
251,Electronics,MIDTERM,50.0,27.5,1
251,Electronics,FINAL,100.0,47.4,1
251,Programming,TEST1,20.0,15.7,1
251,Programming,TEST2,20.0,13.8,1
251,Programming,MIDTERM,50.0,35.3,1
251,Programming,FINAL,100.0,59.8,1
252,Engineering Fundamentals,TEST1,20.0,14.4,1
252,Engineering Fundamentals,TEST2,20.0,12.4,1
252,Engineering Fundamentals,MIDTERM,50.0,22.9,1
252,Engineering Fundamentals,FINAL,100.0,38.4,1
252,Programming,TEST1,20.0,13.1,1
252,Programming,TEST2,20.0,11.4,1
252,Programming,MIDTERM,50.0,23.1,1
252,Programming,FINAL,100.0,31.5,1
252,Electronics,TEST1,20.0,13.3,1
252,Electronics,TEST2,20.0,10.7,1
252,Electronics,MIDTERM,50.0,20.5,1
252,Electronics,FINAL,100.0,33.0,1
252,Data Structures,TEST1,20.0,13.0,1
252,Data Structures,TEST2,20.0,10.0,1
252,Data Structures,MIDTERM,50.0,19.9,1
252,Data Structures,FINAL,100.0,19.2,1
253,Mathematics,TEST1,20.0,9.6,1
253,Mathematics,TEST2,20.0,11.3,1
253,Mathematics,MIDTERM,50.0,32.3,1
253,Mathematics,FINAL,100.0,70.7,1
253,Engineering Fundamentals,TEST1,20.0,9.9,1
253,Engineering Fundamentals,TEST2,20.0,12.0,1
253,Engineering Fundamentals,MIDTERM,50.0,37.1,1
253,Engineering Fundamentals,FINAL,100.0,87.8,1
253,Programming,TEST1,20.0,11.1,1
253,Programming,TEST2,20.0,12.8,1
253,Programming,MIDTERM,50.0,37.0,1
253,Programming,FINAL,100.0,91.3,1
253,Communication Skills,TEST1,20.0,10.7,1
253,Communication Skills,TEST2,20.0,13.3,1
253,Communication Skills,MIDTERM,50.0,35.1,1
253,Communication Skills,FINAL,100.0,84.6,1
254,Communication Skills,TEST1,20.0,16.2,1
254,Communication Skills,TEST2,20.0,15.1,1
254,Communication Skills,MIDTERM,50.0,38.6,1
254,Communication Skills,FINAL,100.0,73.0,1
254,Data Structures,TEST1,20.0,17.0,1
254,Data Structures,TEST2,20.0,17.8,1
254,Data Structures,MIDTERM,50.0,44.0,1
254,Data Structures,FINAL,100.0,89.3,1
254,Mathematics,TEST1,20.0,15.0,1
254,Mathematics,TEST2,20.0,14.9,1
254,Mathematics,MIDTERM,50.0,38.1,1
254,Mathematics,FINAL,100.0,81.0,1
254,Electronics,TEST1,20.0,13.8,1
254,Electronics,TEST2,20.0,13.7,1
254,Electronics,MIDTERM,50.0,36.8,1
254,Electronics,FINAL,100.0,67.0,1
255,Electronics,TEST1,20.0,17.4,1
255,Electronics,TEST2,20.0,16.7,1
255,Electronics,MIDTERM,50.0,43.8,1
255,Electronics,FINAL,100.0,84.2,1
255,Communication Skills,TEST1,20.0,17.3,1
255,Communication Skills,TEST2,20.0,16.5,1
255,Communication Skills,MIDTERM,50.0,43.9,1
255,Communication Skills,FINAL,100.0,85.6,1
255,Programming,TEST1,20.0,18.2,1
255,Programming,TEST2,20.0,18.0,1
255,Programming,MIDTERM,50.0,40.6,1
255,Programming,FINAL,100.0,83.4,1
255,Data Structures,TEST1,20.0,17.1,1
255,Data Structures,TEST2,20.0,17.5,1
255,Data Structures,MIDTERM,50.0,39.6,1
255,Data Structures,FINAL,100.0,79.4,1
256,Engineering Fundamentals,TEST1,20.0,14.2,1
256,Engineering Fundamentals,TEST2,20.0,10.8,1
256,Engineering Fundamentals,MIDTERM,50.0,21.7,1
256,Engineering Fundamentals,FINAL,100.0,31.5,1
256,Programming,TEST1,20.0,13.1,1
256,Programming,TEST2,20.0,12.0,1
256,Programming,MIDTERM,50.0,24.7,1
256,Programming,FINAL,100.0,33.1,1
256,Communication Skills,TEST1,20.0,12.6,1
256,Communication Skills,TEST2,20.0,10.2,1
256,Communication Skills,MIDTERM,50.0,21.8,1
256,Communication Skills,FINAL,100.0,32.6,1
256,Mathematics,TEST1,20.0,13.9,1
256,Mathematics,TEST2,20.0,10.5,1
256,Mathematics,MIDTERM,50.0,22.4,1
256,Mathematics,FINAL,100.0,25.0,1
257,Engineering Fundamentals,TEST1,20.0,14.9,1
257,Engineering Fundamentals,TEST2,20.0,11.8,1
257,Engineering Fundamentals,MIDTERM,50.0,24.8,1
257,Engineering Fundamentals,FINAL,100.0,41.4,1
257,Electronics,TEST1,20.0,13.9,1
257,Electronics,TEST2,20.0,10.9,1
257,Electronics,MIDTERM,50.0,24.3,1
257,Electronics,FINAL,100.0,35.9,1
257,Mathematics,TEST1,20.0,13.1,1
257,Mathematics,TEST2,20.0,10.1,1
257,Mathematics,MIDTERM,50.0,17.0,1
257,Mathematics,FINAL,100.0,19.3,1
257,Programming,TEST1,20.0,14.5,1
257,Programming,TEST2,20.0,11.2,1
257,Programming,MIDTERM,50.0,18.3,1
257,Programming,FINAL,100.0,23.9,1
258,Electronics,TEST1,20.0,15.0,1
258,Electronics,TEST2,20.0,17.0,1
258,Electronics,MIDTERM,50.0,38.8,1
258,Electronics,FINAL,100.0,73.6,1
258,Engineering Fundamentals,TEST1,20.0,17.6,1
258,Engineering Fundamentals,TEST2,20.0,16.9,1
258,Engineering Fundamentals,MIDTERM,50.0,42.9,1
258,Engineering Fundamentals,FINAL,100.0,87.6,1
258,Data Structures,TEST1,20.0,14.7,1
258,Data Structures,TEST2,20.0,13.1,1
258,Data Structures,MIDTERM,50.0,35.8,1
258,Data Structures,FINAL,100.0,70.2,1
258,Programming,TEST1,20.0,13.0,1
258,Programming,TEST2,20.0,12.6,1
258,Programming,MIDTERM,50.0,35.9,1
258,Programming,FINAL,100.0,71.6,1
259,Data Structures,TEST1,20.0,17.7,1
259,Data Structures,TEST2,20.0,18.2,1
259,Data Structures,MIDTERM,50.0,41.0,1
259,Data Structures,FINAL,100.0,81.8,1
259,Programming,TEST1,20.0,16.5,1
259,Programming,TEST2,20.0,14.6,1
259,Programming,MIDTERM,50.0,39.5,1
259,Programming,FINAL,100.0,78.8,1
259,Engineering Fundamentals,TEST1,20.0,15.3,1
259,Engineering Fundamentals,TEST2,20.0,14.5,1
259,Engineering Fundamentals,MIDTERM,50.0,37.0,1
259,Engineering Fundamentals,FINAL,100.0,71.9,1
259,Electronics,TEST1,20.0,13.9,1
259,Electronics,TEST2,20.0,13.8,1
259,Electronics,MIDTERM,50.0,33.8,1
259,Electronics,FINAL,100.0,65.2,1
260,Data Structures,TEST1,20.0,13.8,1
260,Data Structures,TEST2,20.0,12.3,1
260,Data Structures,MIDTERM,50.0,27.9,1
260,Data Structures,FINAL,100.0,54.0,1
260,Mathematics,TEST1,20.0,14.3,1
260,Mathematics,TEST2,20.0,13.2,1
260,Mathematics,MIDTERM,50.0,34.4,1
260,Mathematics,FINAL,100.0,55.0,1
260,Programming,TEST1,20.0,14.6,1
260,Programming,TEST2,20.0,12.1,1
260,Programming,MIDTERM,50.0,25.1,1
260,Programming,FINAL,100.0,47.6,1
260,Electronics,TEST1,20.0,14.8,1
260,Electronics,TEST2,20.0,14.6,1
260,Electronics,MIDTERM,50.0,31.2,1
260,Electronics,FINAL,100.0,51.2,1
261,Data Structures,TEST1,20.0,13.4,1
261,Data Structures,TEST2,20.0,13.8,1
261,Data Structures,MIDTERM,50.0,34.5,1
261,Data Structures,FINAL,100.0,63.6,1
261,Electronics,TEST1,20.0,14.6,1
261,Electronics,TEST2,20.0,14.4,1
261,Electronics,MIDTERM,50.0,38.7,1
261,Electronics,FINAL,100.0,77.6,1
261,Communication Skills,TEST1,20.0,14.8,1
261,Communication Skills,TEST2,20.0,14.1,1
261,Communication Skills,MIDTERM,50.0,37.3,1
261,Communication Skills,FINAL,100.0,77.1,1
261,Programming,TEST1,20.0,17.8,1
261,Programming,TEST2,20.0,17.3,1
261,Programming,MIDTERM,50.0,42.6,1
261,Programming,FINAL,100.0,88.9,1
262,Data Structures,TEST1,20.0,13.0,1
262,Data Structures,TEST2,20.0,9.8,1
262,Data Structures,MIDTERM,50.0,21.9,1
262,Data Structures,FINAL,100.0,27.8,1
262,Electronics,TEST1,20.0,14.2,1
262,Electronics,TEST2,20.0,11.2,1
262,Electronics,MIDTERM,50.0,22.1,1
262,Electronics,FINAL,100.0,38.4,1
262,Communication Skills,TEST1,20.0,12.5,1
262,Communication Skills,TEST2,20.0,10.6,1
262,Communication Skills,MIDTERM,50.0,23.1,1
262,Communication Skills,FINAL,100.0,24.5,1
262,Engineering Fundamentals,TEST1,20.0,11.6,1
262,Engineering Fundamentals,TEST2,20.0,10.2,1
262,Engineering Fundamentals,MIDTERM,50.0,18.6,1
262,Engineering Fundamentals,FINAL,100.0,28.9,1
263,Programming,TEST1,20.0,17.7,1
263,Programming,TEST2,20.0,16.1,1
263,Programming,MIDTERM,50.0,41.8,1
263,Programming,FINAL,100.0,83.2,1
263,Mathematics,TEST1,20.0,16.1,1
263,Mathematics,TEST2,20.0,16.9,1
263,Mathematics,MIDTERM,50.0,42.7,1
263,Mathematics,FINAL,100.0,86.6,1
263,Data Structures,TEST1,20.0,14.0,1
263,Data Structures,TEST2,20.0,13.3,1
263,Data Structures,MIDTERM,50.0,34.7,1
263,Data Structures,FINAL,100.0,69.8,1
263,Electronics,TEST1,20.0,15.8,1
263,Electronics,TEST2,20.0,16.5,1
263,Electronics,MIDTERM,50.0,44.6,1
263,Electronics,FINAL,100.0,86.3,1
264,Communication Skills,TEST1,20.0,13.1,1
264,Communication Skills,TEST2,20.0,14.2,1
264,Communication Skills,MIDTERM,50.0,35.6,1
264,Communication Skills,FINAL,100.0,69.1,1
264,Electronics,TEST1,20.0,14.7,1
264,Electronics,TEST2,20.0,13.7,1
264,Electronics,MIDTERM,50.0,39.1,1
264,Electronics,FINAL,100.0,75.2,1
264,Programming,TEST1,20.0,14.5,1
264,Programming,TEST2,20.0,13.5,1
264,Programming,MIDTERM,50.0,34.5,1
264,Programming,FINAL,100.0,69.1,1
264,Engineering Fundamentals,TEST1,20.0,15.2,1
264,Engineering Fundamentals,TEST2,20.0,16.5,1
264,Engineering Fundamentals,MIDTERM,50.0,38.8,1
264,Engineering Fundamentals,FINAL,100.0,81.8,1
265,Data Structures,TEST1,20.0,13.0,1
265,Data Structures,TEST2,20.0,13.9,1
265,Data Structures,MIDTERM,50.0,33.6,1
265,Data Structures,FINAL,100.0,70.8,1
265,Mathematics,TEST1,20.0,16.1,1
265,Mathematics,TEST2,20.0,17.7,1
265,Mathematics,MIDTERM,50.0,40.0,1
265,Mathematics,FINAL,100.0,83.1,1
265,Electronics,TEST1,20.0,14.6,1
265,Electronics,TEST2,20.0,13.9,1
265,Electronics,MIDTERM,50.0,36.1,1
265,Electronics,FINAL,100.0,71.1,1
265,Communication Skills,TEST1,20.0,13.8,1
265,Communication Skills,TEST2,20.0,13.2,1
265,Communication Skills,MIDTERM,50.0,36.6,1
265,Communication Skills,FINAL,100.0,69.0,1
266,Electronics,TEST1,20.0,14.4,1
266,Electronics,TEST2,20.0,15.5,1
266,Electronics,MIDTERM,50.0,37.3,1
266,Electronics,FINAL,100.0,75.2,1
266,Communication Skills,TEST1,20.0,13.7,1
266,Communication Skills,TEST2,20.0,14.9,1
266,Communication Skills,MIDTERM,50.0,35.9,1
266,Communication Skills,FINAL,100.0,70.1,1
266,Programming,TEST1,20.0,17.4,1
266,Programming,TEST2,20.0,17.3,1
266,Programming,MIDTERM,50.0,44.7,1
266,Programming,FINAL,100.0,84.3,1
266,Engineering Fundamentals,TEST1,20.0,16.0,1
266,Engineering Fundamentals,TEST2,20.0,15.0,1
266,Engineering Fundamentals,MIDTERM,50.0,37.3,1
266,Engineering Fundamentals,FINAL,100.0,75.7,1
267,Engineering Fundamentals,TEST1,20.0,16.7,1
267,Engineering Fundamentals,TEST2,20.0,16.4,1
267,Engineering Fundamentals,MIDTERM,50.0,42.6,1
267,Engineering Fundamentals,FINAL,100.0,82.1,1
267,Electronics,TEST1,20.0,14.5,1
267,Electronics,TEST2,20.0,15.0,1
267,Electronics,MIDTERM,50.0,36.7,1
267,Electronics,FINAL,100.0,71.1,1
267,Data Structures,TEST1,20.0,15.0,1
267,Data Structures,TEST2,20.0,15.6,1
267,Data Structures,MIDTERM,50.0,35.7,1
267,Data Structures,FINAL,100.0,78.6,1
267,Mathematics,TEST1,20.0,16.1,1
267,Mathematics,TEST2,20.0,17.3,1
267,Mathematics,MIDTERM,50.0,42.5,1
267,Mathematics,FINAL,100.0,80.9,1
268,Programming,TEST1,20.0,15.4,1
268,Programming,TEST2,20.0,13.5,1
268,Programming,MIDTERM,50.0,36.3,1
268,Programming,FINAL,100.0,73.5,1
268,Mathematics,TEST1,20.0,17.9,1
268,Mathematics,TEST2,20.0,17.1,1
268,Mathematics,MIDTERM,50.0,43.8,1
268,Mathematics,FINAL,100.0,87.0,1
268,Electronics,TEST1,20.0,14.2,1
268,Electronics,TEST2,20.0,13.7,1
268,Electronics,MIDTERM,50.0,38.0,1
268,Electronics,FINAL,100.0,77.6,1
268,Engineering Fundamentals,TEST1,20.0,15.4,1
268,Engineering Fundamentals,TEST2,20.0,15.4,1
268,Engineering Fundamentals,MIDTERM,50.0,37.7,1
268,Engineering Fundamentals,FINAL,100.0,72.8,1
269,Engineering Fundamentals,TEST1,20.0,15.2,1
269,Engineering Fundamentals,TEST2,20.0,15.9,1
269,Engineering Fundamentals,MIDTERM,50.0,38.7,1
269,Engineering Fundamentals,FINAL,100.0,73.0,1
269,Communication Skills,TEST1,20.0,17.4,1
269,Communication Skills,TEST2,20.0,16.9,1
269,Communication Skills,MIDTERM,50.0,40.9,1
269,Communication Skills,FINAL,100.0,78.1,1
269,Data Structures,TEST1,20.0,16.3,1
269,Data Structures,TEST2,20.0,16.1,1
269,Data Structures,MIDTERM,50.0,41.4,1
269,Data Structures,FINAL,100.0,84.6,1
269,Electronics,TEST1,20.0,15.2,1
269,Electronics,TEST2,20.0,15.9,1
269,Electronics,MIDTERM,50.0,38.4,1
269,Electronics,FINAL,100.0,77.0,1
270,Communication Skills,TEST1,20.0,15.7,1
270,Communication Skills,TEST2,20.0,15.3,1
270,Communication Skills,MIDTERM,50.0,38.3,1
270,Communication Skills,FINAL,100.0,76.0,1
270,Engineering Fundamentals,TEST1,20.0,15.2,1
270,Engineering Fundamentals,TEST2,20.0,17.0,1
270,Engineering Fundamentals,MIDTERM,50.0,40.5,1
270,Engineering Fundamentals,FINAL,100.0,78.8,1
270,Programming,TEST1,20.0,16.0,1
270,Programming,TEST2,20.0,16.7,1
270,Programming,MIDTERM,50.0,42.2,1
270,Programming,FINAL,100.0,86.5,1
270,Electronics,TEST1,20.0,15.4,1
270,Electronics,TEST2,20.0,16.4,1
270,Electronics,MIDTERM,50.0,37.5,1
270,Electronics,FINAL,100.0,78.6,1
271,Mathematics,TEST1,20.0,14.8,1
271,Mathematics,TEST2,20.0,13.9,1
271,Mathematics,MIDTERM,50.0,35.2,1
271,Mathematics,FINAL,100.0,68.1,1
271,Electronics,TEST1,20.0,16.8,1
271,Electronics,TEST2,20.0,16.2,1
271,Electronics,MIDTERM,50.0,36.7,1
271,Electronics,FINAL,100.0,73.8,1
271,Data Structures,TEST1,20.0,15.1,1
271,Data Structures,TEST2,20.0,14.4,1
271,Data Structures,MIDTERM,50.0,38.4,1
271,Data Structures,FINAL,100.0,71.3,1
271,Engineering Fundamentals,TEST1,20.0,16.7,1
271,Engineering Fundamentals,TEST2,20.0,18.9,1
271,Engineering Fundamentals,MIDTERM,50.0,46.1,1
271,Engineering Fundamentals,FINAL,100.0,90.7,1
272,Data Structures,TEST1,20.0,15.8,1
272,Data Structures,TEST2,20.0,16.6,1
272,Data Structures,MIDTERM,50.0,40.8,1
272,Data Structures,FINAL,100.0,77.4,1
272,Electronics,TEST1,20.0,14.0,1
272,Electronics,TEST2,20.0,13.8,1
272,Electronics,MIDTERM,50.0,34.8,1
272,Electronics,FINAL,100.0,61.3,1
272,Mathematics,TEST1,20.0,16.3,1
272,Mathematics,TEST2,20.0,16.6,1
272,Mathematics,MIDTERM,50.0,41.4,1
272,Mathematics,FINAL,100.0,77.7,1
272,Communication Skills,TEST1,20.0,16.2,1
272,Communication Skills,TEST2,20.0,17.5,1
272,Communication Skills,MIDTERM,50.0,43.4,1
272,Communication Skills,FINAL,100.0,85.1,1
273,Data Structures,TEST1,20.0,17.3,1
273,Data Structures,TEST2,20.0,17.5,1
273,Data Structures,MIDTERM,50.0,45.0,1
273,Data Structures,FINAL,100.0,84.6,1
273,Electronics,TEST1,20.0,16.4,1
273,Electronics,TEST2,20.0,16.6,1
273,Electronics,MIDTERM,50.0,38.9,1
273,Electronics,FINAL,100.0,87.0,1
273,Mathematics,TEST1,20.0,15.9,1
273,Mathematics,TEST2,20.0,14.4,1
273,Mathematics,MIDTERM,50.0,37.6,1
273,Mathematics,FINAL,100.0,76.6,1
273,Engineering Fundamentals,TEST1,20.0,14.0,1
273,Engineering Fundamentals,TEST2,20.0,14.6,1
273,Engineering Fundamentals,MIDTERM,50.0,33.0,1
273,Engineering Fundamentals,FINAL,100.0,71.0,1
274,Programming,TEST1,20.0,14.8,1
274,Programming,TEST2,20.0,13.4,1
274,Programming,MIDTERM,50.0,30.1,1
274,Programming,FINAL,100.0,52.1,1
274,Mathematics,TEST1,20.0,14.1,1
274,Mathematics,TEST2,20.0,13.4,1
274,Mathematics,MIDTERM,50.0,30.2,1
274,Mathematics,FINAL,100.0,46.3,1
274,Communication Skills,TEST1,20.0,13.8,1
274,Communication Skills,TEST2,20.0,14.3,1
274,Communication Skills,MIDTERM,50.0,27.6,1
274,Communication Skills,FINAL,100.0,45.3,1
274,Electronics,TEST1,20.0,13.4,1
274,Electronics,TEST2,20.0,13.6,1
274,Electronics,MIDTERM,50.0,27.3,1
274,Electronics,FINAL,100.0,48.5,1
275,Communication Skills,TEST1,20.0,14.0,1
275,Communication Skills,TEST2,20.0,12.8,1
275,Communication Skills,MIDTERM,50.0,30.7,1
275,Communication Skills,FINAL,100.0,54.8,1
275,Electronics,TEST1,20.0,13.6,1
275,Electronics,TEST2,20.0,12.3,1
275,Electronics,MIDTERM,50.0,27.1,1
275,Electronics,FINAL,100.0,47.8,1
275,Data Structures,TEST1,20.0,15.8,1
275,Data Structures,TEST2,20.0,13.3,1
275,Data Structures,MIDTERM,50.0,31.9,1
275,Data Structures,FINAL,100.0,50.8,1
275,Mathematics,TEST1,20.0,14.0,1
275,Mathematics,TEST2,20.0,13.2,1
275,Mathematics,MIDTERM,50.0,29.6,1
275,Mathematics,FINAL,100.0,55.7,1
276,Electronics,TEST1,20.0,11.0,1
276,Electronics,TEST2,20.0,13.3,1
276,Electronics,MIDTERM,50.0,36.2,1
276,Electronics,FINAL,100.0,81.8,1
276,Engineering Fundamentals,TEST1,20.0,9.5,1
276,Engineering Fundamentals,TEST2,20.0,10.4,1
276,Engineering Fundamentals,MIDTERM,50.0,30.2,1
276,Engineering Fundamentals,FINAL,100.0,73.4,1
276,Mathematics,TEST1,20.0,9.3,1
276,Mathematics,TEST2,20.0,11.0,1
276,Mathematics,MIDTERM,50.0,32.6,1
276,Mathematics,FINAL,100.0,78.6,1
276,Communication Skills,TEST1,20.0,9.2,1
276,Communication Skills,TEST2,20.0,11.3,1
276,Communication Skills,MIDTERM,50.0,33.0,1
276,Communication Skills,FINAL,100.0,75.0,1
277,Electronics,TEST1,20.0,16.2,1
277,Electronics,TEST2,20.0,16.4,1
277,Electronics,MIDTERM,50.0,40.6,1
277,Electronics,FINAL,100.0,85.4,1
277,Data Structures,TEST1,20.0,14.9,1
277,Data Structures,TEST2,20.0,14.8,1
277,Data Structures,MIDTERM,50.0,36.5,1
277,Data Structures,FINAL,100.0,77.8,1
277,Communication Skills,TEST1,20.0,14.7,1
277,Communication Skills,TEST2,20.0,13.9,1
277,Communication Skills,MIDTERM,50.0,35.4,1
277,Communication Skills,FINAL,100.0,74.6,1
277,Engineering Fundamentals,TEST1,20.0,15.8,1
277,Engineering Fundamentals,TEST2,20.0,17.9,1
277,Engineering Fundamentals,MIDTERM,50.0,42.6,1
277,Engineering Fundamentals,FINAL,100.0,82.0,1
278,Communication Skills,TEST1,20.0,13.8,1
278,Communication Skills,TEST2,20.0,12.6,1
278,Communication Skills,MIDTERM,50.0,29.4,1
278,Communication Skills,FINAL,100.0,44.3,1
278,Electronics,TEST1,20.0,14.2,1
278,Electronics,TEST2,20.0,13.0,1
278,Electronics,MIDTERM,50.0,29.5,1
278,Electronics,FINAL,100.0,45.1,1
278,Data Structures,TEST1,20.0,14.8,1
278,Data Structures,TEST2,20.0,12.8,1
278,Data Structures,MIDTERM,50.0,27.5,1
278,Data Structures,FINAL,100.0,44.9,1
278,Mathematics,TEST1,20.0,15.2,1
278,Mathematics,TEST2,20.0,13.3,1
278,Mathematics,MIDTERM,50.0,30.8,1
278,Mathematics,FINAL,100.0,50.7,1
279,Electronics,TEST1,20.0,11.2,1
279,Electronics,TEST2,20.0,9.6,1
279,Electronics,MIDTERM,50.0,17.4,1
279,Electronics,FINAL,100.0,30.5,1
279,Mathematics,TEST1,20.0,13.3,1
279,Mathematics,TEST2,20.0,10.7,1
279,Mathematics,MIDTERM,50.0,23.8,1
279,Mathematics,FINAL,100.0,29.8,1
279,Engineering Fundamentals,TEST1,20.0,13.3,1
279,Engineering Fundamentals,TEST2,20.0,11.1,1
279,Engineering Fundamentals,MIDTERM,50.0,16.2,1
279,Engineering Fundamentals,FINAL,100.0,22.3,1
279,Data Structures,TEST1,20.0,12.8,1
279,Data Structures,TEST2,20.0,10.1,1
279,Data Structures,MIDTERM,50.0,19.4,1
279,Data Structures,FINAL,100.0,21.4,1
280,Mathematics,TEST1,20.0,12.7,1
280,Mathematics,TEST2,20.0,10.8,1
280,Mathematics,MIDTERM,50.0,18.8,1
280,Mathematics,FINAL,100.0,24.6,1
280,Data Structures,TEST1,20.0,11.7,1
280,Data Structures,TEST2,20.0,10.7,1
280,Data Structures,MIDTERM,50.0,22.9,1
280,Data Structures,FINAL,100.0,34.7,1
280,Communication Skills,TEST1,20.0,11.5,1
280,Communication Skills,TEST2,20.0,9.7,1
280,Communication Skills,MIDTERM,50.0,18.1,1
280,Communication Skills,FINAL,100.0,20.1,1
280,Programming,TEST1,20.0,12.9,1
280,Programming,TEST2,20.0,11.1,1
280,Programming,MIDTERM,50.0,19.1,1
280,Programming,FINAL,100.0,29.4,1
281,Data Structures,TEST1,20.0,15.2,1
281,Data Structures,TEST2,20.0,15.4,1
281,Data Structures,MIDTERM,50.0,38.5,1
281,Data Structures,FINAL,100.0,71.8,1
281,Engineering Fundamentals,TEST1,20.0,14.7,1
281,Engineering Fundamentals,TEST2,20.0,14.2,1
281,Engineering Fundamentals,MIDTERM,50.0,36.3,1
281,Engineering Fundamentals,FINAL,100.0,74.5,1
281,Programming,TEST1,20.0,15.4,1
281,Programming,TEST2,20.0,14.7,1
281,Programming,MIDTERM,50.0,35.5,1
281,Programming,FINAL,100.0,76.9,1
281,Mathematics,TEST1,20.0,16.3,1
281,Mathematics,TEST2,20.0,14.3,1
281,Mathematics,MIDTERM,50.0,37.9,1
281,Mathematics,FINAL,100.0,75.1,1
282,Data Structures,TEST1,20.0,14.2,1
282,Data Structures,TEST2,20.0,13.9,1
282,Data Structures,MIDTERM,50.0,37.2,1
282,Data Structures,FINAL,100.0,74.7,1
282,Programming,TEST1,20.0,15.0,1
282,Programming,TEST2,20.0,14.0,1
282,Programming,MIDTERM,50.0,35.3,1
282,Programming,FINAL,100.0,72.4,1
282,Engineering Fundamentals,TEST1,20.0,16.6,1
282,Engineering Fundamentals,TEST2,20.0,16.7,1
282,Engineering Fundamentals,MIDTERM,50.0,40.3,1
282,Engineering Fundamentals,FINAL,100.0,85.5,1
282,Mathematics,TEST1,20.0,16.2,1
282,Mathematics,TEST2,20.0,15.5,1
282,Mathematics,MIDTERM,50.0,39.9,1
282,Mathematics,FINAL,100.0,79.1,1
283,Communication Skills,TEST1,20.0,15.9,1
283,Communication Skills,TEST2,20.0,15.4,1
283,Communication Skills,MIDTERM,50.0,39.2,1
283,Communication Skills,FINAL,100.0,73.4,1
283,Programming,TEST1,20.0,14.3,1
283,Programming,TEST2,20.0,15.8,1
283,Programming,MIDTERM,50.0,37.3,1
283,Programming,FINAL,100.0,72.4,1
283,Engineering Fundamentals,TEST1,20.0,17.0,1
283,Engineering Fundamentals,TEST2,20.0,18.0,1
283,Engineering Fundamentals,MIDTERM,50.0,43.2,1
283,Engineering Fundamentals,FINAL,100.0,85.0,1
283,Data Structures,TEST1,20.0,14.9,1
283,Data Structures,TEST2,20.0,14.7,1
283,Data Structures,MIDTERM,50.0,37.6,1
283,Data Structures,FINAL,100.0,83.6,1
284,Engineering Fundamentals,TEST1,20.0,16.5,1
284,Engineering Fundamentals,TEST2,20.0,17.0,1
284,Engineering Fundamentals,MIDTERM,50.0,41.8,1
284,Engineering Fundamentals,FINAL,100.0,80.8,1
284,Data Structures,TEST1,20.0,15.7,1
284,Data Structures,TEST2,20.0,15.5,1
284,Data Structures,MIDTERM,50.0,39.0,1
284,Data Structures,FINAL,100.0,78.4,1
284,Electronics,TEST1,20.0,17.0,1
284,Electronics,TEST2,20.0,16.8,1
284,Electronics,MIDTERM,50.0,40.6,1
284,Electronics,FINAL,100.0,80.3,1
284,Programming,TEST1,20.0,15.2,1
284,Programming,TEST2,20.0,16.0,1
284,Programming,MIDTERM,50.0,38.0,1
284,Programming,FINAL,100.0,80.7,1
285,Data Structures,TEST1,20.0,15.3,1
285,Data Structures,TEST2,20.0,12.8,1
285,Data Structures,MIDTERM,50.0,34.3,1
285,Data Structures,FINAL,100.0,65.0,1
285,Engineering Fundamentals,TEST1,20.0,15.2,1
285,Engineering Fundamentals,TEST2,20.0,13.3,1
285,Engineering Fundamentals,MIDTERM,50.0,30.4,1
285,Engineering Fundamentals,FINAL,100.0,57.5,1
285,Programming,TEST1,20.0,13.6,1
285,Programming,TEST2,20.0,12.5,1
285,Programming,MIDTERM,50.0,24.6,1
285,Programming,FINAL,100.0,42.4,1
285,Electronics,TEST1,20.0,13.4,1
285,Electronics,TEST2,20.0,13.2,1
285,Electronics,MIDTERM,50.0,32.0,1
285,Electronics,FINAL,100.0,59.2,1
286,Programming,TEST1,20.0,8.7,1
286,Programming,TEST2,20.0,11.3,1
286,Programming,MIDTERM,50.0,32.4,1
286,Programming,FINAL,100.0,77.0,1
286,Engineering Fundamentals,TEST1,20.0,12.0,1
286,Engineering Fundamentals,TEST2,20.0,13.0,1
286,Engineering Fundamentals,MIDTERM,50.0,38.5,1
286,Engineering Fundamentals,FINAL,100.0,83.7,1
286,Mathematics,TEST1,20.0,10.2,1
286,Mathematics,TEST2,20.0,13.0,1
286,Mathematics,MIDTERM,50.0,37.6,1
286,Mathematics,FINAL,100.0,86.3,1
286,Data Structures,TEST1,20.0,8.7,1
286,Data Structures,TEST2,20.0,11.0,1
286,Data Structures,MIDTERM,50.0,32.3,1
286,Data Structures,FINAL,100.0,68.2,1
287,Programming,TEST1,20.0,15.6,1
287,Programming,TEST2,20.0,15.5,1
287,Programming,MIDTERM,50.0,39.7,1
287,Programming,FINAL,100.0,76.3,1
287,Mathematics,TEST1,20.0,15.6,1
287,Mathematics,TEST2,20.0,15.4,1
287,Mathematics,MIDTERM,50.0,37.4,1
287,Mathematics,FINAL,100.0,76.1,1
287,Electronics,TEST1,20.0,16.9,1
287,Electronics,TEST2,20.0,17.6,1
287,Electronics,MIDTERM,50.0,42.1,1
287,Electronics,FINAL,100.0,88.9,1
287,Communication Skills,TEST1,20.0,18.4,1
287,Communication Skills,TEST2,20.0,17.8,1
287,Communication Skills,MIDTERM,50.0,45.9,1
287,Communication Skills,FINAL,100.0,93.2,1
288,Programming,TEST1,20.0,7.6,1
288,Programming,TEST2,20.0,10.2,1
288,Programming,MIDTERM,50.0,29.9,1
288,Programming,FINAL,100.0,76.8,1
288,Mathematics,TEST1,20.0,10.6,1
288,Mathematics,TEST2,20.0,12.6,1
288,Mathematics,MIDTERM,50.0,33.6,1
288,Mathematics,FINAL,100.0,80.7,1
288,Electronics,TEST1,20.0,9.8,1
288,Electronics,TEST2,20.0,12.4,1
288,Electronics,MIDTERM,50.0,36.4,1
288,Electronics,FINAL,100.0,73.6,1
288,Engineering Fundamentals,TEST1,20.0,10.1,1
288,Engineering Fundamentals,TEST2,20.0,12.2,1
288,Engineering Fundamentals,MIDTERM,50.0,37.0,1
288,Engineering Fundamentals,FINAL,100.0,89.8,1
289,Data Structures,TEST1,20.0,16.3,1
289,Data Structures,TEST2,20.0,15.5,1
289,Data Structures,MIDTERM,50.0,33.2,1
289,Data Structures,FINAL,100.0,53.9,1
289,Programming,TEST1,20.0,14.6,1
289,Programming,TEST2,20.0,14.0,1
289,Programming,MIDTERM,50.0,26.3,1
289,Programming,FINAL,100.0,47.6,1
289,Engineering Fundamentals,TEST1,20.0,13.6,1
289,Engineering Fundamentals,TEST2,20.0,11.8,1
289,Engineering Fundamentals,MIDTERM,50.0,24.0,1
289,Engineering Fundamentals,FINAL,100.0,48.7,1
289,Communication Skills,TEST1,20.0,13.9,1
289,Communication Skills,TEST2,20.0,13.0,1
289,Communication Skills,MIDTERM,50.0,28.4,1
289,Communication Skills,FINAL,100.0,51.8,1
290,Engineering Fundamentals,TEST1,20.0,17.0,1
290,Engineering Fundamentals,TEST2,20.0,16.1,1
290,Engineering Fundamentals,MIDTERM,50.0,42.3,1
290,Engineering Fundamentals,FINAL,100.0,84.3,1
290,Electronics,TEST1,20.0,17.7,1
290,Electronics,TEST2,20.0,18.3,1
290,Electronics,MIDTERM,50.0,41.3,1
290,Electronics,FINAL,100.0,93.8,1
290,Data Structures,TEST1,20.0,16.4,1
290,Data Structures,TEST2,20.0,16.8,1
290,Data Structures,MIDTERM,50.0,40.4,1
290,Data Structures,FINAL,100.0,82.2,1
290,Programming,TEST1,20.0,16.5,1
290,Programming,TEST2,20.0,15.0,1
290,Programming,MIDTERM,50.0,37.2,1
290,Programming,FINAL,100.0,72.9,1
291,Engineering Fundamentals,TEST1,20.0,12.8,1
291,Engineering Fundamentals,TEST2,20.0,10.8,1
291,Engineering Fundamentals,MIDTERM,50.0,22.1,1
291,Engineering Fundamentals,FINAL,100.0,30.8,1
291,Electronics,TEST1,20.0,12.8,1
291,Electronics,TEST2,20.0,10.6,1
291,Electronics,MIDTERM,50.0,26.0,1
291,Electronics,FINAL,100.0,40.1,1
291,Mathematics,TEST1,20.0,12.4,1
291,Mathematics,TEST2,20.0,9.9,1
291,Mathematics,MIDTERM,50.0,25.1,1
291,Mathematics,FINAL,100.0,30.7,1
291,Data Structures,TEST1,20.0,13.0,1
291,Data Structures,TEST2,20.0,10.1,1
291,Data Structures,MIDTERM,50.0,21.4,1
291,Data Structures,FINAL,100.0,28.1,1
292,Communication Skills,TEST1,20.0,13.8,1
292,Communication Skills,TEST2,20.0,14.0,1
292,Communication Skills,MIDTERM,50.0,35.0,1
292,Communication Skills,FINAL,100.0,76.0,1
292,Programming,TEST1,20.0,16.2,1
292,Programming,TEST2,20.0,14.6,1
292,Programming,MIDTERM,50.0,38.6,1
292,Programming,FINAL,100.0,79.9,1
292,Data Structures,TEST1,20.0,14.1,1
292,Data Structures,TEST2,20.0,14.2,1
292,Data Structures,MIDTERM,50.0,34.6,1
292,Data Structures,FINAL,100.0,71.1,1
292,Mathematics,TEST1,20.0,16.4,1
292,Mathematics,TEST2,20.0,17.0,1
292,Mathematics,MIDTERM,50.0,40.9,1
292,Mathematics,FINAL,100.0,83.9,1
293,Electronics,TEST1,20.0,16.4,1
293,Electronics,TEST2,20.0,16.8,1
293,Electronics,MIDTERM,50.0,41.5,1
293,Electronics,FINAL,100.0,82.4,1
293,Data Structures,TEST1,20.0,15.0,1
293,Data Structures,TEST2,20.0,14.1,1
293,Data Structures,MIDTERM,50.0,34.0,1
293,Data Structures,FINAL,100.0,75.1,1
293,Mathematics,TEST1,20.0,17.1,1
293,Mathematics,TEST2,20.0,17.3,1
293,Mathematics,MIDTERM,50.0,42.6,1
293,Mathematics,FINAL,100.0,77.9,1
293,Engineering Fundamentals,TEST1,20.0,13.5,1
293,Engineering Fundamentals,TEST2,20.0,13.0,1
293,Engineering Fundamentals,MIDTERM,50.0,33.5,1
293,Engineering Fundamentals,FINAL,100.0,70.5,1
294,Engineering Fundamentals,TEST1,20.0,16.7,1
294,Engineering Fundamentals,TEST2,20.0,16.3,1
294,Engineering Fundamentals,MIDTERM,50.0,42.4,1
294,Engineering Fundamentals,FINAL,100.0,81.1,1
294,Communication Skills,TEST1,20.0,17.3,1
294,Communication Skills,TEST2,20.0,16.8,1
294,Communication Skills,MIDTERM,50.0,41.1,1
294,Communication Skills,FINAL,100.0,87.9,1
294,Programming,TEST1,20.0,15.9,1
294,Programming,TEST2,20.0,15.8,1
294,Programming,MIDTERM,50.0,37.6,1
294,Programming,FINAL,100.0,74.8,1
294,Data Structures,TEST1,20.0,15.3,1
294,Data Structures,TEST2,20.0,15.8,1
294,Data Structures,MIDTERM,50.0,38.5,1
294,Data Structures,FINAL,100.0,72.6,1
295,Programming,TEST1,20.0,13.8,1
295,Programming,TEST2,20.0,10.7,1
295,Programming,MIDTERM,50.0,22.3,1
295,Programming,FINAL,100.0,28.4,1
295,Electronics,TEST1,20.0,12.0,1
295,Electronics,TEST2,20.0,8.2,1
295,Electronics,MIDTERM,50.0,14.8,1
295,Electronics,FINAL,100.0,18.4,1
295,Engineering Fundamentals,TEST1,20.0,11.9,1
295,Engineering Fundamentals,TEST2,20.0,10.1,1
295,Engineering Fundamentals,MIDTERM,50.0,19.7,1
295,Engineering Fundamentals,FINAL,100.0,31.4,1
295,Mathematics,TEST1,20.0,13.6,1
295,Mathematics,TEST2,20.0,11.4,1
295,Mathematics,MIDTERM,50.0,21.8,1
295,Mathematics,FINAL,100.0,33.0,1
296,Data Structures,TEST1,20.0,13.0,1
296,Data Structures,TEST2,20.0,10.2,1
296,Data Structures,MIDTERM,50.0,19.0,1
296,Data Structures,FINAL,100.0,23.9,1
296,Communication Skills,TEST1,20.0,14.0,1
296,Communication Skills,TEST2,20.0,10.6,1
296,Communication Skills,MIDTERM,50.0,19.1,1
296,Communication Skills,FINAL,100.0,33.9,1
296,Electronics,TEST1,20.0,12.6,1
296,Electronics,TEST2,20.0,9.3,1
296,Electronics,MIDTERM,50.0,18.1,1
296,Electronics,FINAL,100.0,27.3,1
296,Engineering Fundamentals,TEST1,20.0,12.6,1
296,Engineering Fundamentals,TEST2,20.0,10.5,1
296,Engineering Fundamentals,MIDTERM,50.0,19.9,1
296,Engineering Fundamentals,FINAL,100.0,26.5,1
297,Data Structures,TEST1,20.0,15.2,1
297,Data Structures,TEST2,20.0,17.4,1
297,Data Structures,MIDTERM,50.0,39.3,1
297,Data Structures,FINAL,100.0,80.5,1
297,Communication Skills,TEST1,20.0,16.6,1
297,Communication Skills,TEST2,20.0,16.2,1
297,Communication Skills,MIDTERM,50.0,39.1,1
297,Communication Skills,FINAL,100.0,84.4,1
297,Engineering Fundamentals,TEST1,20.0,17.3,1
297,Engineering Fundamentals,TEST2,20.0,14.9,1
297,Engineering Fundamentals,MIDTERM,50.0,42.6,1
297,Engineering Fundamentals,FINAL,100.0,80.2,1
297,Mathematics,TEST1,20.0,14.7,1
297,Mathematics,TEST2,20.0,14.8,1
297,Mathematics,MIDTERM,50.0,35.9,1
297,Mathematics,FINAL,100.0,73.5,1
298,Mathematics,TEST1,20.0,12.6,1
298,Mathematics,TEST2,20.0,10.0,1
298,Mathematics,MIDTERM,50.0,22.2,1
298,Mathematics,FINAL,100.0,26.6,1
298,Programming,TEST1,20.0,14.4,1
298,Programming,TEST2,20.0,11.9,1
298,Programming,MIDTERM,50.0,23.9,1
298,Programming,FINAL,100.0,32.1,1
298,Engineering Fundamentals,TEST1,20.0,14.9,1
298,Engineering Fundamentals,TEST2,20.0,12.4,1
298,Engineering Fundamentals,MIDTERM,50.0,20.3,1
298,Engineering Fundamentals,FINAL,100.0,31.6,1
298,Communication Skills,TEST1,20.0,14.9,1
298,Communication Skills,TEST2,20.0,12.2,1
298,Communication Skills,MIDTERM,50.0,24.7,1
298,Communication Skills,FINAL,100.0,43.2,1
299,Data Structures,TEST1,20.0,12.6,1
299,Data Structures,TEST2,20.0,9.1,1
299,Data Structures,MIDTERM,50.0,14.8,1
299,Data Structures,FINAL,100.0,14.2,1
299,Electronics,TEST1,20.0,11.6,1
299,Electronics,TEST2,20.0,9.9,1
299,Electronics,MIDTERM,50.0,20.1,1
299,Electronics,FINAL,100.0,30.2,1
299,Mathematics,TEST1,20.0,13.2,1
299,Mathematics,TEST2,20.0,10.8,1
299,Mathematics,MIDTERM,50.0,21.8,1
299,Mathematics,FINAL,100.0,32.5,1
299,Communication Skills,TEST1,20.0,13.8,1
299,Communication Skills,TEST2,20.0,12.8,1
299,Communication Skills,MIDTERM,50.0,25.2,1
299,Communication Skills,FINAL,100.0,37.8,1
300,Communication Skills,TEST1,20.0,14.0,1
300,Communication Skills,TEST2,20.0,12.3,1
300,Communication Skills,MIDTERM,50.0,27.7,1
300,Communication Skills,FINAL,100.0,57.1,1
300,Programming,TEST1,20.0,13.8,1
300,Programming,TEST2,20.0,13.5,1
300,Programming,MIDTERM,50.0,33.2,1
300,Programming,FINAL,100.0,56.9,1
300,Mathematics,TEST1,20.0,14.4,1
300,Mathematics,TEST2,20.0,11.5,1
300,Mathematics,MIDTERM,50.0,24.2,1
300,Mathematics,FINAL,100.0,41.9,1
300,Engineering Fundamentals,TEST1,20.0,14.7,1
300,Engineering Fundamentals,TEST2,20.0,13.5,1
300,Engineering Fundamentals,MIDTERM,50.0,27.2,1
300,Engineering Fundamentals,FINAL,100.0,50.8,1
301,Engineering Fundamentals,TEST1,20.0,12.9,1
301,Engineering Fundamentals,TEST2,20.0,11.6,1
301,Engineering Fundamentals,MIDTERM,50.0,23.8,1
301,Engineering Fundamentals,FINAL,100.0,27.2,1
301,Electronics,TEST1,20.0,13.3,1
301,Electronics,TEST2,20.0,11.5,1
301,Electronics,MIDTERM,50.0,21.7,1
301,Electronics,FINAL,100.0,24.7,1
301,Communication Skills,TEST1,20.0,13.3,1
301,Communication Skills,TEST2,20.0,11.0,1
301,Communication Skills,MIDTERM,50.0,19.9,1
301,Communication Skills,FINAL,100.0,19.2,1
301,Programming,TEST1,20.0,13.1,1
301,Programming,TEST2,20.0,11.3,1
301,Programming,MIDTERM,50.0,22.3,1
301,Programming,FINAL,100.0,32.7,1
302,Mathematics,TEST1,20.0,14.1,1
302,Mathematics,TEST2,20.0,13.9,1
302,Mathematics,MIDTERM,50.0,37.5,1
302,Mathematics,FINAL,100.0,73.7,1
302,Communication Skills,TEST1,20.0,14.4,1
302,Communication Skills,TEST2,20.0,14.0,1
302,Communication Skills,MIDTERM,50.0,37.4,1
302,Communication Skills,FINAL,100.0,71.3,1
302,Data Structures,TEST1,20.0,14.3,1
302,Data Structures,TEST2,20.0,14.1,1
302,Data Structures,MIDTERM,50.0,33.7,1
302,Data Structures,FINAL,100.0,74.2,1
302,Programming,TEST1,20.0,16.8,1
302,Programming,TEST2,20.0,17.3,1
302,Programming,MIDTERM,50.0,43.0,1
302,Programming,FINAL,100.0,82.6,1
303,Communication Skills,TEST1,20.0,13.7,1
303,Communication Skills,TEST2,20.0,12.6,1
303,Communication Skills,MIDTERM,50.0,25.0,1
303,Communication Skills,FINAL,100.0,45.5,1
303,Data Structures,TEST1,20.0,15.5,1
303,Data Structures,TEST2,20.0,12.6,1
303,Data Structures,MIDTERM,50.0,28.4,1
303,Data Structures,FINAL,100.0,48.8,1
303,Electronics,TEST1,20.0,16.4,1
303,Electronics,TEST2,20.0,12.8,1
303,Electronics,MIDTERM,50.0,33.0,1
303,Electronics,FINAL,100.0,59.9,1
303,Programming,TEST1,20.0,13.8,1
303,Programming,TEST2,20.0,12.3,1
303,Programming,MIDTERM,50.0,31.6,1
303,Programming,FINAL,100.0,53.6,1
304,Communication Skills,TEST1,20.0,14.4,1
304,Communication Skills,TEST2,20.0,12.7,1
304,Communication Skills,MIDTERM,50.0,31.2,1
304,Communication Skills,FINAL,100.0,56.8,1
304,Engineering Fundamentals,TEST1,20.0,16.3,1
304,Engineering Fundamentals,TEST2,20.0,14.1,1
304,Engineering Fundamentals,MIDTERM,50.0,28.2,1
304,Engineering Fundamentals,FINAL,100.0,47.9,1
304,Mathematics,TEST1,20.0,15.2,1
304,Mathematics,TEST2,20.0,14.0,1
304,Mathematics,MIDTERM,50.0,31.8,1
304,Mathematics,FINAL,100.0,60.7,1
304,Electronics,TEST1,20.0,13.9,1
304,Electronics,TEST2,20.0,13.0,1
304,Electronics,MIDTERM,50.0,30.1,1
304,Electronics,FINAL,100.0,45.2,1
305,Communication Skills,TEST1,20.0,13.5,1
305,Communication Skills,TEST2,20.0,12.5,1
305,Communication Skills,MIDTERM,50.0,23.7,1
305,Communication Skills,FINAL,100.0,34.0,1
305,Engineering Fundamentals,TEST1,20.0,13.0,1
305,Engineering Fundamentals,TEST2,20.0,10.0,1
305,Engineering Fundamentals,MIDTERM,50.0,20.6,1
305,Engineering Fundamentals,FINAL,100.0,23.2,1
305,Data Structures,TEST1,20.0,10.8,1
305,Data Structures,TEST2,20.0,9.3,1
305,Data Structures,MIDTERM,50.0,16.4,1
305,Data Structures,FINAL,100.0,15.1,1
305,Electronics,TEST1,20.0,11.7,1
305,Electronics,TEST2,20.0,9.2,1
305,Electronics,MIDTERM,50.0,18.5,1
305,Electronics,FINAL,100.0,22.7,1
306,Engineering Fundamentals,TEST1,20.0,10.0,1
306,Engineering Fundamentals,TEST2,20.0,12.3,1
306,Engineering Fundamentals,MIDTERM,50.0,37.1,1
306,Engineering Fundamentals,FINAL,100.0,81.1,1
306,Programming,TEST1,20.0,10.4,1
306,Programming,TEST2,20.0,12.2,1
306,Programming,MIDTERM,50.0,33.7,1
306,Programming,FINAL,100.0,72.3,1
306,Communication Skills,TEST1,20.0,9.6,1
306,Communication Skills,TEST2,20.0,12.3,1
306,Communication Skills,MIDTERM,50.0,33.0,1
306,Communication Skills,FINAL,100.0,72.6,1
306,Mathematics,TEST1,20.0,10.0,1
306,Mathematics,TEST2,20.0,11.3,1
306,Mathematics,MIDTERM,50.0,35.5,1
306,Mathematics,FINAL,100.0,80.4,1
307,Communication Skills,TEST1,20.0,8.6,1
307,Communication Skills,TEST2,20.0,11.4,1
307,Communication Skills,MIDTERM,50.0,35.2,1
307,Communication Skills,FINAL,100.0,84.8,1
307,Data Structures,TEST1,20.0,8.1,1
307,Data Structures,TEST2,20.0,10.5,1
307,Data Structures,MIDTERM,50.0,30.4,1
307,Data Structures,FINAL,100.0,70.3,1
307,Mathematics,TEST1,20.0,8.8,1
307,Mathematics,TEST2,20.0,10.3,1
307,Mathematics,MIDTERM,50.0,30.9,1
307,Mathematics,FINAL,100.0,72.2,1
307,Engineering Fundamentals,TEST1,20.0,10.7,1
307,Engineering Fundamentals,TEST2,20.0,11.9,1
307,Engineering Fundamentals,MIDTERM,50.0,31.8,1
307,Engineering Fundamentals,FINAL,100.0,80.6,1
308,Programming,TEST1,20.0,13.5,1
308,Programming,TEST2,20.0,12.0,1
308,Programming,MIDTERM,50.0,25.7,1
308,Programming,FINAL,100.0,39.2,1
308,Communication Skills,TEST1,20.0,13.3,1
308,Communication Skills,TEST2,20.0,12.1,1
308,Communication Skills,MIDTERM,50.0,27.2,1
308,Communication Skills,FINAL,100.0,43.2,1
308,Electronics,TEST1,20.0,14.2,1
308,Electronics,TEST2,20.0,12.5,1
308,Electronics,MIDTERM,50.0,27.1,1
308,Electronics,FINAL,100.0,43.4,1
308,Engineering Fundamentals,TEST1,20.0,14.8,1
308,Engineering Fundamentals,TEST2,20.0,13.1,1
308,Engineering Fundamentals,MIDTERM,50.0,25.1,1
308,Engineering Fundamentals,FINAL,100.0,41.8,1
309,Engineering Fundamentals,TEST1,20.0,16.5,1
309,Engineering Fundamentals,TEST2,20.0,16.1,1
309,Engineering Fundamentals,MIDTERM,50.0,42.1,1
309,Engineering Fundamentals,FINAL,100.0,83.1,1
309,Mathematics,TEST1,20.0,16.6,1
309,Mathematics,TEST2,20.0,17.4,1
309,Mathematics,MIDTERM,50.0,41.3,1
309,Mathematics,FINAL,100.0,86.4,1
309,Programming,TEST1,20.0,17.6,1
309,Programming,TEST2,20.0,16.6,1
309,Programming,MIDTERM,50.0,40.5,1
309,Programming,FINAL,100.0,76.6,1
309,Communication Skills,TEST1,20.0,17.3,1
309,Communication Skills,TEST2,20.0,17.2,1
309,Communication Skills,MIDTERM,50.0,41.2,1
309,Communication Skills,FINAL,100.0,87.7,1
310,Communication Skills,TEST1,20.0,16.7,1
310,Communication Skills,TEST2,20.0,17.0,1
310,Communication Skills,MIDTERM,50.0,42.9,1
310,Communication Skills,FINAL,100.0,81.0,1
310,Programming,TEST1,20.0,13.9,1
310,Programming,TEST2,20.0,12.2,1
310,Programming,MIDTERM,50.0,34.1,1
310,Programming,FINAL,100.0,64.4,1
310,Data Structures,TEST1,20.0,13.4,1
310,Data Structures,TEST2,20.0,14.4,1
310,Data Structures,MIDTERM,50.0,38.4,1
310,Data Structures,FINAL,100.0,72.0,1
310,Engineering Fundamentals,TEST1,20.0,17.1,1
310,Engineering Fundamentals,TEST2,20.0,17.5,1
310,Engineering Fundamentals,MIDTERM,50.0,43.3,1
310,Engineering Fundamentals,FINAL,100.0,86.0,1
311,Communication Skills,TEST1,20.0,11.3,1
311,Communication Skills,TEST2,20.0,12.6,1
311,Communication Skills,MIDTERM,50.0,38.2,1
311,Communication Skills,FINAL,100.0,82.6,1
311,Engineering Fundamentals,TEST1,20.0,9.8,1
311,Engineering Fundamentals,TEST2,20.0,12.1,1
311,Engineering Fundamentals,MIDTERM,50.0,38.7,1
311,Engineering Fundamentals,FINAL,100.0,81.3,1
311,Mathematics,TEST1,20.0,12.2,1
311,Mathematics,TEST2,20.0,12.6,1
311,Mathematics,MIDTERM,50.0,38.0,1
311,Mathematics,FINAL,100.0,81.8,1
311,Programming,TEST1,20.0,8.7,1
311,Programming,TEST2,20.0,10.5,1
311,Programming,MIDTERM,50.0,31.9,1
311,Programming,FINAL,100.0,69.2,1
312,Data Structures,TEST1,20.0,9.5,1
312,Data Structures,TEST2,20.0,12.3,1
312,Data Structures,MIDTERM,50.0,30.2,1
312,Data Structures,FINAL,100.0,79.1,1
312,Engineering Fundamentals,TEST1,20.0,9.8,1
312,Engineering Fundamentals,TEST2,20.0,10.6,1
312,Engineering Fundamentals,MIDTERM,50.0,34.7,1
312,Engineering Fundamentals,FINAL,100.0,79.0,1
312,Communication Skills,TEST1,20.0,8.4,1
312,Communication Skills,TEST2,20.0,11.7,1
312,Communication Skills,MIDTERM,50.0,34.0,1
312,Communication Skills,FINAL,100.0,74.9,1
312,Electronics,TEST1,20.0,9.8,1
312,Electronics,TEST2,20.0,12.1,1
312,Electronics,MIDTERM,50.0,34.6,1
312,Electronics,FINAL,100.0,73.4,1
313,Data Structures,TEST1,20.0,13.3,1
313,Data Structures,TEST2,20.0,14.6,1
313,Data Structures,MIDTERM,50.0,35.7,1
313,Data Structures,FINAL,100.0,75.0,1
313,Programming,TEST1,20.0,16.5,1
313,Programming,TEST2,20.0,16.8,1
313,Programming,MIDTERM,50.0,42.0,1
313,Programming,FINAL,100.0,90.4,1
313,Electronics,TEST1,20.0,14.0,1
313,Electronics,TEST2,20.0,14.2,1
313,Electronics,MIDTERM,50.0,34.8,1
313,Electronics,FINAL,100.0,74.2,1
313,Mathematics,TEST1,20.0,17.9,1
313,Mathematics,TEST2,20.0,16.8,1
313,Mathematics,MIDTERM,50.0,43.7,1
313,Mathematics,FINAL,100.0,85.8,1
314,Engineering Fundamentals,TEST1,20.0,10.1,1
314,Engineering Fundamentals,TEST2,20.0,12.0,1
314,Engineering Fundamentals,MIDTERM,50.0,38.6,1
314,Engineering Fundamentals,FINAL,100.0,91.5,1
314,Electronics,TEST1,20.0,9.7,1
314,Electronics,TEST2,20.0,10.5,1
314,Electronics,MIDTERM,50.0,30.2,1
314,Electronics,FINAL,100.0,65.3,1
314,Data Structures,TEST1,20.0,9.0,1
314,Data Structures,TEST2,20.0,10.5,1
314,Data Structures,MIDTERM,50.0,32.6,1
314,Data Structures,FINAL,100.0,74.2,1
314,Mathematics,TEST1,20.0,10.7,1
314,Mathematics,TEST2,20.0,12.2,1
314,Mathematics,MIDTERM,50.0,37.3,1
314,Mathematics,FINAL,100.0,81.7,1
315,Engineering Fundamentals,TEST1,20.0,9.2,1
315,Engineering Fundamentals,TEST2,20.0,10.2,1
315,Engineering Fundamentals,MIDTERM,50.0,30.2,1
315,Engineering Fundamentals,FINAL,100.0,76.5,1
315,Data Structures,TEST1,20.0,10.9,1
315,Data Structures,TEST2,20.0,11.2,1
315,Data Structures,MIDTERM,50.0,33.6,1
315,Data Structures,FINAL,100.0,76.5,1
315,Programming,TEST1,20.0,10.3,1
315,Programming,TEST2,20.0,11.1,1
315,Programming,MIDTERM,50.0,34.3,1
315,Programming,FINAL,100.0,78.5,1
315,Mathematics,TEST1,20.0,9.5,1
315,Mathematics,TEST2,20.0,12.6,1
315,Mathematics,MIDTERM,50.0,33.3,1
315,Mathematics,FINAL,100.0,78.1,1
316,Electronics,TEST1,20.0,16.5,1
316,Electronics,TEST2,20.0,16.4,1
316,Electronics,MIDTERM,50.0,42.3,1
316,Electronics,FINAL,100.0,80.9,1
316,Mathematics,TEST1,20.0,16.9,1
316,Mathematics,TEST2,20.0,16.8,1
316,Mathematics,MIDTERM,50.0,42.6,1
316,Mathematics,FINAL,100.0,85.0,1
316,Data Structures,TEST1,20.0,14.8,1
316,Data Structures,TEST2,20.0,15.4,1
316,Data Structures,MIDTERM,50.0,37.6,1
316,Data Structures,FINAL,100.0,72.5,1
316,Communication Skills,TEST1,20.0,13.6,1
316,Communication Skills,TEST2,20.0,14.1,1
316,Communication Skills,MIDTERM,50.0,35.3,1
316,Communication Skills,FINAL,100.0,66.6,1
317,Communication Skills,TEST1,20.0,9.8,1
317,Communication Skills,TEST2,20.0,12.1,1
317,Communication Skills,MIDTERM,50.0,35.5,1
317,Communication Skills,FINAL,100.0,81.7,1
317,Engineering Fundamentals,TEST1,20.0,9.8,1
317,Engineering Fundamentals,TEST2,20.0,10.4,1
317,Engineering Fundamentals,MIDTERM,50.0,30.5,1
317,Engineering Fundamentals,FINAL,100.0,70.8,1
317,Electronics,TEST1,20.0,8.0,1
317,Electronics,TEST2,20.0,9.9,1
317,Electronics,MIDTERM,50.0,32.6,1
317,Electronics,FINAL,100.0,74.3,1
317,Programming,TEST1,20.0,10.0,1
317,Programming,TEST2,20.0,12.5,1
317,Programming,MIDTERM,50.0,34.9,1
317,Programming,FINAL,100.0,80.3,1
318,Programming,TEST1,20.0,14.6,1
318,Programming,TEST2,20.0,13.4,1
318,Programming,MIDTERM,50.0,30.7,1
318,Programming,FINAL,100.0,58.8,1
318,Communication Skills,TEST1,20.0,15.5,1
318,Communication Skills,TEST2,20.0,14.3,1
318,Communication Skills,MIDTERM,50.0,30.2,1
318,Communication Skills,FINAL,100.0,54.6,1
318,Engineering Fundamentals,TEST1,20.0,14.8,1
318,Engineering Fundamentals,TEST2,20.0,12.1,1
318,Engineering Fundamentals,MIDTERM,50.0,29.1,1
318,Engineering Fundamentals,FINAL,100.0,57.6,1
318,Data Structures,TEST1,20.0,15.0,1
318,Data Structures,TEST2,20.0,14.1,1
318,Data Structures,MIDTERM,50.0,34.1,1
318,Data Structures,FINAL,100.0,62.3,1
319,Communication Skills,TEST1,20.0,13.4,1
319,Communication Skills,TEST2,20.0,15.2,1
319,Communication Skills,MIDTERM,50.0,35.9,1
319,Communication Skills,FINAL,100.0,63.3,1
319,Electronics,TEST1,20.0,16.7,1
319,Electronics,TEST2,20.0,16.7,1
319,Electronics,MIDTERM,50.0,43.7,1
319,Electronics,FINAL,100.0,84.1,1
319,Engineering Fundamentals,TEST1,20.0,13.9,1
319,Engineering Fundamentals,TEST2,20.0,13.8,1
319,Engineering Fundamentals,MIDTERM,50.0,36.4,1
319,Engineering Fundamentals,FINAL,100.0,71.0,1
319,Mathematics,TEST1,20.0,16.3,1
319,Mathematics,TEST2,20.0,15.9,1
319,Mathematics,MIDTERM,50.0,44.4,1
319,Mathematics,FINAL,100.0,87.0,1
320,Electronics,TEST1,20.0,15.9,1
320,Electronics,TEST2,20.0,15.6,1
320,Electronics,MIDTERM,50.0,38.7,1
320,Electronics,FINAL,100.0,71.9,1
320,Data Structures,TEST1,20.0,16.1,1
320,Data Structures,TEST2,20.0,17.1,1
320,Data Structures,MIDTERM,50.0,40.1,1
320,Data Structures,FINAL,100.0,80.8,1
320,Mathematics,TEST1,20.0,14.9,1
320,Mathematics,TEST2,20.0,16.1,1
320,Mathematics,MIDTERM,50.0,36.1,1
320,Mathematics,FINAL,100.0,71.7,1
320,Communication Skills,TEST1,20.0,15.0,1
320,Communication Skills,TEST2,20.0,14.0,1
320,Communication Skills,MIDTERM,50.0,34.0,1
320,Communication Skills,FINAL,100.0,72.6,1
321,Electronics,TEST1,20.0,11.6,1
321,Electronics,TEST2,20.0,9.9,1
321,Electronics,MIDTERM,50.0,17.2,1
321,Electronics,FINAL,100.0,25.5,1
321,Data Structures,TEST1,20.0,13.6,1
321,Data Structures,TEST2,20.0,10.9,1
321,Data Structures,MIDTERM,50.0,20.5,1
321,Data Structures,FINAL,100.0,28.6,1
321,Programming,TEST1,20.0,11.6,1
321,Programming,TEST2,20.0,10.6,1
321,Programming,MIDTERM,50.0,22.4,1
321,Programming,FINAL,100.0,35.0,1
321,Engineering Fundamentals,TEST1,20.0,12.2,1
321,Engineering Fundamentals,TEST2,20.0,11.0,1
321,Engineering Fundamentals,MIDTERM,50.0,22.2,1
321,Engineering Fundamentals,FINAL,100.0,39.9,1
322,Electronics,TEST1,20.0,9.8,1
322,Electronics,TEST2,20.0,12.7,1
322,Electronics,MIDTERM,50.0,36.1,1
322,Electronics,FINAL,100.0,84.6,1
322,Engineering Fundamentals,TEST1,20.0,10.7,1
322,Engineering Fundamentals,TEST2,20.0,12.4,1
322,Engineering Fundamentals,MIDTERM,50.0,37.4,1
322,Engineering Fundamentals,FINAL,100.0,84.8,1
322,Data Structures,TEST1,20.0,10.7,1
322,Data Structures,TEST2,20.0,11.7,1
322,Data Structures,MIDTERM,50.0,36.2,1
322,Data Structures,FINAL,100.0,77.1,1
322,Programming,TEST1,20.0,10.4,1
322,Programming,TEST2,20.0,13.2,1
322,Programming,MIDTERM,50.0,36.9,1
322,Programming,FINAL,100.0,82.1,1
323,Engineering Fundamentals,TEST1,20.0,15.3,1
323,Engineering Fundamentals,TEST2,20.0,16.6,1
323,Engineering Fundamentals,MIDTERM,50.0,38.9,1
323,Engineering Fundamentals,FINAL,100.0,84.1,1
323,Electronics,TEST1,20.0,16.1,1
323,Electronics,TEST2,20.0,16.2,1
323,Electronics,MIDTERM,50.0,42.6,1
323,Electronics,FINAL,100.0,85.6,1
323,Mathematics,TEST1,20.0,13.5,1
323,Mathematics,TEST2,20.0,13.8,1
323,Mathematics,MIDTERM,50.0,34.8,1
323,Mathematics,FINAL,100.0,69.1,1
323,Data Structures,TEST1,20.0,17.0,1
323,Data Structures,TEST2,20.0,17.8,1
323,Data Structures,MIDTERM,50.0,41.1,1
323,Data Structures,FINAL,100.0,84.7,1
324,Data Structures,TEST1,20.0,15.6,1
324,Data Structures,TEST2,20.0,12.9,1
324,Data Structures,MIDTERM,50.0,26.8,1
324,Data Structures,FINAL,100.0,50.6,1
324,Communication Skills,TEST1,20.0,13.9,1
324,Communication Skills,TEST2,20.0,12.1,1
324,Communication Skills,MIDTERM,50.0,28.0,1
324,Communication Skills,FINAL,100.0,53.4,1
324,Programming,TEST1,20.0,13.6,1
324,Programming,TEST2,20.0,12.5,1
324,Programming,MIDTERM,50.0,32.7,1
324,Programming,FINAL,100.0,49.6,1
324,Engineering Fundamentals,TEST1,20.0,13.6,1
324,Engineering Fundamentals,TEST2,20.0,13.0,1
324,Engineering Fundamentals,MIDTERM,50.0,27.9,1
324,Engineering Fundamentals,FINAL,100.0,46.8,1
325,Mathematics,TEST1,20.0,12.8,1
325,Mathematics,TEST2,20.0,11.3,1
325,Mathematics,MIDTERM,50.0,24.6,1
325,Mathematics,FINAL,100.0,38.4,1
325,Data Structures,TEST1,20.0,12.4,1
325,Data Structures,TEST2,20.0,9.5,1
325,Data Structures,MIDTERM,50.0,19.6,1
325,Data Structures,FINAL,100.0,26.7,1
325,Electronics,TEST1,20.0,13.1,1
325,Electronics,TEST2,20.0,11.7,1
325,Electronics,MIDTERM,50.0,21.2,1
325,Electronics,FINAL,100.0,37.5,1
325,Engineering Fundamentals,TEST1,20.0,13.5,1
325,Engineering Fundamentals,TEST2,20.0,10.9,1
325,Engineering Fundamentals,MIDTERM,50.0,18.9,1
325,Engineering Fundamentals,FINAL,100.0,34.8,1
326,Programming,TEST1,20.0,15.1,1
326,Programming,TEST2,20.0,14.1,1
326,Programming,MIDTERM,50.0,29.3,1
326,Programming,FINAL,100.0,55.4,1
326,Communication Skills,TEST1,20.0,15.7,1
326,Communication Skills,TEST2,20.0,12.7,1
326,Communication Skills,MIDTERM,50.0,28.3,1
326,Communication Skills,FINAL,100.0,55.6,1
326,Electronics,TEST1,20.0,13.0,1
326,Electronics,TEST2,20.0,12.2,1
326,Electronics,MIDTERM,50.0,26.3,1
326,Electronics,FINAL,100.0,45.5,1
326,Mathematics,TEST1,20.0,15.3,1
326,Mathematics,TEST2,20.0,14.3,1
326,Mathematics,MIDTERM,50.0,33.5,1
326,Mathematics,FINAL,100.0,56.9,1
327,Electronics,TEST1,20.0,13.6,1
327,Electronics,TEST2,20.0,11.0,1
327,Electronics,MIDTERM,50.0,17.1,1
327,Electronics,FINAL,100.0,23.4,1
327,Communication Skills,TEST1,20.0,12.6,1
327,Communication Skills,TEST2,20.0,11.7,1
327,Communication Skills,MIDTERM,50.0,19.0,1
327,Communication Skills,FINAL,100.0,33.5,1
327,Data Structures,TEST1,20.0,12.9,1
327,Data Structures,TEST2,20.0,10.6,1
327,Data Structures,MIDTERM,50.0,21.1,1
327,Data Structures,FINAL,100.0,28.5,1
327,Engineering Fundamentals,TEST1,20.0,13.3,1
327,Engineering Fundamentals,TEST2,20.0,10.9,1
327,Engineering Fundamentals,MIDTERM,50.0,18.4,1
327,Engineering Fundamentals,FINAL,100.0,32.0,1
328,Data Structures,TEST1,20.0,13.9,1
328,Data Structures,TEST2,20.0,13.4,1
328,Data Structures,MIDTERM,50.0,31.5,1
328,Data Structures,FINAL,100.0,50.8,1
328,Programming,TEST1,20.0,15.3,1
328,Programming,TEST2,20.0,14.0,1
328,Programming,MIDTERM,50.0,30.6,1
328,Programming,FINAL,100.0,57.9,1
328,Mathematics,TEST1,20.0,14.6,1
328,Mathematics,TEST2,20.0,13.1,1
328,Mathematics,MIDTERM,50.0,32.1,1
328,Mathematics,FINAL,100.0,55.9,1
328,Electronics,TEST1,20.0,13.7,1
328,Electronics,TEST2,20.0,12.5,1
328,Electronics,MIDTERM,50.0,28.6,1
328,Electronics,FINAL,100.0,50.3,1
329,Data Structures,TEST1,20.0,14.0,1
329,Data Structures,TEST2,20.0,13.4,1
329,Data Structures,MIDTERM,50.0,27.5,1
329,Data Structures,FINAL,100.0,49.8,1
329,Mathematics,TEST1,20.0,13.2,1
329,Mathematics,TEST2,20.0,11.8,1
329,Mathematics,MIDTERM,50.0,28.7,1
329,Mathematics,FINAL,100.0,54.6,1
329,Engineering Fundamentals,TEST1,20.0,13.2,1
329,Engineering Fundamentals,TEST2,20.0,12.5,1
329,Engineering Fundamentals,MIDTERM,50.0,25.3,1
329,Engineering Fundamentals,FINAL,100.0,44.1,1
329,Electronics,TEST1,20.0,13.5,1
329,Electronics,TEST2,20.0,12.2,1
329,Electronics,MIDTERM,50.0,27.1,1
329,Electronics,FINAL,100.0,49.9,1
330,Programming,TEST1,20.0,16.2,1
330,Programming,TEST2,20.0,16.2,1
330,Programming,MIDTERM,50.0,41.1,1
330,Programming,FINAL,100.0,82.5,1
330,Mathematics,TEST1,20.0,15.6,1
330,Mathematics,TEST2,20.0,15.8,1
330,Mathematics,MIDTERM,50.0,35.9,1
330,Mathematics,FINAL,100.0,76.8,1
330,Data Structures,TEST1,20.0,15.4,1
330,Data Structures,TEST2,20.0,14.1,1
330,Data Structures,MIDTERM,50.0,36.6,1
330,Data Structures,FINAL,100.0,72.0,1
330,Engineering Fundamentals,TEST1,20.0,16.4,1
330,Engineering Fundamentals,TEST2,20.0,15.7,1
330,Engineering Fundamentals,MIDTERM,50.0,37.6,1
330,Engineering Fundamentals,FINAL,100.0,74.8,1
331,Mathematics,TEST1,20.0,14.2,1
331,Mathematics,TEST2,20.0,10.6,1
331,Mathematics,MIDTERM,50.0,22.4,1
331,Mathematics,FINAL,100.0,26.6,1
331,Communication Skills,TEST1,20.0,12.1,1
331,Communication Skills,TEST2,20.0,11.6,1
331,Communication Skills,MIDTERM,50.0,18.7,1
331,Communication Skills,FINAL,100.0,27.8,1
331,Data Structures,TEST1,20.0,14.2,1
331,Data Structures,TEST2,20.0,11.8,1
331,Data Structures,MIDTERM,50.0,23.3,1
331,Data Structures,FINAL,100.0,39.0,1
331,Programming,TEST1,20.0,14.7,1
331,Programming,TEST2,20.0,11.0,1
331,Programming,MIDTERM,50.0,24.8,1
331,Programming,FINAL,100.0,41.1,1
332,Programming,TEST1,20.0,17.4,1
332,Programming,TEST2,20.0,16.5,1
332,Programming,MIDTERM,50.0,42.5,1
332,Programming,FINAL,100.0,89.5,1
332,Data Structures,TEST1,20.0,15.8,1
332,Data Structures,TEST2,20.0,16.4,1
332,Data Structures,MIDTERM,50.0,41.9,1
332,Data Structures,FINAL,100.0,75.4,1
332,Engineering Fundamentals,TEST1,20.0,15.8,1
332,Engineering Fundamentals,TEST2,20.0,15.5,1
332,Engineering Fundamentals,MIDTERM,50.0,38.2,1
332,Engineering Fundamentals,FINAL,100.0,82.3,1
332,Communication Skills,TEST1,20.0,14.4,1
332,Communication Skills,TEST2,20.0,14.0,1
332,Communication Skills,MIDTERM,50.0,37.6,1
332,Communication Skills,FINAL,100.0,70.6,1
333,Mathematics,TEST1,20.0,14.7,1
333,Mathematics,TEST2,20.0,12.9,1
333,Mathematics,MIDTERM,50.0,26.3,1
333,Mathematics,FINAL,100.0,51.4,1
333,Data Structures,TEST1,20.0,14.6,1
333,Data Structures,TEST2,20.0,13.1,1
333,Data Structures,MIDTERM,50.0,27.7,1
333,Data Structures,FINAL,100.0,50.4,1
333,Electronics,TEST1,20.0,14.9,1
333,Electronics,TEST2,20.0,13.6,1
333,Electronics,MIDTERM,50.0,31.9,1
333,Electronics,FINAL,100.0,53.7,1
333,Communication Skills,TEST1,20.0,15.0,1
333,Communication Skills,TEST2,20.0,12.7,1
333,Communication Skills,MIDTERM,50.0,30.9,1
333,Communication Skills,FINAL,100.0,47.2,1
334,Communication Skills,TEST1,20.0,11.9,1
334,Communication Skills,TEST2,20.0,11.0,1
334,Communication Skills,MIDTERM,50.0,20.2,1
334,Communication Skills,FINAL,100.0,32.3,1
334,Programming,TEST1,20.0,12.1,1
334,Programming,TEST2,20.0,10.9,1
334,Programming,MIDTERM,50.0,19.5,1
334,Programming,FINAL,100.0,33.2,1
334,Engineering Fundamentals,TEST1,20.0,12.3,1
334,Engineering Fundamentals,TEST2,20.0,9.3,1
334,Engineering Fundamentals,MIDTERM,50.0,20.3,1
334,Engineering Fundamentals,FINAL,100.0,30.9,1
334,Data Structures,TEST1,20.0,13.5,1
334,Data Structures,TEST2,20.0,9.8,1
334,Data Structures,MIDTERM,50.0,18.8,1
334,Data Structures,FINAL,100.0,32.1,1
335,Data Structures,TEST1,20.0,13.4,1
335,Data Structures,TEST2,20.0,13.2,1
335,Data Structures,MIDTERM,50.0,33.3,1
335,Data Structures,FINAL,100.0,66.0,1
335,Programming,TEST1,20.0,14.9,1
335,Programming,TEST2,20.0,14.5,1
335,Programming,MIDTERM,50.0,40.5,1
335,Programming,FINAL,100.0,75.1,1
335,Electronics,TEST1,20.0,15.9,1
335,Electronics,TEST2,20.0,15.4,1
335,Electronics,MIDTERM,50.0,39.6,1
335,Electronics,FINAL,100.0,82.5,1
335,Engineering Fundamentals,TEST1,20.0,16.8,1
335,Engineering Fundamentals,TEST2,20.0,17.7,1
335,Engineering Fundamentals,MIDTERM,50.0,42.0,1
335,Engineering Fundamentals,FINAL,100.0,79.4,1
336,Electronics,TEST1,20.0,14.9,1
336,Electronics,TEST2,20.0,14.3,1
336,Electronics,MIDTERM,50.0,30.0,1
336,Electronics,FINAL,100.0,52.9,1
336,Data Structures,TEST1,20.0,14.9,1
336,Data Structures,TEST2,20.0,14.4,1
336,Data Structures,MIDTERM,50.0,29.5,1
336,Data Structures,FINAL,100.0,48.6,1
336,Mathematics,TEST1,20.0,12.8,1
336,Mathematics,TEST2,20.0,11.9,1
336,Mathematics,MIDTERM,50.0,25.3,1
336,Mathematics,FINAL,100.0,43.7,1
336,Engineering Fundamentals,TEST1,20.0,13.2,1
336,Engineering Fundamentals,TEST2,20.0,12.3,1
336,Engineering Fundamentals,MIDTERM,50.0,28.8,1
336,Engineering Fundamentals,FINAL,100.0,49.6,1
337,Mathematics,TEST1,20.0,18.1,1
337,Mathematics,TEST2,20.0,17.4,1
337,Mathematics,MIDTERM,50.0,42.1,1
337,Mathematics,FINAL,100.0,90.8,1
337,Engineering Fundamentals,TEST1,20.0,15.9,1
337,Engineering Fundamentals,TEST2,20.0,14.2,1
337,Engineering Fundamentals,MIDTERM,50.0,36.5,1
337,Engineering Fundamentals,FINAL,100.0,77.1,1
337,Data Structures,TEST1,20.0,14.9,1
337,Data Structures,TEST2,20.0,14.4,1
337,Data Structures,MIDTERM,50.0,36.4,1
337,Data Structures,FINAL,100.0,74.6,1
337,Communication Skills,TEST1,20.0,16.9,1
337,Communication Skills,TEST2,20.0,16.6,1
337,Communication Skills,MIDTERM,50.0,44.4,1
337,Communication Skills,FINAL,100.0,91.6,1
338,Electronics,TEST1,20.0,13.3,1
338,Electronics,TEST2,20.0,11.7,1
338,Electronics,MIDTERM,50.0,24.0,1
338,Electronics,FINAL,100.0,28.5,1
338,Engineering Fundamentals,TEST1,20.0,11.6,1
338,Engineering Fundamentals,TEST2,20.0,10.3,1
338,Engineering Fundamentals,MIDTERM,50.0,19.0,1
338,Engineering Fundamentals,FINAL,100.0,29.8,1
338,Mathematics,TEST1,20.0,14.6,1
338,Mathematics,TEST2,20.0,11.7,1
338,Mathematics,MIDTERM,50.0,19.6,1
338,Mathematics,FINAL,100.0,27.5,1
338,Programming,TEST1,20.0,14.4,1
338,Programming,TEST2,20.0,12.0,1
338,Programming,MIDTERM,50.0,25.7,1
338,Programming,FINAL,100.0,33.5,1
339,Programming,TEST1,20.0,14.7,1
339,Programming,TEST2,20.0,15.2,1
339,Programming,MIDTERM,50.0,37.4,1
339,Programming,FINAL,100.0,78.5,1
339,Engineering Fundamentals,TEST1,20.0,17.2,1
339,Engineering Fundamentals,TEST2,20.0,17.0,1
339,Engineering Fundamentals,MIDTERM,50.0,39.1,1
339,Engineering Fundamentals,FINAL,100.0,82.9,1
339,Electronics,TEST1,20.0,16.2,1
339,Electronics,TEST2,20.0,15.1,1
339,Electronics,MIDTERM,50.0,37.3,1
339,Electronics,FINAL,100.0,75.4,1
339,Communication Skills,TEST1,20.0,17.1,1
339,Communication Skills,TEST2,20.0,17.8,1
339,Communication Skills,MIDTERM,50.0,41.3,1
339,Communication Skills,FINAL,100.0,90.3,1
340,Engineering Fundamentals,TEST1,20.0,15.3,1
340,Engineering Fundamentals,TEST2,20.0,15.4,1
340,Engineering Fundamentals,MIDTERM,50.0,34.5,1
340,Engineering Fundamentals,FINAL,100.0,70.2,1
340,Mathematics,TEST1,20.0,14.6,1
340,Mathematics,TEST2,20.0,14.6,1
340,Mathematics,MIDTERM,50.0,35.4,1
340,Mathematics,FINAL,100.0,78.6,1
340,Electronics,TEST1,20.0,13.5,1
340,Electronics,TEST2,20.0,14.1,1
340,Electronics,MIDTERM,50.0,32.1,1
340,Electronics,FINAL,100.0,70.6,1
340,Programming,TEST1,20.0,12.4,1
340,Programming,TEST2,20.0,13.2,1
340,Programming,MIDTERM,50.0,35.3,1
340,Programming,FINAL,100.0,67.0,1
341,Programming,TEST1,20.0,15.2,1
341,Programming,TEST2,20.0,14.9,1
341,Programming,MIDTERM,50.0,38.7,1
341,Programming,FINAL,100.0,75.5,1
341,Mathematics,TEST1,20.0,17.8,1
341,Mathematics,TEST2,20.0,17.6,1
341,Mathematics,MIDTERM,50.0,42.7,1
341,Mathematics,FINAL,100.0,91.2,1
341,Data Structures,TEST1,20.0,14.8,1
341,Data Structures,TEST2,20.0,14.9,1
341,Data Structures,MIDTERM,50.0,37.0,1
341,Data Structures,FINAL,100.0,73.5,1
341,Electronics,TEST1,20.0,15.5,1
341,Electronics,TEST2,20.0,14.8,1
341,Electronics,MIDTERM,50.0,37.5,1
341,Electronics,FINAL,100.0,76.6,1
342,Programming,TEST1,20.0,15.4,1
342,Programming,TEST2,20.0,14.7,1
342,Programming,MIDTERM,50.0,38.8,1
342,Programming,FINAL,100.0,71.5,1
342,Engineering Fundamentals,TEST1,20.0,13.5,1
342,Engineering Fundamentals,TEST2,20.0,12.5,1
342,Engineering Fundamentals,MIDTERM,50.0,32.7,1
342,Engineering Fundamentals,FINAL,100.0,64.0,1
342,Electronics,TEST1,20.0,14.2,1
342,Electronics,TEST2,20.0,13.8,1
342,Electronics,MIDTERM,50.0,38.0,1
342,Electronics,FINAL,100.0,67.2,1
342,Communication Skills,TEST1,20.0,15.5,1
342,Communication Skills,TEST2,20.0,16.0,1
342,Communication Skills,MIDTERM,50.0,39.3,1
342,Communication Skills,FINAL,100.0,85.3,1
343,Communication Skills,TEST1,20.0,14.1,1
343,Communication Skills,TEST2,20.0,10.0,1
343,Communication Skills,MIDTERM,50.0,18.4,1
343,Communication Skills,FINAL,100.0,19.9,1
343,Engineering Fundamentals,TEST1,20.0,12.2,1
343,Engineering Fundamentals,TEST2,20.0,9.5,1
343,Engineering Fundamentals,MIDTERM,50.0,18.2,1
343,Engineering Fundamentals,FINAL,100.0,22.2,1
343,Electronics,TEST1,20.0,14.3,1
343,Electronics,TEST2,20.0,12.3,1
343,Electronics,MIDTERM,50.0,22.9,1
343,Electronics,FINAL,100.0,38.1,1
343,Programming,TEST1,20.0,14.7,1
343,Programming,TEST2,20.0,13.2,1
343,Programming,MIDTERM,50.0,25.1,1
343,Programming,FINAL,100.0,37.4,1
344,Electronics,TEST1,20.0,14.4,1
344,Electronics,TEST2,20.0,12.4,1
344,Electronics,MIDTERM,50.0,28.6,1
344,Electronics,FINAL,100.0,50.5,1
344,Engineering Fundamentals,TEST1,20.0,12.8,1
344,Engineering Fundamentals,TEST2,20.0,13.7,1
344,Engineering Fundamentals,MIDTERM,50.0,28.4,1
344,Engineering Fundamentals,FINAL,100.0,53.0,1
344,Communication Skills,TEST1,20.0,13.5,1
344,Communication Skills,TEST2,20.0,12.1,1
344,Communication Skills,MIDTERM,50.0,28.3,1
344,Communication Skills,FINAL,100.0,40.9,1
344,Mathematics,TEST1,20.0,15.3,1
344,Mathematics,TEST2,20.0,14.2,1
344,Mathematics,MIDTERM,50.0,30.6,1
344,Mathematics,FINAL,100.0,54.1,1
345,Communication Skills,TEST1,20.0,13.8,1
345,Communication Skills,TEST2,20.0,11.9,1
345,Communication Skills,MIDTERM,50.0,21.9,1
345,Communication Skills,FINAL,100.0,27.3,1
345,Engineering Fundamentals,TEST1,20.0,13.2,1
345,Engineering Fundamentals,TEST2,20.0,10.2,1
345,Engineering Fundamentals,MIDTERM,50.0,19.7,1
345,Engineering Fundamentals,FINAL,100.0,25.3,1
345,Data Structures,TEST1,20.0,14.7,1
345,Data Structures,TEST2,20.0,12.7,1
345,Data Structures,MIDTERM,50.0,26.8,1
345,Data Structures,FINAL,100.0,37.9,1
345,Mathematics,TEST1,20.0,15.6,1
345,Mathematics,TEST2,20.0,11.7,1
345,Mathematics,MIDTERM,50.0,26.8,1
345,Mathematics,FINAL,100.0,34.3,1
346,Programming,TEST1,20.0,14.6,1
346,Programming,TEST2,20.0,11.0,1
346,Programming,MIDTERM,50.0,17.4,1
346,Programming,FINAL,100.0,36.0,1
346,Communication Skills,TEST1,20.0,14.4,1
346,Communication Skills,TEST2,20.0,12.5,1
346,Communication Skills,MIDTERM,50.0,23.7,1
346,Communication Skills,FINAL,100.0,36.6,1
346,Data Structures,TEST1,20.0,12.8,1
346,Data Structures,TEST2,20.0,11.4,1
346,Data Structures,MIDTERM,50.0,22.5,1
346,Data Structures,FINAL,100.0,30.0,1
346,Engineering Fundamentals,TEST1,20.0,12.1,1
346,Engineering Fundamentals,TEST2,20.0,10.3,1
346,Engineering Fundamentals,MIDTERM,50.0,20.7,1
346,Engineering Fundamentals,FINAL,100.0,27.7,1
347,Data Structures,TEST1,20.0,12.8,1
347,Data Structures,TEST2,20.0,14.1,1
347,Data Structures,MIDTERM,50.0,37.8,1
347,Data Structures,FINAL,100.0,67.6,1
347,Programming,TEST1,20.0,14.4,1
347,Programming,TEST2,20.0,15.7,1
347,Programming,MIDTERM,50.0,37.6,1
347,Programming,FINAL,100.0,75.5,1
347,Engineering Fundamentals,TEST1,20.0,16.6,1
347,Engineering Fundamentals,TEST2,20.0,16.5,1
347,Engineering Fundamentals,MIDTERM,50.0,41.5,1
347,Engineering Fundamentals,FINAL,100.0,83.8,1
347,Electronics,TEST1,20.0,13.3,1
347,Electronics,TEST2,20.0,13.4,1
347,Electronics,MIDTERM,50.0,34.7,1
347,Electronics,FINAL,100.0,66.3,1
348,Engineering Fundamentals,TEST1,20.0,16.4,1
348,Engineering Fundamentals,TEST2,20.0,16.6,1
348,Engineering Fundamentals,MIDTERM,50.0,41.4,1
348,Engineering Fundamentals,FINAL,100.0,82.0,1
348,Programming,TEST1,20.0,14.5,1
348,Programming,TEST2,20.0,13.5,1
348,Programming,MIDTERM,50.0,32.0,1
348,Programming,FINAL,100.0,70.8,1
348,Electronics,TEST1,20.0,15.2,1
348,Electronics,TEST2,20.0,14.8,1
348,Electronics,MIDTERM,50.0,32.9,1
348,Electronics,FINAL,100.0,73.6,1
348,Mathematics,TEST1,20.0,16.2,1
348,Mathematics,TEST2,20.0,18.7,1
348,Mathematics,MIDTERM,50.0,41.3,1
348,Mathematics,FINAL,100.0,83.1,1
349,Data Structures,TEST1,20.0,14.3,1
349,Data Structures,TEST2,20.0,14.7,1
349,Data Structures,MIDTERM,50.0,32.3,1
349,Data Structures,FINAL,100.0,61.4,1
349,Electronics,TEST1,20.0,14.9,1
349,Electronics,TEST2,20.0,13.3,1
349,Electronics,MIDTERM,50.0,30.1,1
349,Electronics,FINAL,100.0,48.7,1
349,Programming,TEST1,20.0,15.2,1
349,Programming,TEST2,20.0,13.5,1
349,Programming,MIDTERM,50.0,29.4,1
349,Programming,FINAL,100.0,48.1,1
349,Communication Skills,TEST1,20.0,14.2,1
349,Communication Skills,TEST2,20.0,13.0,1
349,Communication Skills,MIDTERM,50.0,30.7,1
349,Communication Skills,FINAL,100.0,58.9,1
350,Communication Skills,TEST1,20.0,14.5,1
350,Communication Skills,TEST2,20.0,14.9,1
350,Communication Skills,MIDTERM,50.0,36.4,1
350,Communication Skills,FINAL,100.0,69.7,1
350,Mathematics,TEST1,20.0,14.6,1
350,Mathematics,TEST2,20.0,14.6,1
350,Mathematics,MIDTERM,50.0,39.2,1
350,Mathematics,FINAL,100.0,76.7,1
350,Engineering Fundamentals,TEST1,20.0,16.0,1
350,Engineering Fundamentals,TEST2,20.0,15.9,1
350,Engineering Fundamentals,MIDTERM,50.0,40.0,1
350,Engineering Fundamentals,FINAL,100.0,80.0,1
350,Electronics,TEST1,20.0,15.2,1
350,Electronics,TEST2,20.0,13.7,1
350,Electronics,MIDTERM,50.0,39.6,1
350,Electronics,FINAL,100.0,81.1,1
351,Engineering Fundamentals,TEST1,20.0,14.8,1
351,Engineering Fundamentals,TEST2,20.0,13.7,1
351,Engineering Fundamentals,MIDTERM,50.0,34.0,1
351,Engineering Fundamentals,FINAL,100.0,53.7,1
351,Communication Skills,TEST1,20.0,15.1,1
351,Communication Skills,TEST2,20.0,12.4,1
351,Communication Skills,MIDTERM,50.0,30.1,1
351,Communication Skills,FINAL,100.0,51.5,1
351,Programming,TEST1,20.0,14.3,1
351,Programming,TEST2,20.0,12.6,1
351,Programming,MIDTERM,50.0,27.2,1
351,Programming,FINAL,100.0,52.1,1
351,Electronics,TEST1,20.0,14.4,1
351,Electronics,TEST2,20.0,13.7,1
351,Electronics,MIDTERM,50.0,27.3,1
351,Electronics,FINAL,100.0,51.1,1
352,Electronics,TEST1,20.0,15.7,1
352,Electronics,TEST2,20.0,15.4,1
352,Electronics,MIDTERM,50.0,41.1,1
352,Electronics,FINAL,100.0,78.3,1
352,Engineering Fundamentals,TEST1,20.0,13.8,1
352,Engineering Fundamentals,TEST2,20.0,14.1,1
352,Engineering Fundamentals,MIDTERM,50.0,36.6,1
352,Engineering Fundamentals,FINAL,100.0,68.9,1
352,Mathematics,TEST1,20.0,14.9,1
352,Mathematics,TEST2,20.0,14.2,1
352,Mathematics,MIDTERM,50.0,37.7,1
352,Mathematics,FINAL,100.0,69.0,1
352,Communication Skills,TEST1,20.0,17.6,1
352,Communication Skills,TEST2,20.0,17.2,1
352,Communication Skills,MIDTERM,50.0,45.1,1
352,Communication Skills,FINAL,100.0,87.3,1
353,Engineering Fundamentals,TEST1,20.0,15.1,1
353,Engineering Fundamentals,TEST2,20.0,14.3,1
353,Engineering Fundamentals,MIDTERM,50.0,31.0,1
353,Engineering Fundamentals,FINAL,100.0,51.6,1
353,Electronics,TEST1,20.0,14.6,1
353,Electronics,TEST2,20.0,14.0,1
353,Electronics,MIDTERM,50.0,30.6,1
353,Electronics,FINAL,100.0,51.6,1
353,Communication Skills,TEST1,20.0,13.0,1
353,Communication Skills,TEST2,20.0,13.9,1
353,Communication Skills,MIDTERM,50.0,31.3,1
353,Communication Skills,FINAL,100.0,57.2,1
353,Data Structures,TEST1,20.0,15.4,1
353,Data Structures,TEST2,20.0,14.5,1
353,Data Structures,MIDTERM,50.0,30.8,1
353,Data Structures,FINAL,100.0,54.0,1
354,Electronics,TEST1,20.0,16.1,1
354,Electronics,TEST2,20.0,14.5,1
354,Electronics,MIDTERM,50.0,30.1,1
354,Electronics,FINAL,100.0,51.8,1
354,Programming,TEST1,20.0,14.7,1
354,Programming,TEST2,20.0,11.7,1
354,Programming,MIDTERM,50.0,32.0,1
354,Programming,FINAL,100.0,51.2,1
354,Engineering Fundamentals,TEST1,20.0,14.4,1
354,Engineering Fundamentals,TEST2,20.0,13.0,1
354,Engineering Fundamentals,MIDTERM,50.0,28.1,1
354,Engineering Fundamentals,FINAL,100.0,54.4,1
354,Data Structures,TEST1,20.0,13.3,1
354,Data Structures,TEST2,20.0,11.5,1
354,Data Structures,MIDTERM,50.0,26.0,1
354,Data Structures,FINAL,100.0,46.9,1
355,Mathematics,TEST1,20.0,8.2,1
355,Mathematics,TEST2,20.0,12.0,1
355,Mathematics,MIDTERM,50.0,34.0,1
355,Mathematics,FINAL,100.0,74.9,1
355,Programming,TEST1,20.0,8.8,1
355,Programming,TEST2,20.0,10.1,1
355,Programming,MIDTERM,50.0,31.8,1
355,Programming,FINAL,100.0,67.1,1
355,Communication Skills,TEST1,20.0,10.3,1
355,Communication Skills,TEST2,20.0,10.9,1
355,Communication Skills,MIDTERM,50.0,33.9,1
355,Communication Skills,FINAL,100.0,71.0,1
355,Electronics,TEST1,20.0,10.1,1
355,Electronics,TEST2,20.0,11.5,1
355,Electronics,MIDTERM,50.0,32.6,1
355,Electronics,FINAL,100.0,76.1,1
356,Communication Skills,TEST1,20.0,13.6,1
356,Communication Skills,TEST2,20.0,12.1,1
356,Communication Skills,MIDTERM,50.0,28.0,1
356,Communication Skills,FINAL,100.0,49.7,1
356,Electronics,TEST1,20.0,13.5,1
356,Electronics,TEST2,20.0,12.6,1
356,Electronics,MIDTERM,50.0,29.8,1
356,Electronics,FINAL,100.0,57.0,1
356,Mathematics,TEST1,20.0,15.2,1
356,Mathematics,TEST2,20.0,13.8,1
356,Mathematics,MIDTERM,50.0,31.1,1
356,Mathematics,FINAL,100.0,47.7,1
356,Programming,TEST1,20.0,15.2,1
356,Programming,TEST2,20.0,13.7,1
356,Programming,MIDTERM,50.0,31.7,1
356,Programming,FINAL,100.0,54.1,1
357,Electronics,TEST1,20.0,13.7,1
357,Electronics,TEST2,20.0,9.4,1
357,Electronics,MIDTERM,50.0,16.0,1
357,Electronics,FINAL,100.0,13.4,1
357,Programming,TEST1,20.0,14.0,1
357,Programming,TEST2,20.0,10.5,1
357,Programming,MIDTERM,50.0,19.3,1
357,Programming,FINAL,100.0,28.3,1
357,Communication Skills,TEST1,20.0,15.3,1
357,Communication Skills,TEST2,20.0,12.3,1
357,Communication Skills,MIDTERM,50.0,25.2,1
357,Communication Skills,FINAL,100.0,39.8,1
357,Mathematics,TEST1,20.0,12.0,1
357,Mathematics,TEST2,20.0,10.5,1
357,Mathematics,MIDTERM,50.0,19.0,1
357,Mathematics,FINAL,100.0,23.5,1
358,Communication Skills,TEST1,20.0,14.5,1
358,Communication Skills,TEST2,20.0,11.3,1
358,Communication Skills,MIDTERM,50.0,23.2,1
358,Communication Skills,FINAL,100.0,30.9,1
358,Mathematics,TEST1,20.0,11.7,1
358,Mathematics,TEST2,20.0,9.7,1
358,Mathematics,MIDTERM,50.0,17.4,1
358,Mathematics,FINAL,100.0,28.3,1
358,Engineering Fundamentals,TEST1,20.0,12.7,1
358,Engineering Fundamentals,TEST2,20.0,10.6,1
358,Engineering Fundamentals,MIDTERM,50.0,20.9,1
358,Engineering Fundamentals,FINAL,100.0,27.8,1
358,Electronics,TEST1,20.0,13.8,1
358,Electronics,TEST2,20.0,12.4,1
358,Electronics,MIDTERM,50.0,20.4,1
358,Electronics,FINAL,100.0,29.2,1
359,Data Structures,TEST1,20.0,9.6,1
359,Data Structures,TEST2,20.0,10.8,1
359,Data Structures,MIDTERM,50.0,33.7,1
359,Data Structures,FINAL,100.0,82.5,1
359,Engineering Fundamentals,TEST1,20.0,9.9,1
359,Engineering Fundamentals,TEST2,20.0,11.4,1
359,Engineering Fundamentals,MIDTERM,50.0,34.3,1
359,Engineering Fundamentals,FINAL,100.0,77.6,1
359,Electronics,TEST1,20.0,10.4,1
359,Electronics,TEST2,20.0,12.3,1
359,Electronics,MIDTERM,50.0,34.1,1
359,Electronics,FINAL,100.0,72.9,1
359,Communication Skills,TEST1,20.0,9.2,1
359,Communication Skills,TEST2,20.0,10.3,1
359,Communication Skills,MIDTERM,50.0,28.0,1
359,Communication Skills,FINAL,100.0,71.9,1
360,Mathematics,TEST1,20.0,14.3,1
360,Mathematics,TEST2,20.0,12.8,1
360,Mathematics,MIDTERM,50.0,28.6,1
360,Mathematics,FINAL,100.0,46.1,1
360,Electronics,TEST1,20.0,13.4,1
360,Electronics,TEST2,20.0,12.3,1
360,Electronics,MIDTERM,50.0,27.9,1
360,Electronics,FINAL,100.0,46.2,1
360,Data Structures,TEST1,20.0,15.6,1
360,Data Structures,TEST2,20.0,13.4,1
360,Data Structures,MIDTERM,50.0,25.8,1
360,Data Structures,FINAL,100.0,48.0,1
360,Engineering Fundamentals,TEST1,20.0,13.1,1
360,Engineering Fundamentals,TEST2,20.0,12.2,1
360,Engineering Fundamentals,MIDTERM,50.0,26.5,1
360,Engineering Fundamentals,FINAL,100.0,49.1,1
361,Communication Skills,TEST1,20.0,14.2,1
361,Communication Skills,TEST2,20.0,13.3,1
361,Communication Skills,MIDTERM,50.0,37.8,1
361,Communication Skills,FINAL,100.0,76.9,1
361,Electronics,TEST1,20.0,15.6,1
361,Electronics,TEST2,20.0,15.8,1
361,Electronics,MIDTERM,50.0,40.1,1
361,Electronics,FINAL,100.0,84.7,1
361,Engineering Fundamentals,TEST1,20.0,13.5,1
361,Engineering Fundamentals,TEST2,20.0,12.6,1
361,Engineering Fundamentals,MIDTERM,50.0,31.8,1
361,Engineering Fundamentals,FINAL,100.0,65.5,1
361,Mathematics,TEST1,20.0,17.4,1
361,Mathematics,TEST2,20.0,17.1,1
361,Mathematics,MIDTERM,50.0,42.5,1
361,Mathematics,FINAL,100.0,77.5,1
362,Mathematics,TEST1,20.0,14.0,1
362,Mathematics,TEST2,20.0,14.0,1
362,Mathematics,MIDTERM,50.0,36.8,1
362,Mathematics,FINAL,100.0,73.5,1
362,Communication Skills,TEST1,20.0,14.0,1
362,Communication Skills,TEST2,20.0,15.2,1
362,Communication Skills,MIDTERM,50.0,35.7,1
362,Communication Skills,FINAL,100.0,74.2,1
362,Electronics,TEST1,20.0,15.3,1
362,Electronics,TEST2,20.0,15.0,1
362,Electronics,MIDTERM,50.0,39.3,1
362,Electronics,FINAL,100.0,84.8,1
362,Data Structures,TEST1,20.0,16.5,1
362,Data Structures,TEST2,20.0,16.8,1
362,Data Structures,MIDTERM,50.0,44.2,1
362,Data Structures,FINAL,100.0,84.5,1
363,Data Structures,TEST1,20.0,16.3,1
363,Data Structures,TEST2,20.0,16.8,1
363,Data Structures,MIDTERM,50.0,39.8,1
363,Data Structures,FINAL,100.0,82.7,1
363,Electronics,TEST1,20.0,15.3,1
363,Electronics,TEST2,20.0,17.1,1
363,Electronics,MIDTERM,50.0,37.1,1
363,Electronics,FINAL,100.0,80.0,1
363,Programming,TEST1,20.0,17.1,1
363,Programming,TEST2,20.0,17.1,1
363,Programming,MIDTERM,50.0,43.1,1
363,Programming,FINAL,100.0,87.0,1
363,Mathematics,TEST1,20.0,12.8,1
363,Mathematics,TEST2,20.0,15.0,1
363,Mathematics,MIDTERM,50.0,35.6,1
363,Mathematics,FINAL,100.0,70.9,1
364,Communication Skills,TEST1,20.0,13.3,1
364,Communication Skills,TEST2,20.0,15.2,1
364,Communication Skills,MIDTERM,50.0,37.1,1
364,Communication Skills,FINAL,100.0,71.6,1
364,Mathematics,TEST1,20.0,13.4,1
364,Mathematics,TEST2,20.0,15.1,1
364,Mathematics,MIDTERM,50.0,36.0,1
364,Mathematics,FINAL,100.0,68.3,1
364,Programming,TEST1,20.0,14.0,1
364,Programming,TEST2,20.0,14.1,1
364,Programming,MIDTERM,50.0,34.3,1
364,Programming,FINAL,100.0,65.1,1
364,Data Structures,TEST1,20.0,17.1,1
364,Data Structures,TEST2,20.0,18.3,1
364,Data Structures,MIDTERM,50.0,43.0,1
364,Data Structures,FINAL,100.0,85.3,1
365,Engineering Fundamentals,TEST1,20.0,14.2,1
365,Engineering Fundamentals,TEST2,20.0,11.8,1
365,Engineering Fundamentals,MIDTERM,50.0,29.9,1
365,Engineering Fundamentals,FINAL,100.0,51.4,1
365,Electronics,TEST1,20.0,14.5,1
365,Electronics,TEST2,20.0,12.8,1
365,Electronics,MIDTERM,50.0,26.0,1
365,Electronics,FINAL,100.0,41.5,1
365,Communication Skills,TEST1,20.0,13.1,1
365,Communication Skills,TEST2,20.0,13.0,1
365,Communication Skills,MIDTERM,50.0,30.2,1
365,Communication Skills,FINAL,100.0,48.9,1
365,Programming,TEST1,20.0,14.1,1
365,Programming,TEST2,20.0,12.9,1
365,Programming,MIDTERM,50.0,26.9,1
365,Programming,FINAL,100.0,44.6,1
366,Communication Skills,TEST1,20.0,9.8,1
366,Communication Skills,TEST2,20.0,12.0,1
366,Communication Skills,MIDTERM,50.0,37.0,1
366,Communication Skills,FINAL,100.0,78.8,1
366,Programming,TEST1,20.0,10.9,1
366,Programming,TEST2,20.0,13.3,1
366,Programming,MIDTERM,50.0,36.3,1
366,Programming,FINAL,100.0,81.7,1
366,Data Structures,TEST1,20.0,10.8,1
366,Data Structures,TEST2,20.0,12.8,1
366,Data Structures,MIDTERM,50.0,39.5,1
366,Data Structures,FINAL,100.0,90.3,1
366,Mathematics,TEST1,20.0,8.6,1
366,Mathematics,TEST2,20.0,10.5,1
366,Mathematics,MIDTERM,50.0,31.9,1
366,Mathematics,FINAL,100.0,69.6,1
367,Communication Skills,TEST1,20.0,14.3,1
367,Communication Skills,TEST2,20.0,11.3,1
367,Communication Skills,MIDTERM,50.0,22.0,1
367,Communication Skills,FINAL,100.0,32.1,1
367,Electronics,TEST1,20.0,13.6,1
367,Electronics,TEST2,20.0,11.7,1
367,Electronics,MIDTERM,50.0,21.2,1
367,Electronics,FINAL,100.0,35.2,1
367,Mathematics,TEST1,20.0,13.7,1
367,Mathematics,TEST2,20.0,11.6,1
367,Mathematics,MIDTERM,50.0,23.3,1
367,Mathematics,FINAL,100.0,23.6,1
367,Engineering Fundamentals,TEST1,20.0,13.6,1
367,Engineering Fundamentals,TEST2,20.0,9.6,1
367,Engineering Fundamentals,MIDTERM,50.0,15.3,1
367,Engineering Fundamentals,FINAL,100.0,19.0,1
368,Communication Skills,TEST1,20.0,16.1,1
368,Communication Skills,TEST2,20.0,14.8,1
368,Communication Skills,MIDTERM,50.0,33.4,1
368,Communication Skills,FINAL,100.0,59.2,1
368,Engineering Fundamentals,TEST1,20.0,14.3,1
368,Engineering Fundamentals,TEST2,20.0,13.5,1
368,Engineering Fundamentals,MIDTERM,50.0,33.1,1
368,Engineering Fundamentals,FINAL,100.0,52.4,1
368,Mathematics,TEST1,20.0,14.8,1
368,Mathematics,TEST2,20.0,14.3,1
368,Mathematics,MIDTERM,50.0,33.9,1
368,Mathematics,FINAL,100.0,61.1,1
368,Data Structures,TEST1,20.0,14.4,1
368,Data Structures,TEST2,20.0,12.4,1
368,Data Structures,MIDTERM,50.0,26.8,1
368,Data Structures,FINAL,100.0,46.5,1
369,Communication Skills,TEST1,20.0,17.0,1
369,Communication Skills,TEST2,20.0,15.2,1
369,Communication Skills,MIDTERM,50.0,39.6,1
369,Communication Skills,FINAL,100.0,78.7,1
369,Mathematics,TEST1,20.0,15.4,1
369,Mathematics,TEST2,20.0,16.1,1
369,Mathematics,MIDTERM,50.0,43.4,1
369,Mathematics,FINAL,100.0,78.1,1
369,Engineering Fundamentals,TEST1,20.0,14.2,1
369,Engineering Fundamentals,TEST2,20.0,15.7,1
369,Engineering Fundamentals,MIDTERM,50.0,35.9,1
369,Engineering Fundamentals,FINAL,100.0,69.3,1
369,Data Structures,TEST1,20.0,13.8,1
369,Data Structures,TEST2,20.0,14.6,1
369,Data Structures,MIDTERM,50.0,37.2,1
369,Data Structures,FINAL,100.0,69.8,1
370,Engineering Fundamentals,TEST1,20.0,11.8,1
370,Engineering Fundamentals,TEST2,20.0,10.7,1
370,Engineering Fundamentals,MIDTERM,50.0,22.0,1
370,Engineering Fundamentals,FINAL,100.0,32.7,1
370,Communication Skills,TEST1,20.0,12.5,1
370,Communication Skills,TEST2,20.0,10.3,1
370,Communication Skills,MIDTERM,50.0,23.2,1
370,Communication Skills,FINAL,100.0,27.4,1
370,Data Structures,TEST1,20.0,11.5,1
370,Data Structures,TEST2,20.0,9.1,1
370,Data Structures,MIDTERM,50.0,17.7,1
370,Data Structures,FINAL,100.0,22.1,1
370,Mathematics,TEST1,20.0,12.1,1
370,Mathematics,TEST2,20.0,9.9,1
370,Mathematics,MIDTERM,50.0,20.3,1
370,Mathematics,FINAL,100.0,28.6,1
371,Data Structures,TEST1,20.0,13.3,1
371,Data Structures,TEST2,20.0,11.9,1
371,Data Structures,MIDTERM,50.0,22.8,1
371,Data Structures,FINAL,100.0,35.5,1
371,Communication Skills,TEST1,20.0,15.0,1
371,Communication Skills,TEST2,20.0,11.2,1
371,Communication Skills,MIDTERM,50.0,23.6,1
371,Communication Skills,FINAL,100.0,22.8,1
371,Engineering Fundamentals,TEST1,20.0,13.5,1
371,Engineering Fundamentals,TEST2,20.0,10.8,1
371,Engineering Fundamentals,MIDTERM,50.0,19.3,1
371,Engineering Fundamentals,FINAL,100.0,23.7,1
371,Electronics,TEST1,20.0,15.1,1
371,Electronics,TEST2,20.0,11.8,1
371,Electronics,MIDTERM,50.0,19.6,1
371,Electronics,FINAL,100.0,25.4,1
372,Electronics,TEST1,20.0,14.1,1
372,Electronics,TEST2,20.0,14.9,1
372,Electronics,MIDTERM,50.0,35.3,1
372,Electronics,FINAL,100.0,70.5,1
372,Mathematics,TEST1,20.0,16.2,1
372,Mathematics,TEST2,20.0,16.6,1
372,Mathematics,MIDTERM,50.0,40.3,1
372,Mathematics,FINAL,100.0,81.9,1
372,Data Structures,TEST1,20.0,17.2,1
372,Data Structures,TEST2,20.0,17.4,1
372,Data Structures,MIDTERM,50.0,47.1,1
372,Data Structures,FINAL,100.0,89.4,1
372,Engineering Fundamentals,TEST1,20.0,13.8,1
372,Engineering Fundamentals,TEST2,20.0,14.4,1
372,Engineering Fundamentals,MIDTERM,50.0,35.3,1
372,Engineering Fundamentals,FINAL,100.0,69.7,1
373,Communication Skills,TEST1,20.0,9.3,1
373,Communication Skills,TEST2,20.0,12.0,1
373,Communication Skills,MIDTERM,50.0,33.4,1
373,Communication Skills,FINAL,100.0,81.3,1
373,Data Structures,TEST1,20.0,9.3,1
373,Data Structures,TEST2,20.0,12.0,1
373,Data Structures,MIDTERM,50.0,32.2,1
373,Data Structures,FINAL,100.0,80.0,1
373,Engineering Fundamentals,TEST1,20.0,11.1,1
373,Engineering Fundamentals,TEST2,20.0,12.0,1
373,Engineering Fundamentals,MIDTERM,50.0,33.4,1
373,Engineering Fundamentals,FINAL,100.0,71.6,1
373,Electronics,TEST1,20.0,9.5,1
373,Electronics,TEST2,20.0,10.3,1
373,Electronics,MIDTERM,50.0,34.6,1
373,Electronics,FINAL,100.0,73.0,1
374,Communication Skills,TEST1,20.0,17.2,1
374,Communication Skills,TEST2,20.0,16.3,1
374,Communication Skills,MIDTERM,50.0,39.3,1
374,Communication Skills,FINAL,100.0,81.7,1
374,Electronics,TEST1,20.0,15.1,1
374,Electronics,TEST2,20.0,13.4,1
374,Electronics,MIDTERM,50.0,36.1,1
374,Electronics,FINAL,100.0,69.3,1
374,Mathematics,TEST1,20.0,16.1,1
374,Mathematics,TEST2,20.0,15.4,1
374,Mathematics,MIDTERM,50.0,39.3,1
374,Mathematics,FINAL,100.0,76.5,1
374,Data Structures,TEST1,20.0,13.7,1
374,Data Structures,TEST2,20.0,14.3,1
374,Data Structures,MIDTERM,50.0,36.8,1
374,Data Structures,FINAL,100.0,72.4,1
375,Mathematics,TEST1,20.0,14.4,1
375,Mathematics,TEST2,20.0,14.7,1
375,Mathematics,MIDTERM,50.0,32.5,1
375,Mathematics,FINAL,100.0,63.7,1
375,Engineering Fundamentals,TEST1,20.0,13.0,1
375,Engineering Fundamentals,TEST2,20.0,13.7,1
375,Engineering Fundamentals,MIDTERM,50.0,35.0,1
375,Engineering Fundamentals,FINAL,100.0,64.2,1
375,Data Structures,TEST1,20.0,16.4,1
375,Data Structures,TEST2,20.0,16.7,1
375,Data Structures,MIDTERM,50.0,39.9,1
375,Data Structures,FINAL,100.0,80.1,1
375,Communication Skills,TEST1,20.0,17.2,1
375,Communication Skills,TEST2,20.0,17.9,1
375,Communication Skills,MIDTERM,50.0,44.8,1
375,Communication Skills,FINAL,100.0,87.4,1
376,Electronics,TEST1,20.0,13.7,1
376,Electronics,TEST2,20.0,14.7,1
376,Electronics,MIDTERM,50.0,35.9,1
376,Electronics,FINAL,100.0,63.4,1
376,Programming,TEST1,20.0,14.8,1
376,Programming,TEST2,20.0,15.1,1
376,Programming,MIDTERM,50.0,40.1,1
376,Programming,FINAL,100.0,70.5,1
376,Data Structures,TEST1,20.0,15.3,1
376,Data Structures,TEST2,20.0,15.8,1
376,Data Structures,MIDTERM,50.0,38.7,1
376,Data Structures,FINAL,100.0,74.9,1
376,Engineering Fundamentals,TEST1,20.0,13.7,1
376,Engineering Fundamentals,TEST2,20.0,13.0,1
376,Engineering Fundamentals,MIDTERM,50.0,34.5,1
376,Engineering Fundamentals,FINAL,100.0,66.3,1
377,Communication Skills,TEST1,20.0,17.1,1
377,Communication Skills,TEST2,20.0,18.0,1
377,Communication Skills,MIDTERM,50.0,44.4,1
377,Communication Skills,FINAL,100.0,82.3,1
377,Mathematics,TEST1,20.0,16.3,1
377,Mathematics,TEST2,20.0,17.1,1
377,Mathematics,MIDTERM,50.0,44.9,1
377,Mathematics,FINAL,100.0,87.1,1
377,Electronics,TEST1,20.0,16.5,1
377,Electronics,TEST2,20.0,15.2,1
377,Electronics,MIDTERM,50.0,38.1,1
377,Electronics,FINAL,100.0,81.7,1
377,Data Structures,TEST1,20.0,16.8,1
377,Data Structures,TEST2,20.0,17.4,1
377,Data Structures,MIDTERM,50.0,41.9,1
377,Data Structures,FINAL,100.0,85.3,1
378,Mathematics,TEST1,20.0,9.7,1
378,Mathematics,TEST2,20.0,12.9,1
378,Mathematics,MIDTERM,50.0,35.7,1
378,Mathematics,FINAL,100.0,75.4,1
378,Communication Skills,TEST1,20.0,8.1,1
378,Communication Skills,TEST2,20.0,10.8,1
378,Communication Skills,MIDTERM,50.0,32.2,1
378,Communication Skills,FINAL,100.0,72.8,1
378,Programming,TEST1,20.0,8.2,1
378,Programming,TEST2,20.0,12.0,1
378,Programming,MIDTERM,50.0,32.0,1
378,Programming,FINAL,100.0,77.1,1
378,Electronics,TEST1,20.0,10.1,1
378,Electronics,TEST2,20.0,11.1,1
378,Electronics,MIDTERM,50.0,32.4,1
378,Electronics,FINAL,100.0,76.2,1
379,Engineering Fundamentals,TEST1,20.0,9.3,1
379,Engineering Fundamentals,TEST2,20.0,11.5,1
379,Engineering Fundamentals,MIDTERM,50.0,35.4,1
379,Engineering Fundamentals,FINAL,100.0,87.6,1
379,Data Structures,TEST1,20.0,10.0,1
379,Data Structures,TEST2,20.0,13.3,1
379,Data Structures,MIDTERM,50.0,34.4,1
379,Data Structures,FINAL,100.0,85.9,1
379,Mathematics,TEST1,20.0,10.9,1
379,Mathematics,TEST2,20.0,11.9,1
379,Mathematics,MIDTERM,50.0,35.5,1
379,Mathematics,FINAL,100.0,75.6,1
379,Programming,TEST1,20.0,9.9,1
379,Programming,TEST2,20.0,11.3,1
379,Programming,MIDTERM,50.0,35.0,1
379,Programming,FINAL,100.0,82.1,1
380,Data Structures,TEST1,20.0,13.9,1
380,Data Structures,TEST2,20.0,12.9,1
380,Data Structures,MIDTERM,50.0,24.4,1
380,Data Structures,FINAL,100.0,39.5,1
380,Electronics,TEST1,20.0,13.6,1
380,Electronics,TEST2,20.0,10.8,1
380,Electronics,MIDTERM,50.0,22.9,1
380,Electronics,FINAL,100.0,35.1,1
380,Mathematics,TEST1,20.0,13.8,1
380,Mathematics,TEST2,20.0,9.9,1
380,Mathematics,MIDTERM,50.0,17.1,1
380,Mathematics,FINAL,100.0,24.4,1
380,Communication Skills,TEST1,20.0,12.7,1
380,Communication Skills,TEST2,20.0,11.4,1
380,Communication Skills,MIDTERM,50.0,24.7,1
380,Communication Skills,FINAL,100.0,33.5,1
381,Communication Skills,TEST1,20.0,13.3,1
381,Communication Skills,TEST2,20.0,14.2,1
381,Communication Skills,MIDTERM,50.0,28.9,1
381,Communication Skills,FINAL,100.0,52.0,1
381,Mathematics,TEST1,20.0,15.4,1
381,Mathematics,TEST2,20.0,13.4,1
381,Mathematics,MIDTERM,50.0,30.8,1
381,Mathematics,FINAL,100.0,52.0,1
381,Programming,TEST1,20.0,14.4,1
381,Programming,TEST2,20.0,13.5,1
381,Programming,MIDTERM,50.0,30.3,1
381,Programming,FINAL,100.0,54.6,1
381,Data Structures,TEST1,20.0,14.7,1
381,Data Structures,TEST2,20.0,12.4,1
381,Data Structures,MIDTERM,50.0,28.3,1
381,Data Structures,FINAL,100.0,52.0,1
382,Electronics,TEST1,20.0,14.2,1
382,Electronics,TEST2,20.0,13.4,1
382,Electronics,MIDTERM,50.0,36.5,1
382,Electronics,FINAL,100.0,66.0,1
382,Mathematics,TEST1,20.0,18.0,1
382,Mathematics,TEST2,20.0,16.4,1
382,Mathematics,MIDTERM,50.0,43.3,1
382,Mathematics,FINAL,100.0,85.5,1
382,Data Structures,TEST1,20.0,13.0,1
382,Data Structures,TEST2,20.0,13.5,1
382,Data Structures,MIDTERM,50.0,31.2,1
382,Data Structures,FINAL,100.0,63.1,1
382,Engineering Fundamentals,TEST1,20.0,15.2,1
382,Engineering Fundamentals,TEST2,20.0,16.3,1
382,Engineering Fundamentals,MIDTERM,50.0,40.3,1
382,Engineering Fundamentals,FINAL,100.0,75.7,1
383,Mathematics,TEST1,20.0,12.7,1
383,Mathematics,TEST2,20.0,11.2,1
383,Mathematics,MIDTERM,50.0,17.0,1
383,Mathematics,FINAL,100.0,25.3,1
383,Communication Skills,TEST1,20.0,13.1,1
383,Communication Skills,TEST2,20.0,10.6,1
383,Communication Skills,MIDTERM,50.0,17.4,1
383,Communication Skills,FINAL,100.0,22.3,1
383,Data Structures,TEST1,20.0,12.6,1
383,Data Structures,TEST2,20.0,9.8,1
383,Data Structures,MIDTERM,50.0,19.5,1
383,Data Structures,FINAL,100.0,19.5,1
383,Engineering Fundamentals,TEST1,20.0,13.3,1
383,Engineering Fundamentals,TEST2,20.0,10.9,1
383,Engineering Fundamentals,MIDTERM,50.0,22.4,1
383,Engineering Fundamentals,FINAL,100.0,36.1,1
384,Communication Skills,TEST1,20.0,9.2,1
384,Communication Skills,TEST2,20.0,12.6,1
384,Communication Skills,MIDTERM,50.0,38.7,1
384,Communication Skills,FINAL,100.0,78.7,1
384,Data Structures,TEST1,20.0,8.4,1
384,Data Structures,TEST2,20.0,9.8,1
384,Data Structures,MIDTERM,50.0,33.3,1
384,Data Structures,FINAL,100.0,72.9,1
384,Programming,TEST1,20.0,10.9,1
384,Programming,TEST2,20.0,12.1,1
384,Programming,MIDTERM,50.0,33.0,1
384,Programming,FINAL,100.0,75.8,1
384,Electronics,TEST1,20.0,8.5,1
384,Electronics,TEST2,20.0,11.5,1
384,Electronics,MIDTERM,50.0,30.2,1
384,Electronics,FINAL,100.0,72.8,1
385,Communication Skills,TEST1,20.0,8.0,1
385,Communication Skills,TEST2,20.0,9.9,1
385,Communication Skills,MIDTERM,50.0,33.1,1
385,Communication Skills,FINAL,100.0,75.2,1
385,Electronics,TEST1,20.0,10.5,1
385,Electronics,TEST2,20.0,12.3,1
385,Electronics,MIDTERM,50.0,37.8,1
385,Electronics,FINAL,100.0,81.5,1
385,Programming,TEST1,20.0,9.5,1
385,Programming,TEST2,20.0,10.7,1
385,Programming,MIDTERM,50.0,31.4,1
385,Programming,FINAL,100.0,80.5,1
385,Mathematics,TEST1,20.0,9.7,1
385,Mathematics,TEST2,20.0,10.8,1
385,Mathematics,MIDTERM,50.0,33.3,1
385,Mathematics,FINAL,100.0,76.1,1
386,Electronics,TEST1,20.0,15.2,1
386,Electronics,TEST2,20.0,16.0,1
386,Electronics,MIDTERM,50.0,39.6,1
386,Electronics,FINAL,100.0,82.3,1
386,Data Structures,TEST1,20.0,15.6,1
386,Data Structures,TEST2,20.0,15.9,1
386,Data Structures,MIDTERM,50.0,39.0,1
386,Data Structures,FINAL,100.0,75.8,1
386,Engineering Fundamentals,TEST1,20.0,14.8,1
386,Engineering Fundamentals,TEST2,20.0,15.7,1
386,Engineering Fundamentals,MIDTERM,50.0,35.8,1
386,Engineering Fundamentals,FINAL,100.0,71.0,1
386,Mathematics,TEST1,20.0,12.4,1
386,Mathematics,TEST2,20.0,13.7,1
386,Mathematics,MIDTERM,50.0,35.9,1
386,Mathematics,FINAL,100.0,67.8,1
387,Communication Skills,TEST1,20.0,14.2,1
387,Communication Skills,TEST2,20.0,12.3,1
387,Communication Skills,MIDTERM,50.0,24.1,1
387,Communication Skills,FINAL,100.0,40.6,1
387,Engineering Fundamentals,TEST1,20.0,13.4,1
387,Engineering Fundamentals,TEST2,20.0,11.3,1
387,Engineering Fundamentals,MIDTERM,50.0,22.7,1
387,Engineering Fundamentals,FINAL,100.0,27.1,1
387,Data Structures,TEST1,20.0,12.9,1
387,Data Structures,TEST2,20.0,9.8,1
387,Data Structures,MIDTERM,50.0,16.4,1
387,Data Structures,FINAL,100.0,17.9,1
387,Programming,TEST1,20.0,14.9,1
387,Programming,TEST2,20.0,13.3,1
387,Programming,MIDTERM,50.0,22.6,1
387,Programming,FINAL,100.0,30.4,1
388,Engineering Fundamentals,TEST1,20.0,15.2,1
388,Engineering Fundamentals,TEST2,20.0,14.6,1
388,Engineering Fundamentals,MIDTERM,50.0,37.1,1
388,Engineering Fundamentals,FINAL,100.0,73.6,1
388,Communication Skills,TEST1,20.0,13.7,1
388,Communication Skills,TEST2,20.0,12.6,1
388,Communication Skills,MIDTERM,50.0,32.7,1
388,Communication Skills,FINAL,100.0,72.4,1
388,Mathematics,TEST1,20.0,13.5,1
388,Mathematics,TEST2,20.0,13.7,1
388,Mathematics,MIDTERM,50.0,35.6,1
388,Mathematics,FINAL,100.0,72.8,1
388,Programming,TEST1,20.0,14.3,1
388,Programming,TEST2,20.0,14.6,1
388,Programming,MIDTERM,50.0,35.5,1
388,Programming,FINAL,100.0,78.2,1
389,Mathematics,TEST1,20.0,14.1,1
389,Mathematics,TEST2,20.0,14.3,1
389,Mathematics,MIDTERM,50.0,35.2,1
389,Mathematics,FINAL,100.0,73.0,1
389,Data Structures,TEST1,20.0,16.2,1
389,Data Structures,TEST2,20.0,16.8,1
389,Data Structures,MIDTERM,50.0,39.1,1
389,Data Structures,FINAL,100.0,76.1,1
389,Programming,TEST1,20.0,15.3,1
389,Programming,TEST2,20.0,14.5,1
389,Programming,MIDTERM,50.0,36.6,1
389,Programming,FINAL,100.0,79.7,1
389,Communication Skills,TEST1,20.0,16.4,1
389,Communication Skills,TEST2,20.0,16.5,1
389,Communication Skills,MIDTERM,50.0,45.0,1
389,Communication Skills,FINAL,100.0,91.7,1
390,Communication Skills,TEST1,20.0,12.1,1
390,Communication Skills,TEST2,20.0,11.0,1
390,Communication Skills,MIDTERM,50.0,25.3,1
390,Communication Skills,FINAL,100.0,39.2,1
390,Mathematics,TEST1,20.0,12.0,1
390,Mathematics,TEST2,20.0,10.1,1
390,Mathematics,MIDTERM,50.0,26.0,1
390,Mathematics,FINAL,100.0,43.9,1
390,Programming,TEST1,20.0,12.7,1
390,Programming,TEST2,20.0,10.9,1
390,Programming,MIDTERM,50.0,20.8,1
390,Programming,FINAL,100.0,36.1,1
390,Data Structures,TEST1,20.0,13.0,1
390,Data Structures,TEST2,20.0,10.6,1
390,Data Structures,MIDTERM,50.0,22.5,1
390,Data Structures,FINAL,100.0,45.2,1
391,Communication Skills,TEST1,20.0,14.7,1
391,Communication Skills,TEST2,20.0,13.9,1
391,Communication Skills,MIDTERM,50.0,29.0,1
391,Communication Skills,FINAL,100.0,56.7,1
391,Data Structures,TEST1,20.0,13.9,1
391,Data Structures,TEST2,20.0,11.4,1
391,Data Structures,MIDTERM,50.0,25.9,1
391,Data Structures,FINAL,100.0,41.7,1
391,Programming,TEST1,20.0,16.2,1
391,Programming,TEST2,20.0,13.6,1
391,Programming,MIDTERM,50.0,30.2,1
391,Programming,FINAL,100.0,53.8,1
391,Electronics,TEST1,20.0,14.5,1
391,Electronics,TEST2,20.0,13.4,1
391,Electronics,MIDTERM,50.0,29.2,1
391,Electronics,FINAL,100.0,48.5,1
392,Mathematics,TEST1,20.0,17.8,1
392,Mathematics,TEST2,20.0,17.1,1
392,Mathematics,MIDTERM,50.0,43.4,1
392,Mathematics,FINAL,100.0,78.5,1
392,Engineering Fundamentals,TEST1,20.0,18.0,1
392,Engineering Fundamentals,TEST2,20.0,17.9,1
392,Engineering Fundamentals,MIDTERM,50.0,43.8,1
392,Engineering Fundamentals,FINAL,100.0,91.7,1
392,Electronics,TEST1,20.0,15.8,1
392,Electronics,TEST2,20.0,16.6,1
392,Electronics,MIDTERM,50.0,40.9,1
392,Electronics,FINAL,100.0,83.1,1
392,Programming,TEST1,20.0,17.5,1
392,Programming,TEST2,20.0,17.2,1
392,Programming,MIDTERM,50.0,42.1,1
392,Programming,FINAL,100.0,88.2,1
393,Engineering Fundamentals,TEST1,20.0,15.3,1
393,Engineering Fundamentals,TEST2,20.0,13.2,1
393,Engineering Fundamentals,MIDTERM,50.0,30.8,1
393,Engineering Fundamentals,FINAL,100.0,44.4,1
393,Mathematics,TEST1,20.0,14.8,1
393,Mathematics,TEST2,20.0,13.7,1
393,Mathematics,MIDTERM,50.0,29.7,1
393,Mathematics,FINAL,100.0,61.7,1
393,Electronics,TEST1,20.0,14.2,1
393,Electronics,TEST2,20.0,12.7,1
393,Electronics,MIDTERM,50.0,28.1,1
393,Electronics,FINAL,100.0,49.6,1
393,Data Structures,TEST1,20.0,14.1,1
393,Data Structures,TEST2,20.0,12.7,1
393,Data Structures,MIDTERM,50.0,30.3,1
393,Data Structures,FINAL,100.0,52.5,1
394,Communication Skills,TEST1,20.0,15.3,1
394,Communication Skills,TEST2,20.0,14.2,1
394,Communication Skills,MIDTERM,50.0,28.1,1
394,Communication Skills,FINAL,100.0,52.9,1
394,Programming,TEST1,20.0,13.8,1
394,Programming,TEST2,20.0,14.0,1
394,Programming,MIDTERM,50.0,25.2,1
394,Programming,FINAL,100.0,47.4,1
394,Electronics,TEST1,20.0,14.5,1
394,Electronics,TEST2,20.0,13.2,1
394,Electronics,MIDTERM,50.0,29.4,1
394,Electronics,FINAL,100.0,55.4,1
394,Data Structures,TEST1,20.0,15.4,1
394,Data Structures,TEST2,20.0,12.7,1
394,Data Structures,MIDTERM,50.0,31.2,1
394,Data Structures,FINAL,100.0,54.2,1
395,Mathematics,TEST1,20.0,16.2,1
395,Mathematics,TEST2,20.0,16.1,1
395,Mathematics,MIDTERM,50.0,39.6,1
395,Mathematics,FINAL,100.0,79.7,1
395,Programming,TEST1,20.0,18.8,1
395,Programming,TEST2,20.0,17.0,1
395,Programming,MIDTERM,50.0,43.5,1
395,Programming,FINAL,100.0,87.6,1
395,Communication Skills,TEST1,20.0,15.5,1
395,Communication Skills,TEST2,20.0,15.1,1
395,Communication Skills,MIDTERM,50.0,40.4,1
395,Communication Skills,FINAL,100.0,74.0,1
395,Electronics,TEST1,20.0,17.8,1
395,Electronics,TEST2,20.0,17.6,1
395,Electronics,MIDTERM,50.0,43.6,1
395,Electronics,FINAL,100.0,87.5,1
396,Mathematics,TEST1,20.0,8.2,1
396,Mathematics,TEST2,20.0,11.0,1
396,Mathematics,MIDTERM,50.0,34.5,1
396,Mathematics,FINAL,100.0,77.4,1
396,Data Structures,TEST1,20.0,10.9,1
396,Data Structures,TEST2,20.0,11.3,1
396,Data Structures,MIDTERM,50.0,34.5,1
396,Data Structures,FINAL,100.0,82.7,1
396,Electronics,TEST1,20.0,10.0,1
396,Electronics,TEST2,20.0,13.1,1
396,Electronics,MIDTERM,50.0,39.9,1
396,Electronics,FINAL,100.0,91.6,1
396,Engineering Fundamentals,TEST1,20.0,10.7,1
396,Engineering Fundamentals,TEST2,20.0,12.1,1
396,Engineering Fundamentals,MIDTERM,50.0,39.7,1
396,Engineering Fundamentals,FINAL,100.0,87.3,1
397,Electronics,TEST1,20.0,12.9,1
397,Electronics,TEST2,20.0,10.3,1
397,Electronics,MIDTERM,50.0,19.4,1
397,Electronics,FINAL,100.0,23.0,1
397,Communication Skills,TEST1,20.0,13.5,1
397,Communication Skills,TEST2,20.0,11.3,1
397,Communication Skills,MIDTERM,50.0,21.3,1
397,Communication Skills,FINAL,100.0,30.1,1
397,Mathematics,TEST1,20.0,13.5,1
397,Mathematics,TEST2,20.0,10.9,1
397,Mathematics,MIDTERM,50.0,26.0,1
397,Mathematics,FINAL,100.0,37.3,1
397,Data Structures,TEST1,20.0,13.2,1
397,Data Structures,TEST2,20.0,9.2,1
397,Data Structures,MIDTERM,50.0,17.6,1
397,Data Structures,FINAL,100.0,34.3,1
398,Engineering Fundamentals,TEST1,20.0,15.9,1
398,Engineering Fundamentals,TEST2,20.0,16.3,1
398,Engineering Fundamentals,MIDTERM,50.0,35.5,1
398,Engineering Fundamentals,FINAL,100.0,72.5,1
398,Mathematics,TEST1,20.0,15.8,1
398,Mathematics,TEST2,20.0,15.4,1
398,Mathematics,MIDTERM,50.0,35.8,1
398,Mathematics,FINAL,100.0,68.5,1
398,Data Structures,TEST1,20.0,15.0,1
398,Data Structures,TEST2,20.0,15.0,1
398,Data Structures,MIDTERM,50.0,37.5,1
398,Data Structures,FINAL,100.0,75.1,1
398,Communication Skills,TEST1,20.0,16.3,1
398,Communication Skills,TEST2,20.0,16.5,1
398,Communication Skills,MIDTERM,50.0,42.6,1
398,Communication Skills,FINAL,100.0,80.8,1
399,Electronics,TEST1,20.0,9.3,1
399,Electronics,TEST2,20.0,10.8,1
399,Electronics,MIDTERM,50.0,31.0,1
399,Electronics,FINAL,100.0,78.0,1
399,Engineering Fundamentals,TEST1,20.0,8.9,1
399,Engineering Fundamentals,TEST2,20.0,11.2,1
399,Engineering Fundamentals,MIDTERM,50.0,34.2,1
399,Engineering Fundamentals,FINAL,100.0,74.7,1
399,Mathematics,TEST1,20.0,9.0,1
399,Mathematics,TEST2,20.0,12.5,1
399,Mathematics,MIDTERM,50.0,36.0,1
399,Mathematics,FINAL,100.0,86.5,1
399,Programming,TEST1,20.0,9.0,1
399,Programming,TEST2,20.0,10.5,1
399,Programming,MIDTERM,50.0,35.6,1
399,Programming,FINAL,100.0,74.0,1
400,Electronics,TEST1,20.0,8.9,1
400,Electronics,TEST2,20.0,11.5,1
400,Electronics,MIDTERM,50.0,35.1,1
400,Electronics,FINAL,100.0,76.2,1
400,Data Structures,TEST1,20.0,7.6,1
400,Data Structures,TEST2,20.0,11.5,1
400,Data Structures,MIDTERM,50.0,33.3,1
400,Data Structures,FINAL,100.0,77.1,1
400,Mathematics,TEST1,20.0,8.5,1
400,Mathematics,TEST2,20.0,10.1,1
400,Mathematics,MIDTERM,50.0,29.9,1
400,Mathematics,FINAL,100.0,78.0,1
400,Communication Skills,TEST1,20.0,8.3,1
400,Communication Skills,TEST2,20.0,10.8,1
400,Communication Skills,MIDTERM,50.0,31.5,1
400,Communication Skills,FINAL,100.0,73.9,1
401,Mathematics,TEST1,20.0,13.6,1
401,Mathematics,TEST2,20.0,13.5,1
401,Mathematics,MIDTERM,50.0,33.8,1
401,Mathematics,FINAL,100.0,68.4,1
401,Communication Skills,TEST1,20.0,13.2,1
401,Communication Skills,TEST2,20.0,14.2,1
401,Communication Skills,MIDTERM,50.0,30.5,1
401,Communication Skills,FINAL,100.0,71.6,1
401,Engineering Fundamentals,TEST1,20.0,15.5,1
401,Engineering Fundamentals,TEST2,20.0,15.5,1
401,Engineering Fundamentals,MIDTERM,50.0,36.7,1
401,Engineering Fundamentals,FINAL,100.0,71.0,1
401,Electronics,TEST1,20.0,15.3,1
401,Electronics,TEST2,20.0,17.2,1
401,Electronics,MIDTERM,50.0,40.6,1
401,Electronics,FINAL,100.0,83.9,1
402,Electronics,TEST1,20.0,12.2,1
402,Electronics,TEST2,20.0,9.4,1
402,Electronics,MIDTERM,50.0,17.9,1
402,Electronics,FINAL,100.0,21.0,1
402,Engineering Fundamentals,TEST1,20.0,12.2,1
402,Engineering Fundamentals,TEST2,20.0,10.3,1
402,Engineering Fundamentals,MIDTERM,50.0,24.6,1
402,Engineering Fundamentals,FINAL,100.0,36.4,1
402,Mathematics,TEST1,20.0,12.6,1
402,Mathematics,TEST2,20.0,11.5,1
402,Mathematics,MIDTERM,50.0,21.4,1
402,Mathematics,FINAL,100.0,35.0,1
402,Communication Skills,TEST1,20.0,13.3,1
402,Communication Skills,TEST2,20.0,10.0,1
402,Communication Skills,MIDTERM,50.0,18.3,1
402,Communication Skills,FINAL,100.0,30.0,1
403,Engineering Fundamentals,TEST1,20.0,13.9,1
403,Engineering Fundamentals,TEST2,20.0,11.9,1
403,Engineering Fundamentals,MIDTERM,50.0,23.2,1
403,Engineering Fundamentals,FINAL,100.0,37.9,1
403,Data Structures,TEST1,20.0,14.7,1
403,Data Structures,TEST2,20.0,11.5,1
403,Data Structures,MIDTERM,50.0,22.2,1
403,Data Structures,FINAL,100.0,29.9,1
403,Communication Skills,TEST1,20.0,12.8,1
403,Communication Skills,TEST2,20.0,10.1,1
403,Communication Skills,MIDTERM,50.0,21.6,1
403,Communication Skills,FINAL,100.0,32.4,1
403,Mathematics,TEST1,20.0,14.2,1
403,Mathematics,TEST2,20.0,12.1,1
403,Mathematics,MIDTERM,50.0,23.5,1
403,Mathematics,FINAL,100.0,40.6,1
404,Mathematics,TEST1,20.0,14.0,1
404,Mathematics,TEST2,20.0,14.9,1
404,Mathematics,MIDTERM,50.0,34.8,1
404,Mathematics,FINAL,100.0,66.0,1
404,Communication Skills,TEST1,20.0,14.4,1
404,Communication Skills,TEST2,20.0,13.7,1
404,Communication Skills,MIDTERM,50.0,33.8,1
404,Communication Skills,FINAL,100.0,72.4,1
404,Data Structures,TEST1,20.0,16.6,1
404,Data Structures,TEST2,20.0,17.2,1
404,Data Structures,MIDTERM,50.0,43.1,1
404,Data Structures,FINAL,100.0,84.9,1
404,Engineering Fundamentals,TEST1,20.0,15.9,1
404,Engineering Fundamentals,TEST2,20.0,17.5,1
404,Engineering Fundamentals,MIDTERM,50.0,39.8,1
404,Engineering Fundamentals,FINAL,100.0,83.9,1
405,Mathematics,TEST1,20.0,13.0,1
405,Mathematics,TEST2,20.0,13.0,1
405,Mathematics,MIDTERM,50.0,37.9,1
405,Mathematics,FINAL,100.0,64.2,1
405,Data Structures,TEST1,20.0,13.4,1
405,Data Structures,TEST2,20.0,12.7,1
405,Data Structures,MIDTERM,50.0,34.0,1
405,Data Structures,FINAL,100.0,68.0,1
405,Electronics,TEST1,20.0,16.7,1
405,Electronics,TEST2,20.0,14.9,1
405,Electronics,MIDTERM,50.0,40.8,1
405,Electronics,FINAL,100.0,78.7,1
405,Engineering Fundamentals,TEST1,20.0,14.2,1
405,Engineering Fundamentals,TEST2,20.0,13.2,1
405,Engineering Fundamentals,MIDTERM,50.0,31.3,1
405,Engineering Fundamentals,FINAL,100.0,62.6,1
406,Data Structures,TEST1,20.0,13.2,1
406,Data Structures,TEST2,20.0,10.4,1
406,Data Structures,MIDTERM,50.0,21.5,1
406,Data Structures,FINAL,100.0,31.8,1
406,Communication Skills,TEST1,20.0,13.8,1
406,Communication Skills,TEST2,20.0,12.2,1
406,Communication Skills,MIDTERM,50.0,19.6,1
406,Communication Skills,FINAL,100.0,30.5,1
406,Mathematics,TEST1,20.0,11.5,1
406,Mathematics,TEST2,20.0,10.2,1
406,Mathematics,MIDTERM,50.0,21.9,1
406,Mathematics,FINAL,100.0,35.5,1
406,Electronics,TEST1,20.0,12.2,1
406,Electronics,TEST2,20.0,9.5,1
406,Electronics,MIDTERM,50.0,16.9,1
406,Electronics,FINAL,100.0,27.1,1
407,Mathematics,TEST1,20.0,17.4,1
407,Mathematics,TEST2,20.0,16.6,1
407,Mathematics,MIDTERM,50.0,41.7,1
407,Mathematics,FINAL,100.0,80.1,1
407,Electronics,TEST1,20.0,14.4,1
407,Electronics,TEST2,20.0,14.8,1
407,Electronics,MIDTERM,50.0,36.0,1
407,Electronics,FINAL,100.0,77.6,1
407,Data Structures,TEST1,20.0,14.5,1
407,Data Structures,TEST2,20.0,14.3,1
407,Data Structures,MIDTERM,50.0,35.2,1
407,Data Structures,FINAL,100.0,73.5,1
407,Programming,TEST1,20.0,16.0,1
407,Programming,TEST2,20.0,17.9,1
407,Programming,MIDTERM,50.0,43.1,1
407,Programming,FINAL,100.0,84.0,1
408,Engineering Fundamentals,TEST1,20.0,13.2,1
408,Engineering Fundamentals,TEST2,20.0,10.6,1
408,Engineering Fundamentals,MIDTERM,50.0,21.7,1
408,Engineering Fundamentals,FINAL,100.0,28.8,1
408,Mathematics,TEST1,20.0,11.7,1
408,Mathematics,TEST2,20.0,10.1,1
408,Mathematics,MIDTERM,50.0,22.4,1
408,Mathematics,FINAL,100.0,31.7,1
408,Electronics,TEST1,20.0,10.9,1
408,Electronics,TEST2,20.0,10.2,1
408,Electronics,MIDTERM,50.0,21.0,1
408,Electronics,FINAL,100.0,28.1,1
408,Communication Skills,TEST1,20.0,12.4,1
408,Communication Skills,TEST2,20.0,10.9,1
408,Communication Skills,MIDTERM,50.0,19.2,1
408,Communication Skills,FINAL,100.0,31.4,1
409,Engineering Fundamentals,TEST1,20.0,14.2,1
409,Engineering Fundamentals,TEST2,20.0,14.9,1
409,Engineering Fundamentals,MIDTERM,50.0,37.0,1
409,Engineering Fundamentals,FINAL,100.0,76.3,1
409,Programming,TEST1,20.0,13.2,1
409,Programming,TEST2,20.0,12.3,1
409,Programming,MIDTERM,50.0,34.8,1
409,Programming,FINAL,100.0,67.1,1
409,Mathematics,TEST1,20.0,16.8,1
409,Mathematics,TEST2,20.0,17.3,1
409,Mathematics,MIDTERM,50.0,43.1,1
409,Mathematics,FINAL,100.0,84.4,1
409,Electronics,TEST1,20.0,15.1,1
409,Electronics,TEST2,20.0,16.4,1
409,Electronics,MIDTERM,50.0,41.2,1
409,Electronics,FINAL,100.0,76.5,1
410,Data Structures,TEST1,20.0,15.0,1
410,Data Structures,TEST2,20.0,14.2,1
410,Data Structures,MIDTERM,50.0,34.8,1
410,Data Structures,FINAL,100.0,69.4,1
410,Mathematics,TEST1,20.0,13.1,1
410,Mathematics,TEST2,20.0,14.2,1
410,Mathematics,MIDTERM,50.0,34.8,1
410,Mathematics,FINAL,100.0,70.2,1
410,Electronics,TEST1,20.0,15.5,1
410,Electronics,TEST2,20.0,15.7,1
410,Electronics,MIDTERM,50.0,40.6,1
410,Electronics,FINAL,100.0,83.1,1
410,Programming,TEST1,20.0,16.3,1
410,Programming,TEST2,20.0,15.0,1
410,Programming,MIDTERM,50.0,38.0,1
410,Programming,FINAL,100.0,77.1,1
411,Programming,TEST1,20.0,15.0,1
411,Programming,TEST2,20.0,14.6,1
411,Programming,MIDTERM,50.0,30.6,1
411,Programming,FINAL,100.0,59.1,1
411,Engineering Fundamentals,TEST1,20.0,14.0,1
411,Engineering Fundamentals,TEST2,20.0,13.3,1
411,Engineering Fundamentals,MIDTERM,50.0,30.5,1
411,Engineering Fundamentals,FINAL,100.0,51.0,1
411,Mathematics,TEST1,20.0,14.8,1
411,Mathematics,TEST2,20.0,14.1,1
411,Mathematics,MIDTERM,50.0,30.0,1
411,Mathematics,FINAL,100.0,57.0,1
411,Communication Skills,TEST1,20.0,15.5,1
411,Communication Skills,TEST2,20.0,13.1,1
411,Communication Skills,MIDTERM,50.0,31.5,1
411,Communication Skills,FINAL,100.0,61.3,1
412,Data Structures,TEST1,20.0,14.2,1
412,Data Structures,TEST2,20.0,12.8,1
412,Data Structures,MIDTERM,50.0,30.8,1
412,Data Structures,FINAL,100.0,55.3,1
412,Mathematics,TEST1,20.0,15.9,1
412,Mathematics,TEST2,20.0,14.0,1
412,Mathematics,MIDTERM,50.0,33.7,1
412,Mathematics,FINAL,100.0,62.4,1
412,Programming,TEST1,20.0,14.7,1
412,Programming,TEST2,20.0,13.0,1
412,Programming,MIDTERM,50.0,32.6,1
412,Programming,FINAL,100.0,55.5,1
412,Engineering Fundamentals,TEST1,20.0,14.8,1
412,Engineering Fundamentals,TEST2,20.0,12.6,1
412,Engineering Fundamentals,MIDTERM,50.0,31.8,1
412,Engineering Fundamentals,FINAL,100.0,54.3,1
413,Communication Skills,TEST1,20.0,15.3,1
413,Communication Skills,TEST2,20.0,15.0,1
413,Communication Skills,MIDTERM,50.0,35.0,1
413,Communication Skills,FINAL,100.0,74.2,1
413,Electronics,TEST1,20.0,14.8,1
413,Electronics,TEST2,20.0,15.5,1
413,Electronics,MIDTERM,50.0,35.5,1
413,Electronics,FINAL,100.0,77.3,1
413,Engineering Fundamentals,TEST1,20.0,14.3,1
413,Engineering Fundamentals,TEST2,20.0,13.0,1
413,Engineering Fundamentals,MIDTERM,50.0,36.6,1
413,Engineering Fundamentals,FINAL,100.0,64.9,1
413,Mathematics,TEST1,20.0,13.7,1
413,Mathematics,TEST2,20.0,14.4,1
413,Mathematics,MIDTERM,50.0,31.3,1
413,Mathematics,FINAL,100.0,67.3,1
414,Programming,TEST1,20.0,13.0,1
414,Programming,TEST2,20.0,9.5,1
414,Programming,MIDTERM,50.0,24.1,1
414,Programming,FINAL,100.0,31.7,1
414,Mathematics,TEST1,20.0,12.7,1
414,Mathematics,TEST2,20.0,9.5,1
414,Mathematics,MIDTERM,50.0,16.3,1
414,Mathematics,FINAL,100.0,22.9,1
414,Electronics,TEST1,20.0,12.0,1
414,Electronics,TEST2,20.0,11.1,1
414,Electronics,MIDTERM,50.0,21.5,1
414,Electronics,FINAL,100.0,36.0,1
414,Engineering Fundamentals,TEST1,20.0,12.5,1
414,Engineering Fundamentals,TEST2,20.0,11.1,1
414,Engineering Fundamentals,MIDTERM,50.0,22.6,1
414,Engineering Fundamentals,FINAL,100.0,29.5,1
415,Data Structures,TEST1,20.0,16.1,1
415,Data Structures,TEST2,20.0,16.3,1
415,Data Structures,MIDTERM,50.0,40.1,1
415,Data Structures,FINAL,100.0,82.8,1
415,Programming,TEST1,20.0,14.2,1
415,Programming,TEST2,20.0,14.6,1
415,Programming,MIDTERM,50.0,36.5,1
415,Programming,FINAL,100.0,74.4,1
415,Mathematics,TEST1,20.0,17.2,1
415,Mathematics,TEST2,20.0,17.3,1
415,Mathematics,MIDTERM,50.0,42.3,1
415,Mathematics,FINAL,100.0,83.8,1
415,Electronics,TEST1,20.0,15.7,1
415,Electronics,TEST2,20.0,16.8,1
415,Electronics,MIDTERM,50.0,39.3,1
415,Electronics,FINAL,100.0,79.0,1
416,Programming,TEST1,20.0,17.6,1
416,Programming,TEST2,20.0,17.4,1
416,Programming,MIDTERM,50.0,43.0,1
416,Programming,FINAL,100.0,89.2,1
416,Electronics,TEST1,20.0,14.9,1
416,Electronics,TEST2,20.0,15.3,1
416,Electronics,MIDTERM,50.0,36.5,1
416,Electronics,FINAL,100.0,74.4,1
416,Engineering Fundamentals,TEST1,20.0,15.5,1
416,Engineering Fundamentals,TEST2,20.0,15.2,1
416,Engineering Fundamentals,MIDTERM,50.0,38.0,1
416,Engineering Fundamentals,FINAL,100.0,78.6,1
416,Data Structures,TEST1,20.0,13.7,1
416,Data Structures,TEST2,20.0,14.8,1
416,Data Structures,MIDTERM,50.0,34.4,1
416,Data Structures,FINAL,100.0,70.3,1
417,Data Structures,TEST1,20.0,17.5,1
417,Data Structures,TEST2,20.0,18.1,1
417,Data Structures,MIDTERM,50.0,44.3,1
417,Data Structures,FINAL,100.0,84.4,1
417,Engineering Fundamentals,TEST1,20.0,16.6,1
417,Engineering Fundamentals,TEST2,20.0,17.2,1
417,Engineering Fundamentals,MIDTERM,50.0,43.9,1
417,Engineering Fundamentals,FINAL,100.0,88.3,1
417,Mathematics,TEST1,20.0,16.8,1
417,Mathematics,TEST2,20.0,15.8,1
417,Mathematics,MIDTERM,50.0,43.9,1
417,Mathematics,FINAL,100.0,87.3,1
417,Communication Skills,TEST1,20.0,14.5,1
417,Communication Skills,TEST2,20.0,14.0,1
417,Communication Skills,MIDTERM,50.0,34.8,1
417,Communication Skills,FINAL,100.0,62.6,1
418,Programming,TEST1,20.0,13.1,1
418,Programming,TEST2,20.0,11.4,1
418,Programming,MIDTERM,50.0,19.8,1
418,Programming,FINAL,100.0,34.0,1
418,Data Structures,TEST1,20.0,11.6,1
418,Data Structures,TEST2,20.0,9.5,1
418,Data Structures,MIDTERM,50.0,16.7,1
418,Data Structures,FINAL,100.0,15.4,1
418,Mathematics,TEST1,20.0,12.2,1
418,Mathematics,TEST2,20.0,11.0,1
418,Mathematics,MIDTERM,50.0,21.4,1
418,Mathematics,FINAL,100.0,37.2,1
418,Engineering Fundamentals,TEST1,20.0,14.0,1
418,Engineering Fundamentals,TEST2,20.0,10.3,1
418,Engineering Fundamentals,MIDTERM,50.0,19.3,1
418,Engineering Fundamentals,FINAL,100.0,26.8,1
419,Programming,TEST1,20.0,14.5,1
419,Programming,TEST2,20.0,16.7,1
419,Programming,MIDTERM,50.0,39.7,1
419,Programming,FINAL,100.0,82.3,1
419,Mathematics,TEST1,20.0,13.6,1
419,Mathematics,TEST2,20.0,14.0,1
419,Mathematics,MIDTERM,50.0,34.8,1
419,Mathematics,FINAL,100.0,69.9,1
419,Electronics,TEST1,20.0,17.4,1
419,Electronics,TEST2,20.0,17.5,1
419,Electronics,MIDTERM,50.0,43.2,1
419,Electronics,FINAL,100.0,84.5,1
419,Communication Skills,TEST1,20.0,14.3,1
419,Communication Skills,TEST2,20.0,15.9,1
419,Communication Skills,MIDTERM,50.0,37.2,1
419,Communication Skills,FINAL,100.0,72.5,1
420,Data Structures,TEST1,20.0,12.0,1
420,Data Structures,TEST2,20.0,9.8,1
420,Data Structures,MIDTERM,50.0,17.3,1
420,Data Structures,FINAL,100.0,23.1,1
420,Electronics,TEST1,20.0,12.6,1
420,Electronics,TEST2,20.0,11.0,1
420,Electronics,MIDTERM,50.0,20.1,1
420,Electronics,FINAL,100.0,24.5,1
420,Programming,TEST1,20.0,13.1,1
420,Programming,TEST2,20.0,8.4,1
420,Programming,MIDTERM,50.0,18.4,1
420,Programming,FINAL,100.0,20.6,1
420,Communication Skills,TEST1,20.0,11.8,1
420,Communication Skills,TEST2,20.0,10.4,1
420,Communication Skills,MIDTERM,50.0,22.3,1
420,Communication Skills,FINAL,100.0,31.6,1
421,Data Structures,TEST1,20.0,13.6,1
421,Data Structures,TEST2,20.0,13.6,1
421,Data Structures,MIDTERM,50.0,32.9,1
421,Data Structures,FINAL,100.0,54.0,1
421,Mathematics,TEST1,20.0,14.7,1
421,Mathematics,TEST2,20.0,13.3,1
421,Mathematics,MIDTERM,50.0,32.0,1
421,Mathematics,FINAL,100.0,56.5,1
421,Electronics,TEST1,20.0,14.7,1
421,Electronics,TEST2,20.0,12.9,1
421,Electronics,MIDTERM,50.0,30.6,1
421,Electronics,FINAL,100.0,49.2,1
421,Programming,TEST1,20.0,14.3,1
421,Programming,TEST2,20.0,11.6,1
421,Programming,MIDTERM,50.0,28.5,1
421,Programming,FINAL,100.0,46.3,1
422,Mathematics,TEST1,20.0,14.1,1
422,Mathematics,TEST2,20.0,14.0,1
422,Mathematics,MIDTERM,50.0,33.7,1
422,Mathematics,FINAL,100.0,67.4,1
422,Engineering Fundamentals,TEST1,20.0,17.3,1
422,Engineering Fundamentals,TEST2,20.0,18.2,1
422,Engineering Fundamentals,MIDTERM,50.0,41.9,1
422,Engineering Fundamentals,FINAL,100.0,86.3,1
422,Communication Skills,TEST1,20.0,15.0,1
422,Communication Skills,TEST2,20.0,13.4,1
422,Communication Skills,MIDTERM,50.0,36.3,1
422,Communication Skills,FINAL,100.0,74.2,1
422,Data Structures,TEST1,20.0,16.6,1
422,Data Structures,TEST2,20.0,15.6,1
422,Data Structures,MIDTERM,50.0,39.5,1
422,Data Structures,FINAL,100.0,70.3,1
423,Electronics,TEST1,20.0,15.0,1
423,Electronics,TEST2,20.0,14.6,1
423,Electronics,MIDTERM,50.0,36.2,1
423,Electronics,FINAL,100.0,72.0,1
423,Mathematics,TEST1,20.0,14.6,1
423,Mathematics,TEST2,20.0,14.2,1
423,Mathematics,MIDTERM,50.0,38.2,1
423,Mathematics,FINAL,100.0,75.3,1
423,Communication Skills,TEST1,20.0,14.7,1
423,Communication Skills,TEST2,20.0,13.1,1
423,Communication Skills,MIDTERM,50.0,35.6,1
423,Communication Skills,FINAL,100.0,74.7,1
423,Programming,TEST1,20.0,13.8,1
423,Programming,TEST2,20.0,14.4,1
423,Programming,MIDTERM,50.0,34.9,1
423,Programming,FINAL,100.0,74.1,1
424,Engineering Fundamentals,TEST1,20.0,13.8,1
424,Engineering Fundamentals,TEST2,20.0,12.6,1
424,Engineering Fundamentals,MIDTERM,50.0,32.9,1
424,Engineering Fundamentals,FINAL,100.0,69.1,1
424,Data Structures,TEST1,20.0,15.4,1
424,Data Structures,TEST2,20.0,16.8,1
424,Data Structures,MIDTERM,50.0,43.2,1
424,Data Structures,FINAL,100.0,81.6,1
424,Communication Skills,TEST1,20.0,16.4,1
424,Communication Skills,TEST2,20.0,14.9,1
424,Communication Skills,MIDTERM,50.0,36.6,1
424,Communication Skills,FINAL,100.0,81.8,1
424,Programming,TEST1,20.0,15.2,1
424,Programming,TEST2,20.0,15.8,1
424,Programming,MIDTERM,50.0,36.7,1
424,Programming,FINAL,100.0,75.1,1
425,Electronics,TEST1,20.0,13.9,1
425,Electronics,TEST2,20.0,13.1,1
425,Electronics,MIDTERM,50.0,28.1,1
425,Electronics,FINAL,100.0,46.2,1
425,Engineering Fundamentals,TEST1,20.0,13.0,1
425,Engineering Fundamentals,TEST2,20.0,12.9,1
425,Engineering Fundamentals,MIDTERM,50.0,29.3,1
425,Engineering Fundamentals,FINAL,100.0,49.1,1
425,Communication Skills,TEST1,20.0,14.3,1
425,Communication Skills,TEST2,20.0,12.6,1
425,Communication Skills,MIDTERM,50.0,26.2,1
425,Communication Skills,FINAL,100.0,47.8,1
425,Data Structures,TEST1,20.0,14.1,1
425,Data Structures,TEST2,20.0,12.6,1
425,Data Structures,MIDTERM,50.0,26.6,1
425,Data Structures,FINAL,100.0,42.3,1
426,Programming,TEST1,20.0,14.0,1
426,Programming,TEST2,20.0,12.0,1
426,Programming,MIDTERM,50.0,25.1,1
426,Programming,FINAL,100.0,39.6,1
426,Electronics,TEST1,20.0,13.6,1
426,Electronics,TEST2,20.0,11.8,1
426,Electronics,MIDTERM,50.0,27.0,1
426,Electronics,FINAL,100.0,36.1,1
426,Engineering Fundamentals,TEST1,20.0,15.1,1
426,Engineering Fundamentals,TEST2,20.0,12.3,1
426,Engineering Fundamentals,MIDTERM,50.0,24.0,1
426,Engineering Fundamentals,FINAL,100.0,30.0,1
426,Communication Skills,TEST1,20.0,14.2,1
426,Communication Skills,TEST2,20.0,12.7,1
426,Communication Skills,MIDTERM,50.0,19.3,1
426,Communication Skills,FINAL,100.0,25.7,1
427,Data Structures,TEST1,20.0,14.6,1
427,Data Structures,TEST2,20.0,13.6,1
427,Data Structures,MIDTERM,50.0,32.3,1
427,Data Structures,FINAL,100.0,64.2,1
427,Communication Skills,TEST1,20.0,13.9,1
427,Communication Skills,TEST2,20.0,13.3,1
427,Communication Skills,MIDTERM,50.0,35.8,1
427,Communication Skills,FINAL,100.0,62.2,1
427,Electronics,TEST1,20.0,17.3,1
427,Electronics,TEST2,20.0,18.4,1
427,Electronics,MIDTERM,50.0,44.1,1
427,Electronics,FINAL,100.0,90.2,1
427,Engineering Fundamentals,TEST1,20.0,15.6,1
427,Engineering Fundamentals,TEST2,20.0,15.3,1
427,Engineering Fundamentals,MIDTERM,50.0,35.9,1
427,Engineering Fundamentals,FINAL,100.0,73.1,1
428,Engineering Fundamentals,TEST1,20.0,13.0,1
428,Engineering Fundamentals,TEST2,20.0,11.2,1
428,Engineering Fundamentals,MIDTERM,50.0,23.0,1
428,Engineering Fundamentals,FINAL,100.0,35.0,1
428,Mathematics,TEST1,20.0,12.7,1
428,Mathematics,TEST2,20.0,11.9,1
428,Mathematics,MIDTERM,50.0,19.9,1
428,Mathematics,FINAL,100.0,33.8,1
428,Data Structures,TEST1,20.0,11.6,1
428,Data Structures,TEST2,20.0,11.3,1
428,Data Structures,MIDTERM,50.0,20.3,1
428,Data Structures,FINAL,100.0,27.3,1
428,Communication Skills,TEST1,20.0,11.2,1
428,Communication Skills,TEST2,20.0,9.5,1
428,Communication Skills,MIDTERM,50.0,15.7,1
428,Communication Skills,FINAL,100.0,21.8,1
429,Communication Skills,TEST1,20.0,16.2,1
429,Communication Skills,TEST2,20.0,17.8,1
429,Communication Skills,MIDTERM,50.0,40.1,1
429,Communication Skills,FINAL,100.0,77.3,1
429,Programming,TEST1,20.0,16.6,1
429,Programming,TEST2,20.0,16.7,1
429,Programming,MIDTERM,50.0,40.7,1
429,Programming,FINAL,100.0,75.8,1
429,Data Structures,TEST1,20.0,15.0,1
429,Data Structures,TEST2,20.0,15.6,1
429,Data Structures,MIDTERM,50.0,38.8,1
429,Data Structures,FINAL,100.0,82.3,1
429,Electronics,TEST1,20.0,16.3,1
429,Electronics,TEST2,20.0,17.7,1
429,Electronics,MIDTERM,50.0,40.0,1
429,Electronics,FINAL,100.0,84.9,1
430,Programming,TEST1,20.0,13.0,1
430,Programming,TEST2,20.0,10.6,1
430,Programming,MIDTERM,50.0,24.5,1
430,Programming,FINAL,100.0,32.1,1
430,Communication Skills,TEST1,20.0,12.6,1
430,Communication Skills,TEST2,20.0,11.5,1
430,Communication Skills,MIDTERM,50.0,25.0,1
430,Communication Skills,FINAL,100.0,25.1,1
430,Mathematics,TEST1,20.0,14.9,1
430,Mathematics,TEST2,20.0,10.5,1
430,Mathematics,MIDTERM,50.0,20.7,1
430,Mathematics,FINAL,100.0,23.8,1
430,Engineering Fundamentals,TEST1,20.0,14.1,1
430,Engineering Fundamentals,TEST2,20.0,11.2,1
430,Engineering Fundamentals,MIDTERM,50.0,20.5,1
430,Engineering Fundamentals,FINAL,100.0,31.4,1
431,Communication Skills,TEST1,20.0,16.0,1
431,Communication Skills,TEST2,20.0,17.5,1
431,Communication Skills,MIDTERM,50.0,43.3,1
431,Communication Skills,FINAL,100.0,85.2,1
431,Mathematics,TEST1,20.0,15.2,1
431,Mathematics,TEST2,20.0,16.1,1
431,Mathematics,MIDTERM,50.0,41.6,1
431,Mathematics,FINAL,100.0,84.0,1
431,Electronics,TEST1,20.0,16.5,1
431,Electronics,TEST2,20.0,15.5,1
431,Electronics,MIDTERM,50.0,39.3,1
431,Electronics,FINAL,100.0,76.6,1
431,Data Structures,TEST1,20.0,15.0,1
431,Data Structures,TEST2,20.0,14.6,1
431,Data Structures,MIDTERM,50.0,36.6,1
431,Data Structures,FINAL,100.0,69.6,1
432,Communication Skills,TEST1,20.0,15.7,1
432,Communication Skills,TEST2,20.0,12.4,1
432,Communication Skills,MIDTERM,50.0,26.6,1
432,Communication Skills,FINAL,100.0,35.0,1
432,Engineering Fundamentals,TEST1,20.0,11.7,1
432,Engineering Fundamentals,TEST2,20.0,7.8,1
432,Engineering Fundamentals,MIDTERM,50.0,16.8,1
432,Engineering Fundamentals,FINAL,100.0,17.7,1
432,Data Structures,TEST1,20.0,14.4,1
432,Data Structures,TEST2,20.0,12.1,1
432,Data Structures,MIDTERM,50.0,23.9,1
432,Data Structures,FINAL,100.0,29.0,1
432,Programming,TEST1,20.0,13.5,1
432,Programming,TEST2,20.0,10.9,1
432,Programming,MIDTERM,50.0,20.3,1
432,Programming,FINAL,100.0,24.3,1
433,Mathematics,TEST1,20.0,13.9,1
433,Mathematics,TEST2,20.0,13.1,1
433,Mathematics,MIDTERM,50.0,28.0,1
433,Mathematics,FINAL,100.0,56.1,1
433,Electronics,TEST1,20.0,14.3,1
433,Electronics,TEST2,20.0,11.8,1
433,Electronics,MIDTERM,50.0,29.5,1
433,Electronics,FINAL,100.0,52.2,1
433,Data Structures,TEST1,20.0,16.0,1
433,Data Structures,TEST2,20.0,13.6,1
433,Data Structures,MIDTERM,50.0,26.9,1
433,Data Structures,FINAL,100.0,51.7,1
433,Engineering Fundamentals,TEST1,20.0,14.5,1
433,Engineering Fundamentals,TEST2,20.0,12.3,1
433,Engineering Fundamentals,MIDTERM,50.0,26.7,1
433,Engineering Fundamentals,FINAL,100.0,42.1,1
434,Programming,TEST1,20.0,12.9,1
434,Programming,TEST2,20.0,12.1,1
434,Programming,MIDTERM,50.0,22.0,1
434,Programming,FINAL,100.0,35.0,1
434,Electronics,TEST1,20.0,11.4,1
434,Electronics,TEST2,20.0,8.4,1
434,Electronics,MIDTERM,50.0,16.8,1
434,Electronics,FINAL,100.0,12.4,1
434,Engineering Fundamentals,TEST1,20.0,13.3,1
434,Engineering Fundamentals,TEST2,20.0,10.7,1
434,Engineering Fundamentals,MIDTERM,50.0,23.8,1
434,Engineering Fundamentals,FINAL,100.0,32.5,1
434,Data Structures,TEST1,20.0,13.3,1
434,Data Structures,TEST2,20.0,13.0,1
434,Data Structures,MIDTERM,50.0,22.3,1
434,Data Structures,FINAL,100.0,42.5,1
435,Engineering Fundamentals,TEST1,20.0,18.0,1
435,Engineering Fundamentals,TEST2,20.0,18.3,1
435,Engineering Fundamentals,MIDTERM,50.0,43.6,1
435,Engineering Fundamentals,FINAL,100.0,85.1,1
435,Programming,TEST1,20.0,15.3,1
435,Programming,TEST2,20.0,15.4,1
435,Programming,MIDTERM,50.0,37.2,1
435,Programming,FINAL,100.0,77.9,1
435,Data Structures,TEST1,20.0,13.8,1
435,Data Structures,TEST2,20.0,14.0,1
435,Data Structures,MIDTERM,50.0,34.8,1
435,Data Structures,FINAL,100.0,71.3,1
435,Mathematics,TEST1,20.0,15.4,1
435,Mathematics,TEST2,20.0,15.6,1
435,Mathematics,MIDTERM,50.0,35.1,1
435,Mathematics,FINAL,100.0,72.5,1
436,Engineering Fundamentals,TEST1,20.0,13.7,1
436,Engineering Fundamentals,TEST2,20.0,14.1,1
436,Engineering Fundamentals,MIDTERM,50.0,35.1,1
436,Engineering Fundamentals,FINAL,100.0,72.0,1
436,Data Structures,TEST1,20.0,14.7,1
436,Data Structures,TEST2,20.0,12.9,1
436,Data Structures,MIDTERM,50.0,33.7,1
436,Data Structures,FINAL,100.0,69.1,1
436,Communication Skills,TEST1,20.0,16.7,1
436,Communication Skills,TEST2,20.0,15.6,1
436,Communication Skills,MIDTERM,50.0,41.7,1
436,Communication Skills,FINAL,100.0,79.4,1
436,Electronics,TEST1,20.0,14.9,1
436,Electronics,TEST2,20.0,15.0,1
436,Electronics,MIDTERM,50.0,36.9,1
436,Electronics,FINAL,100.0,71.3,1
437,Programming,TEST1,20.0,14.3,1
437,Programming,TEST2,20.0,13.9,1
437,Programming,MIDTERM,50.0,36.2,1
437,Programming,FINAL,100.0,72.4,1
437,Data Structures,TEST1,20.0,16.6,1
437,Data Structures,TEST2,20.0,17.8,1
437,Data Structures,MIDTERM,50.0,46.9,1
437,Data Structures,FINAL,100.0,92.8,1
437,Communication Skills,TEST1,20.0,15.8,1
437,Communication Skills,TEST2,20.0,16.0,1
437,Communication Skills,MIDTERM,50.0,40.9,1
437,Communication Skills,FINAL,100.0,80.5,1
437,Engineering Fundamentals,TEST1,20.0,16.3,1
437,Engineering Fundamentals,TEST2,20.0,16.6,1
437,Engineering Fundamentals,MIDTERM,50.0,40.9,1
437,Engineering Fundamentals,FINAL,100.0,87.2,1
438,Mathematics,TEST1,20.0,15.2,1
438,Mathematics,TEST2,20.0,13.6,1
438,Mathematics,MIDTERM,50.0,26.8,1
438,Mathematics,FINAL,100.0,51.3,1
438,Data Structures,TEST1,20.0,15.8,1
438,Data Structures,TEST2,20.0,12.8,1
438,Data Structures,MIDTERM,50.0,33.2,1
438,Data Structures,FINAL,100.0,61.2,1
438,Electronics,TEST1,20.0,16.1,1
438,Electronics,TEST2,20.0,15.2,1
438,Electronics,MIDTERM,50.0,33.5,1
438,Electronics,FINAL,100.0,63.1,1
438,Communication Skills,TEST1,20.0,15.0,1
438,Communication Skills,TEST2,20.0,13.9,1
438,Communication Skills,MIDTERM,50.0,26.6,1
438,Communication Skills,FINAL,100.0,48.0,1
439,Communication Skills,TEST1,20.0,12.2,1
439,Communication Skills,TEST2,20.0,9.3,1
439,Communication Skills,MIDTERM,50.0,18.7,1
439,Communication Skills,FINAL,100.0,23.2,1
439,Mathematics,TEST1,20.0,14.0,1
439,Mathematics,TEST2,20.0,13.1,1
439,Mathematics,MIDTERM,50.0,25.2,1
439,Mathematics,FINAL,100.0,37.4,1
439,Data Structures,TEST1,20.0,13.6,1
439,Data Structures,TEST2,20.0,11.4,1
439,Data Structures,MIDTERM,50.0,18.9,1
439,Data Structures,FINAL,100.0,27.1,1
439,Programming,TEST1,20.0,14.0,1
439,Programming,TEST2,20.0,11.3,1
439,Programming,MIDTERM,50.0,20.9,1
439,Programming,FINAL,100.0,30.1,1
440,Data Structures,TEST1,20.0,14.4,1
440,Data Structures,TEST2,20.0,13.3,1
440,Data Structures,MIDTERM,50.0,28.9,1
440,Data Structures,FINAL,100.0,49.7,1
440,Electronics,TEST1,20.0,15.6,1
440,Electronics,TEST2,20.0,14.2,1
440,Electronics,MIDTERM,50.0,30.4,1
440,Electronics,FINAL,100.0,53.3,1
440,Programming,TEST1,20.0,15.1,1
440,Programming,TEST2,20.0,14.6,1
440,Programming,MIDTERM,50.0,34.1,1
440,Programming,FINAL,100.0,55.0,1
440,Mathematics,TEST1,20.0,14.1,1
440,Mathematics,TEST2,20.0,13.7,1
440,Mathematics,MIDTERM,50.0,30.2,1
440,Mathematics,FINAL,100.0,57.3,1
441,Engineering Fundamentals,TEST1,20.0,12.4,1
441,Engineering Fundamentals,TEST2,20.0,10.5,1
441,Engineering Fundamentals,MIDTERM,50.0,19.8,1
441,Engineering Fundamentals,FINAL,100.0,23.0,1
441,Communication Skills,TEST1,20.0,14.4,1
441,Communication Skills,TEST2,20.0,11.4,1
441,Communication Skills,MIDTERM,50.0,20.1,1
441,Communication Skills,FINAL,100.0,36.6,1
441,Data Structures,TEST1,20.0,13.6,1
441,Data Structures,TEST2,20.0,13.1,1
441,Data Structures,MIDTERM,50.0,25.4,1
441,Data Structures,FINAL,100.0,37.4,1
441,Programming,TEST1,20.0,13.0,1
441,Programming,TEST2,20.0,11.5,1
441,Programming,MIDTERM,50.0,19.9,1
441,Programming,FINAL,100.0,27.4,1
442,Programming,TEST1,20.0,13.3,1
442,Programming,TEST2,20.0,14.1,1
442,Programming,MIDTERM,50.0,33.1,1
442,Programming,FINAL,100.0,65.8,1
442,Communication Skills,TEST1,20.0,15.9,1
442,Communication Skills,TEST2,20.0,16.1,1
442,Communication Skills,MIDTERM,50.0,40.5,1
442,Communication Skills,FINAL,100.0,75.8,1
442,Electronics,TEST1,20.0,16.8,1
442,Electronics,TEST2,20.0,16.2,1
442,Electronics,MIDTERM,50.0,40.6,1
442,Electronics,FINAL,100.0,83.7,1
442,Engineering Fundamentals,TEST1,20.0,16.8,1
442,Engineering Fundamentals,TEST2,20.0,18.1,1
442,Engineering Fundamentals,MIDTERM,50.0,44.2,1
442,Engineering Fundamentals,FINAL,100.0,87.8,1
443,Programming,TEST1,20.0,13.1,1
443,Programming,TEST2,20.0,9.2,1
443,Programming,MIDTERM,50.0,15.4,1
443,Programming,FINAL,100.0,11.7,1
443,Mathematics,TEST1,20.0,14.6,1
443,Mathematics,TEST2,20.0,11.4,1
443,Mathematics,MIDTERM,50.0,25.7,1
443,Mathematics,FINAL,100.0,25.0,1
443,Electronics,TEST1,20.0,12.8,1
443,Electronics,TEST2,20.0,10.4,1
443,Electronics,MIDTERM,50.0,23.4,1
443,Electronics,FINAL,100.0,33.3,1
443,Engineering Fundamentals,TEST1,20.0,14.3,1
443,Engineering Fundamentals,TEST2,20.0,12.2,1
443,Engineering Fundamentals,MIDTERM,50.0,24.6,1
443,Engineering Fundamentals,FINAL,100.0,39.8,1
444,Electronics,TEST1,20.0,16.9,1
444,Electronics,TEST2,20.0,17.0,1
444,Electronics,MIDTERM,50.0,46.3,1
444,Electronics,FINAL,100.0,82.0,1
444,Programming,TEST1,20.0,15.5,1
444,Programming,TEST2,20.0,16.0,1
444,Programming,MIDTERM,50.0,42.0,1
444,Programming,FINAL,100.0,82.1,1
444,Data Structures,TEST1,20.0,17.0,1
444,Data Structures,TEST2,20.0,16.9,1
444,Data Structures,MIDTERM,50.0,40.8,1
444,Data Structures,FINAL,100.0,81.7,1
444,Communication Skills,TEST1,20.0,13.4,1
444,Communication Skills,TEST2,20.0,14.3,1
444,Communication Skills,MIDTERM,50.0,35.3,1
444,Communication Skills,FINAL,100.0,64.1,1
445,Mathematics,TEST1,20.0,19.5,1
445,Mathematics,TEST2,20.0,16.0,1
445,Mathematics,MIDTERM,50.0,43.9,1
445,Mathematics,FINAL,100.0,86.8,1
445,Electronics,TEST1,20.0,17.2,1
445,Electronics,TEST2,20.0,16.9,1
445,Electronics,MIDTERM,50.0,43.0,1
445,Electronics,FINAL,100.0,87.6,1
445,Engineering Fundamentals,TEST1,20.0,15.4,1
445,Engineering Fundamentals,TEST2,20.0,17.3,1
445,Engineering Fundamentals,MIDTERM,50.0,39.0,1
445,Engineering Fundamentals,FINAL,100.0,78.2,1
445,Programming,TEST1,20.0,14.5,1
445,Programming,TEST2,20.0,13.2,1
445,Programming,MIDTERM,50.0,34.6,1
445,Programming,FINAL,100.0,69.0,1
446,Engineering Fundamentals,TEST1,20.0,12.2,1
446,Engineering Fundamentals,TEST2,20.0,9.3,1
446,Engineering Fundamentals,MIDTERM,50.0,16.5,1
446,Engineering Fundamentals,FINAL,100.0,14.7,1
446,Electronics,TEST1,20.0,14.4,1
446,Electronics,TEST2,20.0,12.4,1
446,Electronics,MIDTERM,50.0,24.5,1
446,Electronics,FINAL,100.0,36.6,1
446,Programming,TEST1,20.0,13.2,1
446,Programming,TEST2,20.0,10.1,1
446,Programming,MIDTERM,50.0,21.4,1
446,Programming,FINAL,100.0,33.0,1
446,Data Structures,TEST1,20.0,13.9,1
446,Data Structures,TEST2,20.0,12.0,1
446,Data Structures,MIDTERM,50.0,20.1,1
446,Data Structures,FINAL,100.0,31.4,1
447,Electronics,TEST1,20.0,16.1,1
447,Electronics,TEST2,20.0,16.3,1
447,Electronics,MIDTERM,50.0,40.8,1
447,Electronics,FINAL,100.0,80.6,1
447,Programming,TEST1,20.0,14.0,1
447,Programming,TEST2,20.0,13.5,1
447,Programming,MIDTERM,50.0,32.8,1
447,Programming,FINAL,100.0,69.8,1
447,Engineering Fundamentals,TEST1,20.0,14.2,1
447,Engineering Fundamentals,TEST2,20.0,14.6,1
447,Engineering Fundamentals,MIDTERM,50.0,36.1,1
447,Engineering Fundamentals,FINAL,100.0,81.5,1
447,Data Structures,TEST1,20.0,16.7,1
447,Data Structures,TEST2,20.0,16.3,1
447,Data Structures,MIDTERM,50.0,42.2,1
447,Data Structures,FINAL,100.0,80.5,1
448,Engineering Fundamentals,TEST1,20.0,16.0,1
448,Engineering Fundamentals,TEST2,20.0,13.8,1
448,Engineering Fundamentals,MIDTERM,50.0,36.1,1
448,Engineering Fundamentals,FINAL,100.0,60.6,1
448,Communication Skills,TEST1,20.0,14.2,1
448,Communication Skills,TEST2,20.0,11.9,1
448,Communication Skills,MIDTERM,50.0,28.4,1
448,Communication Skills,FINAL,100.0,46.1,1
448,Electronics,TEST1,20.0,14.7,1
448,Electronics,TEST2,20.0,11.9,1
448,Electronics,MIDTERM,50.0,31.8,1
448,Electronics,FINAL,100.0,58.4,1
448,Mathematics,TEST1,20.0,15.8,1
448,Mathematics,TEST2,20.0,13.4,1
448,Mathematics,MIDTERM,50.0,27.7,1
448,Mathematics,FINAL,100.0,57.1,1
449,Programming,TEST1,20.0,14.2,1
449,Programming,TEST2,20.0,14.5,1
449,Programming,MIDTERM,50.0,35.7,1
449,Programming,FINAL,100.0,70.8,1
449,Communication Skills,TEST1,20.0,16.0,1
449,Communication Skills,TEST2,20.0,16.6,1
449,Communication Skills,MIDTERM,50.0,39.5,1
449,Communication Skills,FINAL,100.0,82.0,1
449,Data Structures,TEST1,20.0,17.3,1
449,Data Structures,TEST2,20.0,15.4,1
449,Data Structures,MIDTERM,50.0,38.5,1
449,Data Structures,FINAL,100.0,80.6,1
449,Electronics,TEST1,20.0,16.7,1
449,Electronics,TEST2,20.0,16.2,1
449,Electronics,MIDTERM,50.0,43.0,1
449,Electronics,FINAL,100.0,78.8,1
450,Mathematics,TEST1,20.0,13.6,1
450,Mathematics,TEST2,20.0,13.3,1
450,Mathematics,MIDTERM,50.0,30.9,1
450,Mathematics,FINAL,100.0,48.7,1
450,Engineering Fundamentals,TEST1,20.0,16.2,1
450,Engineering Fundamentals,TEST2,20.0,13.6,1
450,Engineering Fundamentals,MIDTERM,50.0,29.5,1
450,Engineering Fundamentals,FINAL,100.0,53.4,1
450,Data Structures,TEST1,20.0,15.5,1
450,Data Structures,TEST2,20.0,13.6,1
450,Data Structures,MIDTERM,50.0,28.5,1
450,Data Structures,FINAL,100.0,49.3,1
450,Electronics,TEST1,20.0,14.7,1
450,Electronics,TEST2,20.0,12.9,1
450,Electronics,MIDTERM,50.0,26.6,1
450,Electronics,FINAL,100.0,45.8,1
451,Engineering Fundamentals,TEST1,20.0,13.5,1
451,Engineering Fundamentals,TEST2,20.0,14.5,1
451,Engineering Fundamentals,MIDTERM,50.0,38.4,1
451,Engineering Fundamentals,FINAL,100.0,73.4,1
451,Programming,TEST1,20.0,17.4,1
451,Programming,TEST2,20.0,16.7,1
451,Programming,MIDTERM,50.0,42.6,1
451,Programming,FINAL,100.0,82.2,1
451,Data Structures,TEST1,20.0,15.9,1
451,Data Structures,TEST2,20.0,15.6,1
451,Data Structures,MIDTERM,50.0,39.8,1
451,Data Structures,FINAL,100.0,83.3,1
451,Mathematics,TEST1,20.0,16.5,1
451,Mathematics,TEST2,20.0,16.7,1
451,Mathematics,MIDTERM,50.0,41.6,1
451,Mathematics,FINAL,100.0,82.3,1
452,Programming,TEST1,20.0,13.5,1
452,Programming,TEST2,20.0,11.1,1
452,Programming,MIDTERM,50.0,23.0,1
452,Programming,FINAL,100.0,34.3,1
452,Communication Skills,TEST1,20.0,11.8,1
452,Communication Skills,TEST2,20.0,10.5,1
452,Communication Skills,MIDTERM,50.0,18.1,1
452,Communication Skills,FINAL,100.0,18.4,1
452,Data Structures,TEST1,20.0,11.9,1
452,Data Structures,TEST2,20.0,10.4,1
452,Data Structures,MIDTERM,50.0,21.3,1
452,Data Structures,FINAL,100.0,26.1,1
452,Electronics,TEST1,20.0,12.8,1
452,Electronics,TEST2,20.0,11.1,1
452,Electronics,MIDTERM,50.0,19.4,1
452,Electronics,FINAL,100.0,32.4,1
453,Electronics,TEST1,20.0,14.0,1
453,Electronics,TEST2,20.0,10.4,1
453,Electronics,MIDTERM,50.0,19.2,1
453,Electronics,FINAL,100.0,25.0,1
453,Data Structures,TEST1,20.0,12.4,1
453,Data Structures,TEST2,20.0,10.2,1
453,Data Structures,MIDTERM,50.0,14.9,1
453,Data Structures,FINAL,100.0,24.0,1
453,Programming,TEST1,20.0,14.4,1
453,Programming,TEST2,20.0,11.0,1
453,Programming,MIDTERM,50.0,22.8,1
453,Programming,FINAL,100.0,27.3,1
453,Engineering Fundamentals,TEST1,20.0,13.7,1
453,Engineering Fundamentals,TEST2,20.0,10.7,1
453,Engineering Fundamentals,MIDTERM,50.0,18.3,1
453,Engineering Fundamentals,FINAL,100.0,24.5,1
454,Mathematics,TEST1,20.0,15.3,1
454,Mathematics,TEST2,20.0,14.3,1
454,Mathematics,MIDTERM,50.0,41.3,1
454,Mathematics,FINAL,100.0,73.5,1
454,Programming,TEST1,20.0,15.9,1
454,Programming,TEST2,20.0,15.4,1
454,Programming,MIDTERM,50.0,38.4,1
454,Programming,FINAL,100.0,77.4,1
454,Communication Skills,TEST1,20.0,13.3,1
454,Communication Skills,TEST2,20.0,13.8,1
454,Communication Skills,MIDTERM,50.0,34.9,1
454,Communication Skills,FINAL,100.0,75.5,1
454,Engineering Fundamentals,TEST1,20.0,14.0,1
454,Engineering Fundamentals,TEST2,20.0,15.3,1
454,Engineering Fundamentals,MIDTERM,50.0,36.2,1
454,Engineering Fundamentals,FINAL,100.0,82.7,1
455,Mathematics,TEST1,20.0,15.4,1
455,Mathematics,TEST2,20.0,16.3,1
455,Mathematics,MIDTERM,50.0,42.6,1
455,Mathematics,FINAL,100.0,80.1,1
455,Engineering Fundamentals,TEST1,20.0,14.0,1
455,Engineering Fundamentals,TEST2,20.0,14.5,1
455,Engineering Fundamentals,MIDTERM,50.0,36.1,1
455,Engineering Fundamentals,FINAL,100.0,72.0,1
455,Electronics,TEST1,20.0,15.6,1
455,Electronics,TEST2,20.0,14.0,1
455,Electronics,MIDTERM,50.0,35.6,1
455,Electronics,FINAL,100.0,76.8,1
455,Programming,TEST1,20.0,17.4,1
455,Programming,TEST2,20.0,17.2,1
455,Programming,MIDTERM,50.0,45.0,1
455,Programming,FINAL,100.0,91.9,1
456,Programming,TEST1,20.0,13.9,1
456,Programming,TEST2,20.0,15.0,1
456,Programming,MIDTERM,50.0,32.9,1
456,Programming,FINAL,100.0,70.4,1
456,Mathematics,TEST1,20.0,15.9,1
456,Mathematics,TEST2,20.0,16.1,1
456,Mathematics,MIDTERM,50.0,37.3,1
456,Mathematics,FINAL,100.0,77.1,1
456,Electronics,TEST1,20.0,16.4,1
456,Electronics,TEST2,20.0,18.1,1
456,Electronics,MIDTERM,50.0,45.0,1
456,Electronics,FINAL,100.0,89.9,1
456,Communication Skills,TEST1,20.0,16.7,1
456,Communication Skills,TEST2,20.0,15.9,1
456,Communication Skills,MIDTERM,50.0,39.4,1
456,Communication Skills,FINAL,100.0,84.7,1
457,Communication Skills,TEST1,20.0,13.6,1
457,Communication Skills,TEST2,20.0,13.5,1
457,Communication Skills,MIDTERM,50.0,33.4,1
457,Communication Skills,FINAL,100.0,62.4,1
457,Programming,TEST1,20.0,15.4,1
457,Programming,TEST2,20.0,15.3,1
457,Programming,MIDTERM,50.0,37.4,1
457,Programming,FINAL,100.0,71.3,1
457,Electronics,TEST1,20.0,13.7,1
457,Electronics,TEST2,20.0,14.2,1
457,Electronics,MIDTERM,50.0,32.7,1
457,Electronics,FINAL,100.0,64.6,1
457,Data Structures,TEST1,20.0,12.9,1
457,Data Structures,TEST2,20.0,14.2,1
457,Data Structures,MIDTERM,50.0,31.1,1
457,Data Structures,FINAL,100.0,63.6,1
458,Mathematics,TEST1,20.0,9.6,1
458,Mathematics,TEST2,20.0,12.4,1
458,Mathematics,MIDTERM,50.0,36.4,1
458,Mathematics,FINAL,100.0,80.2,1
458,Engineering Fundamentals,TEST1,20.0,8.3,1
458,Engineering Fundamentals,TEST2,20.0,10.8,1
458,Engineering Fundamentals,MIDTERM,50.0,32.7,1
458,Engineering Fundamentals,FINAL,100.0,77.5,1
458,Electronics,TEST1,20.0,9.0,1
458,Electronics,TEST2,20.0,13.1,1
458,Electronics,MIDTERM,50.0,38.9,1
458,Electronics,FINAL,100.0,85.3,1
458,Communication Skills,TEST1,20.0,9.4,1
458,Communication Skills,TEST2,20.0,12.1,1
458,Communication Skills,MIDTERM,50.0,37.4,1
458,Communication Skills,FINAL,100.0,74.2,1
459,Engineering Fundamentals,TEST1,20.0,12.0,1
459,Engineering Fundamentals,TEST2,20.0,10.8,1
459,Engineering Fundamentals,MIDTERM,50.0,16.8,1
459,Engineering Fundamentals,FINAL,100.0,19.0,1
459,Data Structures,TEST1,20.0,14.1,1
459,Data Structures,TEST2,20.0,11.7,1
459,Data Structures,MIDTERM,50.0,23.4,1
459,Data Structures,FINAL,100.0,36.5,1
459,Communication Skills,TEST1,20.0,15.4,1
459,Communication Skills,TEST2,20.0,11.3,1
459,Communication Skills,MIDTERM,50.0,21.3,1
459,Communication Skills,FINAL,100.0,27.7,1
459,Mathematics,TEST1,20.0,14.2,1
459,Mathematics,TEST2,20.0,9.6,1
459,Mathematics,MIDTERM,50.0,20.5,1
459,Mathematics,FINAL,100.0,22.3,1
460,Mathematics,TEST1,20.0,14.0,1
460,Mathematics,TEST2,20.0,12.1,1
460,Mathematics,MIDTERM,50.0,27.1,1
460,Mathematics,FINAL,100.0,53.8,1
460,Electronics,TEST1,20.0,14.8,1
460,Electronics,TEST2,20.0,13.7,1
460,Electronics,MIDTERM,50.0,31.8,1
460,Electronics,FINAL,100.0,63.0,1
460,Data Structures,TEST1,20.0,14.4,1
460,Data Structures,TEST2,20.0,13.5,1
460,Data Structures,MIDTERM,50.0,30.4,1
460,Data Structures,FINAL,100.0,52.9,1
460,Communication Skills,TEST1,20.0,15.4,1
460,Communication Skills,TEST2,20.0,13.4,1
460,Communication Skills,MIDTERM,50.0,32.1,1
460,Communication Skills,FINAL,100.0,51.4,1
461,Engineering Fundamentals,TEST1,20.0,14.3,1
461,Engineering Fundamentals,TEST2,20.0,13.7,1
461,Engineering Fundamentals,MIDTERM,50.0,28.3,1
461,Engineering Fundamentals,FINAL,100.0,47.1,1
461,Data Structures,TEST1,20.0,14.2,1
461,Data Structures,TEST2,20.0,13.4,1
461,Data Structures,MIDTERM,50.0,27.9,1
461,Data Structures,FINAL,100.0,52.3,1
461,Programming,TEST1,20.0,13.5,1
461,Programming,TEST2,20.0,12.3,1
461,Programming,MIDTERM,50.0,25.2,1
461,Programming,FINAL,100.0,42.6,1
461,Electronics,TEST1,20.0,13.7,1
461,Electronics,TEST2,20.0,12.4,1
461,Electronics,MIDTERM,50.0,29.4,1
461,Electronics,FINAL,100.0,49.2,1
462,Mathematics,TEST1,20.0,16.8,1
462,Mathematics,TEST2,20.0,17.3,1
462,Mathematics,MIDTERM,50.0,42.3,1
462,Mathematics,FINAL,100.0,80.0,1
462,Engineering Fundamentals,TEST1,20.0,14.0,1
462,Engineering Fundamentals,TEST2,20.0,14.8,1
462,Engineering Fundamentals,MIDTERM,50.0,37.8,1
462,Engineering Fundamentals,FINAL,100.0,77.0,1
462,Data Structures,TEST1,20.0,15.9,1
462,Data Structures,TEST2,20.0,16.4,1
462,Data Structures,MIDTERM,50.0,39.5,1
462,Data Structures,FINAL,100.0,84.6,1
462,Programming,TEST1,20.0,14.6,1
462,Programming,TEST2,20.0,14.6,1
462,Programming,MIDTERM,50.0,36.4,1
462,Programming,FINAL,100.0,62.7,1
463,Programming,TEST1,20.0,17.0,1
463,Programming,TEST2,20.0,16.7,1
463,Programming,MIDTERM,50.0,44.9,1
463,Programming,FINAL,100.0,82.3,1
463,Mathematics,TEST1,20.0,15.0,1
463,Mathematics,TEST2,20.0,15.6,1
463,Mathematics,MIDTERM,50.0,35.8,1
463,Mathematics,FINAL,100.0,73.6,1
463,Data Structures,TEST1,20.0,15.3,1
463,Data Structures,TEST2,20.0,15.2,1
463,Data Structures,MIDTERM,50.0,41.9,1
463,Data Structures,FINAL,100.0,81.0,1
463,Engineering Fundamentals,TEST1,20.0,15.9,1
463,Engineering Fundamentals,TEST2,20.0,15.2,1
463,Engineering Fundamentals,MIDTERM,50.0,36.0,1
463,Engineering Fundamentals,FINAL,100.0,62.7,1
464,Engineering Fundamentals,TEST1,20.0,14.5,1
464,Engineering Fundamentals,TEST2,20.0,14.6,1
464,Engineering Fundamentals,MIDTERM,50.0,37.9,1
464,Engineering Fundamentals,FINAL,100.0,69.9,1
464,Data Structures,TEST1,20.0,14.8,1
464,Data Structures,TEST2,20.0,16.0,1
464,Data Structures,MIDTERM,50.0,41.1,1
464,Data Structures,FINAL,100.0,77.8,1
464,Communication Skills,TEST1,20.0,16.7,1
464,Communication Skills,TEST2,20.0,17.7,1
464,Communication Skills,MIDTERM,50.0,43.9,1
464,Communication Skills,FINAL,100.0,90.0,1
464,Mathematics,TEST1,20.0,15.4,1
464,Mathematics,TEST2,20.0,15.4,1
464,Mathematics,MIDTERM,50.0,40.0,1
464,Mathematics,FINAL,100.0,80.1,1
465,Engineering Fundamentals,TEST1,20.0,13.0,1
465,Engineering Fundamentals,TEST2,20.0,12.6,1
465,Engineering Fundamentals,MIDTERM,50.0,23.5,1
465,Engineering Fundamentals,FINAL,100.0,38.0,1
465,Electronics,TEST1,20.0,14.8,1
465,Electronics,TEST2,20.0,13.9,1
465,Electronics,MIDTERM,50.0,31.7,1
465,Electronics,FINAL,100.0,56.4,1
465,Programming,TEST1,20.0,15.0,1
465,Programming,TEST2,20.0,13.9,1
465,Programming,MIDTERM,50.0,27.1,1
465,Programming,FINAL,100.0,53.5,1
465,Data Structures,TEST1,20.0,14.5,1
465,Data Structures,TEST2,20.0,12.7,1
465,Data Structures,MIDTERM,50.0,27.6,1
465,Data Structures,FINAL,100.0,43.7,1
466,Communication Skills,TEST1,20.0,14.0,1
466,Communication Skills,TEST2,20.0,12.5,1
466,Communication Skills,MIDTERM,50.0,32.4,1
466,Communication Skills,FINAL,100.0,58.0,1
466,Mathematics,TEST1,20.0,15.9,1
466,Mathematics,TEST2,20.0,14.9,1
466,Mathematics,MIDTERM,50.0,31.2,1
466,Mathematics,FINAL,100.0,57.9,1
466,Programming,TEST1,20.0,16.4,1
466,Programming,TEST2,20.0,15.1,1
466,Programming,MIDTERM,50.0,33.5,1
466,Programming,FINAL,100.0,53.1,1
466,Engineering Fundamentals,TEST1,20.0,14.6,1
466,Engineering Fundamentals,TEST2,20.0,13.6,1
466,Engineering Fundamentals,MIDTERM,50.0,31.2,1
466,Engineering Fundamentals,FINAL,100.0,54.3,1
467,Communication Skills,TEST1,20.0,16.2,1
467,Communication Skills,TEST2,20.0,13.2,1
467,Communication Skills,MIDTERM,50.0,32.1,1
467,Communication Skills,FINAL,100.0,52.4,1
467,Engineering Fundamentals,TEST1,20.0,14.8,1
467,Engineering Fundamentals,TEST2,20.0,13.0,1
467,Engineering Fundamentals,MIDTERM,50.0,29.0,1
467,Engineering Fundamentals,FINAL,100.0,55.3,1
467,Electronics,TEST1,20.0,13.6,1
467,Electronics,TEST2,20.0,14.4,1
467,Electronics,MIDTERM,50.0,26.0,1
467,Electronics,FINAL,100.0,52.2,1
467,Data Structures,TEST1,20.0,13.5,1
467,Data Structures,TEST2,20.0,12.8,1
467,Data Structures,MIDTERM,50.0,29.3,1
467,Data Structures,FINAL,100.0,48.9,1
468,Data Structures,TEST1,20.0,15.1,1
468,Data Structures,TEST2,20.0,15.3,1
468,Data Structures,MIDTERM,50.0,37.8,1
468,Data Structures,FINAL,100.0,76.7,1
468,Engineering Fundamentals,TEST1,20.0,17.4,1
468,Engineering Fundamentals,TEST2,20.0,16.3,1
468,Engineering Fundamentals,MIDTERM,50.0,41.9,1
468,Engineering Fundamentals,FINAL,100.0,76.5,1
468,Electronics,TEST1,20.0,14.3,1
468,Electronics,TEST2,20.0,14.5,1
468,Electronics,MIDTERM,50.0,33.8,1
468,Electronics,FINAL,100.0,66.9,1
468,Communication Skills,TEST1,20.0,14.8,1
468,Communication Skills,TEST2,20.0,15.1,1
468,Communication Skills,MIDTERM,50.0,37.6,1
468,Communication Skills,FINAL,100.0,81.7,1
469,Communication Skills,TEST1,20.0,16.1,1
469,Communication Skills,TEST2,20.0,15.2,1
469,Communication Skills,MIDTERM,50.0,40.0,1
469,Communication Skills,FINAL,100.0,86.0,1
469,Electronics,TEST1,20.0,16.6,1
469,Electronics,TEST2,20.0,16.9,1
469,Electronics,MIDTERM,50.0,39.2,1
469,Electronics,FINAL,100.0,88.3,1
469,Engineering Fundamentals,TEST1,20.0,14.2,1
469,Engineering Fundamentals,TEST2,20.0,14.6,1
469,Engineering Fundamentals,MIDTERM,50.0,35.4,1
469,Engineering Fundamentals,FINAL,100.0,73.1,1
469,Programming,TEST1,20.0,16.0,1
469,Programming,TEST2,20.0,16.5,1
469,Programming,MIDTERM,50.0,44.1,1
469,Programming,FINAL,100.0,84.0,1
470,Engineering Fundamentals,TEST1,20.0,14.9,1
470,Engineering Fundamentals,TEST2,20.0,13.8,1
470,Engineering Fundamentals,MIDTERM,50.0,26.9,1
470,Engineering Fundamentals,FINAL,100.0,48.6,1
470,Programming,TEST1,20.0,14.9,1
470,Programming,TEST2,20.0,15.1,1
470,Programming,MIDTERM,50.0,31.6,1
470,Programming,FINAL,100.0,50.2,1
470,Communication Skills,TEST1,20.0,15.2,1
470,Communication Skills,TEST2,20.0,14.0,1
470,Communication Skills,MIDTERM,50.0,31.4,1
470,Communication Skills,FINAL,100.0,55.6,1
470,Data Structures,TEST1,20.0,15.2,1
470,Data Structures,TEST2,20.0,13.1,1
470,Data Structures,MIDTERM,50.0,30.4,1
470,Data Structures,FINAL,100.0,57.8,1
471,Mathematics,TEST1,20.0,9.8,1
471,Mathematics,TEST2,20.0,10.3,1
471,Mathematics,MIDTERM,50.0,32.3,1
471,Mathematics,FINAL,100.0,74.8,1
471,Communication Skills,TEST1,20.0,10.0,1
471,Communication Skills,TEST2,20.0,12.2,1
471,Communication Skills,MIDTERM,50.0,37.1,1
471,Communication Skills,FINAL,100.0,81.0,1
471,Programming,TEST1,20.0,10.5,1
471,Programming,TEST2,20.0,12.7,1
471,Programming,MIDTERM,50.0,35.4,1
471,Programming,FINAL,100.0,77.1,1
471,Data Structures,TEST1,20.0,9.5,1
471,Data Structures,TEST2,20.0,11.5,1
471,Data Structures,MIDTERM,50.0,33.7,1
471,Data Structures,FINAL,100.0,76.2,1
472,Data Structures,TEST1,20.0,9.7,1
472,Data Structures,TEST2,20.0,11.7,1
472,Data Structures,MIDTERM,50.0,35.1,1
472,Data Structures,FINAL,100.0,79.3,1
472,Programming,TEST1,20.0,9.6,1
472,Programming,TEST2,20.0,11.6,1
472,Programming,MIDTERM,50.0,37.1,1
472,Programming,FINAL,100.0,85.6,1
472,Communication Skills,TEST1,20.0,8.1,1
472,Communication Skills,TEST2,20.0,11.3,1
472,Communication Skills,MIDTERM,50.0,34.3,1
472,Communication Skills,FINAL,100.0,68.7,1
472,Engineering Fundamentals,TEST1,20.0,9.8,1
472,Engineering Fundamentals,TEST2,20.0,13.0,1
472,Engineering Fundamentals,MIDTERM,50.0,37.8,1
472,Engineering Fundamentals,FINAL,100.0,80.8,1
473,Mathematics,TEST1,20.0,15.3,1
473,Mathematics,TEST2,20.0,15.4,1
473,Mathematics,MIDTERM,50.0,39.1,1
473,Mathematics,FINAL,100.0,70.7,1
473,Communication Skills,TEST1,20.0,14.5,1
473,Communication Skills,TEST2,20.0,15.1,1
473,Communication Skills,MIDTERM,50.0,39.4,1
473,Communication Skills,FINAL,100.0,83.2,1
473,Engineering Fundamentals,TEST1,20.0,14.2,1
473,Engineering Fundamentals,TEST2,20.0,14.4,1
473,Engineering Fundamentals,MIDTERM,50.0,35.3,1
473,Engineering Fundamentals,FINAL,100.0,66.8,1
473,Data Structures,TEST1,20.0,14.0,1
473,Data Structures,TEST2,20.0,14.1,1
473,Data Structures,MIDTERM,50.0,35.9,1
473,Data Structures,FINAL,100.0,71.8,1
474,Data Structures,TEST1,20.0,14.7,1
474,Data Structures,TEST2,20.0,15.4,1
474,Data Structures,MIDTERM,50.0,37.8,1
474,Data Structures,FINAL,100.0,75.9,1
474,Programming,TEST1,20.0,13.5,1
474,Programming,TEST2,20.0,12.6,1
474,Programming,MIDTERM,50.0,32.0,1
474,Programming,FINAL,100.0,65.4,1
474,Mathematics,TEST1,20.0,15.0,1
474,Mathematics,TEST2,20.0,14.9,1
474,Mathematics,MIDTERM,50.0,36.0,1
474,Mathematics,FINAL,100.0,71.0,1
474,Electronics,TEST1,20.0,14.8,1
474,Electronics,TEST2,20.0,14.9,1
474,Electronics,MIDTERM,50.0,33.8,1
474,Electronics,FINAL,100.0,70.7,1
475,Electronics,TEST1,20.0,14.2,1
475,Electronics,TEST2,20.0,13.0,1
475,Electronics,MIDTERM,50.0,34.9,1
475,Electronics,FINAL,100.0,70.4,1
475,Data Structures,TEST1,20.0,13.8,1
475,Data Structures,TEST2,20.0,15.5,1
475,Data Structures,MIDTERM,50.0,37.4,1
475,Data Structures,FINAL,100.0,72.9,1
475,Engineering Fundamentals,TEST1,20.0,18.3,1
475,Engineering Fundamentals,TEST2,20.0,17.1,1
475,Engineering Fundamentals,MIDTERM,50.0,43.3,1
475,Engineering Fundamentals,FINAL,100.0,86.0,1
475,Communication Skills,TEST1,20.0,16.1,1
475,Communication Skills,TEST2,20.0,15.3,1
475,Communication Skills,MIDTERM,50.0,39.0,1
475,Communication Skills,FINAL,100.0,77.8,1
476,Communication Skills,TEST1,20.0,18.0,1
476,Communication Skills,TEST2,20.0,17.2,1
476,Communication Skills,MIDTERM,50.0,43.4,1
476,Communication Skills,FINAL,100.0,90.5,1
476,Mathematics,TEST1,20.0,17.7,1
476,Mathematics,TEST2,20.0,17.5,1
476,Mathematics,MIDTERM,50.0,44.9,1
476,Mathematics,FINAL,100.0,90.1,1
476,Engineering Fundamentals,TEST1,20.0,14.3,1
476,Engineering Fundamentals,TEST2,20.0,14.8,1
476,Engineering Fundamentals,MIDTERM,50.0,39.3,1
476,Engineering Fundamentals,FINAL,100.0,76.2,1
476,Programming,TEST1,20.0,16.1,1
476,Programming,TEST2,20.0,16.4,1
476,Programming,MIDTERM,50.0,39.0,1
476,Programming,FINAL,100.0,76.3,1
477,Electronics,TEST1,20.0,11.0,1
477,Electronics,TEST2,20.0,12.3,1
477,Electronics,MIDTERM,50.0,37.9,1
477,Electronics,FINAL,100.0,83.4,1
477,Programming,TEST1,20.0,10.7,1
477,Programming,TEST2,20.0,12.9,1
477,Programming,MIDTERM,50.0,38.7,1
477,Programming,FINAL,100.0,86.4,1
477,Mathematics,TEST1,20.0,11.4,1
477,Mathematics,TEST2,20.0,11.9,1
477,Mathematics,MIDTERM,50.0,34.4,1
477,Mathematics,FINAL,100.0,82.2,1
477,Communication Skills,TEST1,20.0,8.3,1
477,Communication Skills,TEST2,20.0,11.1,1
477,Communication Skills,MIDTERM,50.0,34.4,1
477,Communication Skills,FINAL,100.0,83.4,1
478,Electronics,TEST1,20.0,13.8,1
478,Electronics,TEST2,20.0,12.6,1
478,Electronics,MIDTERM,50.0,33.0,1
478,Electronics,FINAL,100.0,58.7,1
478,Data Structures,TEST1,20.0,15.9,1
478,Data Structures,TEST2,20.0,14.3,1
478,Data Structures,MIDTERM,50.0,31.3,1
478,Data Structures,FINAL,100.0,56.7,1
478,Communication Skills,TEST1,20.0,15.0,1
478,Communication Skills,TEST2,20.0,14.4,1
478,Communication Skills,MIDTERM,50.0,32.3,1
478,Communication Skills,FINAL,100.0,56.4,1
478,Engineering Fundamentals,TEST1,20.0,14.8,1
478,Engineering Fundamentals,TEST2,20.0,13.6,1
478,Engineering Fundamentals,MIDTERM,50.0,30.0,1
478,Engineering Fundamentals,FINAL,100.0,54.2,1
479,Mathematics,TEST1,20.0,14.4,1
479,Mathematics,TEST2,20.0,15.3,1
479,Mathematics,MIDTERM,50.0,31.9,1
479,Mathematics,FINAL,100.0,53.1,1
479,Data Structures,TEST1,20.0,15.6,1
479,Data Structures,TEST2,20.0,13.6,1
479,Data Structures,MIDTERM,50.0,27.7,1
479,Data Structures,FINAL,100.0,50.1,1
479,Programming,TEST1,20.0,15.2,1
479,Programming,TEST2,20.0,13.0,1
479,Programming,MIDTERM,50.0,30.2,1
479,Programming,FINAL,100.0,50.8,1
479,Communication Skills,TEST1,20.0,14.8,1
479,Communication Skills,TEST2,20.0,13.4,1
479,Communication Skills,MIDTERM,50.0,28.6,1
479,Communication Skills,FINAL,100.0,45.8,1
480,Data Structures,TEST1,20.0,11.1,1
480,Data Structures,TEST2,20.0,12.2,1
480,Data Structures,MIDTERM,50.0,38.2,1
480,Data Structures,FINAL,100.0,89.9,1
480,Electronics,TEST1,20.0,9.1,1
480,Electronics,TEST2,20.0,11.7,1
480,Electronics,MIDTERM,50.0,34.5,1
480,Electronics,FINAL,100.0,78.7,1
480,Communication Skills,TEST1,20.0,9.9,1
480,Communication Skills,TEST2,20.0,11.9,1
480,Communication Skills,MIDTERM,50.0,33.5,1
480,Communication Skills,FINAL,100.0,77.7,1
480,Mathematics,TEST1,20.0,9.6,1
480,Mathematics,TEST2,20.0,12.0,1
480,Mathematics,MIDTERM,50.0,37.0,1
480,Mathematics,FINAL,100.0,76.7,1
481,Mathematics,TEST1,20.0,10.4,1
481,Mathematics,TEST2,20.0,12.3,1
481,Mathematics,MIDTERM,50.0,35.8,1
481,Mathematics,FINAL,100.0,78.7,1
481,Engineering Fundamentals,TEST1,20.0,8.9,1
481,Engineering Fundamentals,TEST2,20.0,9.2,1
481,Engineering Fundamentals,MIDTERM,50.0,29.7,1
481,Engineering Fundamentals,FINAL,100.0,70.4,1
481,Data Structures,TEST1,20.0,8.8,1
481,Data Structures,TEST2,20.0,10.7,1
481,Data Structures,MIDTERM,50.0,33.1,1
481,Data Structures,FINAL,100.0,72.7,1
481,Programming,TEST1,20.0,9.8,1
481,Programming,TEST2,20.0,11.8,1
481,Programming,MIDTERM,50.0,34.2,1
481,Programming,FINAL,100.0,77.6,1
482,Communication Skills,TEST1,20.0,15.9,1
482,Communication Skills,TEST2,20.0,13.2,1
482,Communication Skills,MIDTERM,50.0,35.1,1
482,Communication Skills,FINAL,100.0,64.9,1
482,Engineering Fundamentals,TEST1,20.0,16.8,1
482,Engineering Fundamentals,TEST2,20.0,17.4,1
482,Engineering Fundamentals,MIDTERM,50.0,41.5,1
482,Engineering Fundamentals,FINAL,100.0,78.2,1
482,Mathematics,TEST1,20.0,16.0,1
482,Mathematics,TEST2,20.0,16.1,1
482,Mathematics,MIDTERM,50.0,41.6,1
482,Mathematics,FINAL,100.0,79.7,1
482,Programming,TEST1,20.0,15.2,1
482,Programming,TEST2,20.0,14.7,1
482,Programming,MIDTERM,50.0,34.8,1
482,Programming,FINAL,100.0,69.6,1
483,Mathematics,TEST1,20.0,15.2,1
483,Mathematics,TEST2,20.0,12.6,1
483,Mathematics,MIDTERM,50.0,29.4,1
483,Mathematics,FINAL,100.0,45.2,1
483,Programming,TEST1,20.0,13.4,1
483,Programming,TEST2,20.0,11.3,1
483,Programming,MIDTERM,50.0,25.2,1
483,Programming,FINAL,100.0,48.3,1
483,Communication Skills,TEST1,20.0,13.7,1
483,Communication Skills,TEST2,20.0,13.4,1
483,Communication Skills,MIDTERM,50.0,32.0,1
483,Communication Skills,FINAL,100.0,54.6,1
483,Engineering Fundamentals,TEST1,20.0,16.3,1
483,Engineering Fundamentals,TEST2,20.0,13.0,1
483,Engineering Fundamentals,MIDTERM,50.0,30.3,1
483,Engineering Fundamentals,FINAL,100.0,54.8,1
484,Engineering Fundamentals,TEST1,20.0,15.7,1
484,Engineering Fundamentals,TEST2,20.0,16.4,1
484,Engineering Fundamentals,MIDTERM,50.0,38.2,1
484,Engineering Fundamentals,FINAL,100.0,79.3,1
484,Electronics,TEST1,20.0,13.9,1
484,Electronics,TEST2,20.0,14.6,1
484,Electronics,MIDTERM,50.0,34.7,1
484,Electronics,FINAL,100.0,67.5,1
484,Programming,TEST1,20.0,14.5,1
484,Programming,TEST2,20.0,15.2,1
484,Programming,MIDTERM,50.0,39.1,1
484,Programming,FINAL,100.0,76.7,1
484,Data Structures,TEST1,20.0,17.4,1
484,Data Structures,TEST2,20.0,17.4,1
484,Data Structures,MIDTERM,50.0,43.3,1
484,Data Structures,FINAL,100.0,83.3,1
485,Communication Skills,TEST1,20.0,13.6,1
485,Communication Skills,TEST2,20.0,13.4,1
485,Communication Skills,MIDTERM,50.0,35.8,1
485,Communication Skills,FINAL,100.0,76.1,1
485,Electronics,TEST1,20.0,15.8,1
485,Electronics,TEST2,20.0,16.6,1
485,Electronics,MIDTERM,50.0,42.1,1
485,Electronics,FINAL,100.0,84.2,1
485,Programming,TEST1,20.0,14.8,1
485,Programming,TEST2,20.0,13.5,1
485,Programming,MIDTERM,50.0,36.9,1
485,Programming,FINAL,100.0,72.3,1
485,Data Structures,TEST1,20.0,15.3,1
485,Data Structures,TEST2,20.0,15.4,1
485,Data Structures,MIDTERM,50.0,40.1,1
485,Data Structures,FINAL,100.0,76.0,1
486,Programming,TEST1,20.0,9.7,1
486,Programming,TEST2,20.0,13.1,1
486,Programming,MIDTERM,50.0,38.6,1
486,Programming,FINAL,100.0,83.7,1
486,Communication Skills,TEST1,20.0,9.1,1
486,Communication Skills,TEST2,20.0,12.6,1
486,Communication Skills,MIDTERM,50.0,34.6,1
486,Communication Skills,FINAL,100.0,76.7,1
486,Mathematics,TEST1,20.0,10.3,1
486,Mathematics,TEST2,20.0,11.8,1
486,Mathematics,MIDTERM,50.0,35.9,1
486,Mathematics,FINAL,100.0,82.1,1
486,Engineering Fundamentals,TEST1,20.0,9.8,1
486,Engineering Fundamentals,TEST2,20.0,11.9,1
486,Engineering Fundamentals,MIDTERM,50.0,36.8,1
486,Engineering Fundamentals,FINAL,100.0,84.2,1
487,Electronics,TEST1,20.0,10.9,1
487,Electronics,TEST2,20.0,13.8,1
487,Electronics,MIDTERM,50.0,38.2,1
487,Electronics,FINAL,100.0,85.2,1
487,Mathematics,TEST1,20.0,9.8,1
487,Mathematics,TEST2,20.0,11.3,1
487,Mathematics,MIDTERM,50.0,32.0,1
487,Mathematics,FINAL,100.0,72.3,1
487,Communication Skills,TEST1,20.0,10.1,1
487,Communication Skills,TEST2,20.0,11.3,1
487,Communication Skills,MIDTERM,50.0,39.2,1
487,Communication Skills,FINAL,100.0,91.4,1
487,Data Structures,TEST1,20.0,10.9,1
487,Data Structures,TEST2,20.0,12.3,1
487,Data Structures,MIDTERM,50.0,34.9,1
487,Data Structures,FINAL,100.0,79.1,1
488,Electronics,TEST1,20.0,14.5,1
488,Electronics,TEST2,20.0,13.9,1
488,Electronics,MIDTERM,50.0,35.3,1
488,Electronics,FINAL,100.0,68.1,1
488,Communication Skills,TEST1,20.0,15.7,1
488,Communication Skills,TEST2,20.0,16.6,1
488,Communication Skills,MIDTERM,50.0,40.6,1
488,Communication Skills,FINAL,100.0,76.5,1
488,Data Structures,TEST1,20.0,14.1,1
488,Data Structures,TEST2,20.0,14.7,1
488,Data Structures,MIDTERM,50.0,36.1,1
488,Data Structures,FINAL,100.0,73.2,1
488,Programming,TEST1,20.0,14.1,1
488,Programming,TEST2,20.0,12.9,1
488,Programming,MIDTERM,50.0,35.9,1
488,Programming,FINAL,100.0,71.9,1
489,Data Structures,TEST1,20.0,14.1,1
489,Data Structures,TEST2,20.0,13.3,1
489,Data Structures,MIDTERM,50.0,31.9,1
489,Data Structures,FINAL,100.0,50.3,1
489,Engineering Fundamentals,TEST1,20.0,14.6,1
489,Engineering Fundamentals,TEST2,20.0,12.6,1
489,Engineering Fundamentals,MIDTERM,50.0,31.3,1
489,Engineering Fundamentals,FINAL,100.0,55.1,1
489,Electronics,TEST1,20.0,14.9,1
489,Electronics,TEST2,20.0,14.5,1
489,Electronics,MIDTERM,50.0,30.0,1
489,Electronics,FINAL,100.0,45.9,1
489,Mathematics,TEST1,20.0,14.1,1
489,Mathematics,TEST2,20.0,13.6,1
489,Mathematics,MIDTERM,50.0,29.5,1
489,Mathematics,FINAL,100.0,54.5,1
490,Engineering Fundamentals,TEST1,20.0,15.6,1
490,Engineering Fundamentals,TEST2,20.0,13.8,1
490,Engineering Fundamentals,MIDTERM,50.0,28.0,1
490,Engineering Fundamentals,FINAL,100.0,51.0,1
490,Electronics,TEST1,20.0,15.1,1
490,Electronics,TEST2,20.0,14.5,1
490,Electronics,MIDTERM,50.0,30.2,1
490,Electronics,FINAL,100.0,56.7,1
490,Data Structures,TEST1,20.0,14.1,1
490,Data Structures,TEST2,20.0,12.5,1
490,Data Structures,MIDTERM,50.0,26.4,1
490,Data Structures,FINAL,100.0,44.1,1
490,Programming,TEST1,20.0,15.3,1
490,Programming,TEST2,20.0,14.6,1
490,Programming,MIDTERM,50.0,31.9,1
490,Programming,FINAL,100.0,61.3,1
491,Communication Skills,TEST1,20.0,14.1,1
491,Communication Skills,TEST2,20.0,11.4,1
491,Communication Skills,MIDTERM,50.0,24.1,1
491,Communication Skills,FINAL,100.0,39.9,1
491,Mathematics,TEST1,20.0,16.4,1
491,Mathematics,TEST2,20.0,12.7,1
491,Mathematics,MIDTERM,50.0,24.7,1
491,Mathematics,FINAL,100.0,37.6,1
491,Engineering Fundamentals,TEST1,20.0,12.6,1
491,Engineering Fundamentals,TEST2,20.0,10.4,1
491,Engineering Fundamentals,MIDTERM,50.0,16.9,1
491,Engineering Fundamentals,FINAL,100.0,19.6,1
491,Electronics,TEST1,20.0,13.0,1
491,Electronics,TEST2,20.0,8.9,1
491,Electronics,MIDTERM,50.0,17.6,1
491,Electronics,FINAL,100.0,20.9,1
492,Mathematics,TEST1,20.0,13.7,1
492,Mathematics,TEST2,20.0,13.3,1
492,Mathematics,MIDTERM,50.0,31.7,1
492,Mathematics,FINAL,100.0,60.3,1
492,Data Structures,TEST1,20.0,14.7,1
492,Data Structures,TEST2,20.0,13.0,1
492,Data Structures,MIDTERM,50.0,30.3,1
492,Data Structures,FINAL,100.0,54.3,1
492,Communication Skills,TEST1,20.0,14.4,1
492,Communication Skills,TEST2,20.0,12.9,1
492,Communication Skills,MIDTERM,50.0,31.5,1
492,Communication Skills,FINAL,100.0,58.8,1
492,Engineering Fundamentals,TEST1,20.0,14.9,1
492,Engineering Fundamentals,TEST2,20.0,12.0,1
492,Engineering Fundamentals,MIDTERM,50.0,30.2,1
492,Engineering Fundamentals,FINAL,100.0,44.1,1
493,Engineering Fundamentals,TEST1,20.0,15.6,1
493,Engineering Fundamentals,TEST2,20.0,14.2,1
493,Engineering Fundamentals,MIDTERM,50.0,30.2,1
493,Engineering Fundamentals,FINAL,100.0,57.1,1
493,Communication Skills,TEST1,20.0,14.6,1
493,Communication Skills,TEST2,20.0,12.5,1
493,Communication Skills,MIDTERM,50.0,31.1,1
493,Communication Skills,FINAL,100.0,50.0,1
493,Mathematics,TEST1,20.0,14.0,1
493,Mathematics,TEST2,20.0,11.9,1
493,Mathematics,MIDTERM,50.0,26.8,1
493,Mathematics,FINAL,100.0,42.0,1
493,Data Structures,TEST1,20.0,14.5,1
493,Data Structures,TEST2,20.0,14.8,1
493,Data Structures,MIDTERM,50.0,32.6,1
493,Data Structures,FINAL,100.0,63.0,1
494,Mathematics,TEST1,20.0,14.2,1
494,Mathematics,TEST2,20.0,16.1,1
494,Mathematics,MIDTERM,50.0,35.7,1
494,Mathematics,FINAL,100.0,79.4,1
494,Communication Skills,TEST1,20.0,17.2,1
494,Communication Skills,TEST2,20.0,16.7,1
494,Communication Skills,MIDTERM,50.0,43.5,1
494,Communication Skills,FINAL,100.0,80.8,1
494,Engineering Fundamentals,TEST1,20.0,14.6,1
494,Engineering Fundamentals,TEST2,20.0,13.5,1
494,Engineering Fundamentals,MIDTERM,50.0,37.6,1
494,Engineering Fundamentals,FINAL,100.0,66.8,1
494,Electronics,TEST1,20.0,17.2,1
494,Electronics,TEST2,20.0,18.5,1
494,Electronics,MIDTERM,50.0,43.3,1
494,Electronics,FINAL,100.0,83.1,1
495,Electronics,TEST1,20.0,13.8,1
495,Electronics,TEST2,20.0,10.8,1
495,Electronics,MIDTERM,50.0,26.4,1
495,Electronics,FINAL,100.0,37.0,1
495,Engineering Fundamentals,TEST1,20.0,12.6,1
495,Engineering Fundamentals,TEST2,20.0,9.8,1
495,Engineering Fundamentals,MIDTERM,50.0,20.7,1
495,Engineering Fundamentals,FINAL,100.0,29.0,1
495,Data Structures,TEST1,20.0,12.0,1
495,Data Structures,TEST2,20.0,11.4,1
495,Data Structures,MIDTERM,50.0,20.9,1
495,Data Structures,FINAL,100.0,29.9,1
495,Mathematics,TEST1,20.0,13.0,1
495,Mathematics,TEST2,20.0,10.8,1
495,Mathematics,MIDTERM,50.0,23.9,1
495,Mathematics,FINAL,100.0,33.5,1
496,Programming,TEST1,20.0,14.9,1
496,Programming,TEST2,20.0,12.6,1
496,Programming,MIDTERM,50.0,30.0,1
496,Programming,FINAL,100.0,43.8,1
496,Engineering Fundamentals,TEST1,20.0,13.8,1
496,Engineering Fundamentals,TEST2,20.0,12.9,1
496,Engineering Fundamentals,MIDTERM,50.0,30.7,1
496,Engineering Fundamentals,FINAL,100.0,52.2,1
496,Mathematics,TEST1,20.0,14.2,1
496,Mathematics,TEST2,20.0,13.8,1
496,Mathematics,MIDTERM,50.0,32.1,1
496,Mathematics,FINAL,100.0,53.6,1
496,Electronics,TEST1,20.0,13.8,1
496,Electronics,TEST2,20.0,12.2,1
496,Electronics,MIDTERM,50.0,29.1,1
496,Electronics,FINAL,100.0,45.6,1
497,Communication Skills,TEST1,20.0,11.0,1
497,Communication Skills,TEST2,20.0,12.2,1
497,Communication Skills,MIDTERM,50.0,31.3,1
497,Communication Skills,FINAL,100.0,79.0,1
497,Data Structures,TEST1,20.0,10.0,1
497,Data Structures,TEST2,20.0,11.6,1
497,Data Structures,MIDTERM,50.0,35.7,1
497,Data Structures,FINAL,100.0,74.9,1
497,Programming,TEST1,20.0,9.9,1
497,Programming,TEST2,20.0,12.9,1
497,Programming,MIDTERM,50.0,33.6,1
497,Programming,FINAL,100.0,78.7,1
497,Mathematics,TEST1,20.0,10.2,1
497,Mathematics,TEST2,20.0,10.9,1
497,Mathematics,MIDTERM,50.0,33.4,1
497,Mathematics,FINAL,100.0,78.2,1
498,Data Structures,TEST1,20.0,14.6,1
498,Data Structures,TEST2,20.0,13.0,1
498,Data Structures,MIDTERM,50.0,29.4,1
498,Data Structures,FINAL,100.0,50.5,1
498,Electronics,TEST1,20.0,14.3,1
498,Electronics,TEST2,20.0,11.6,1
498,Electronics,MIDTERM,50.0,29.8,1
498,Electronics,FINAL,100.0,46.6,1
498,Engineering Fundamentals,TEST1,20.0,13.7,1
498,Engineering Fundamentals,TEST2,20.0,12.0,1
498,Engineering Fundamentals,MIDTERM,50.0,28.3,1
498,Engineering Fundamentals,FINAL,100.0,44.9,1
498,Mathematics,TEST1,20.0,13.9,1
498,Mathematics,TEST2,20.0,12.4,1
498,Mathematics,MIDTERM,50.0,27.2,1
498,Mathematics,FINAL,100.0,43.1,1
499,Communication Skills,TEST1,20.0,9.1,1
499,Communication Skills,TEST2,20.0,11.9,1
499,Communication Skills,MIDTERM,50.0,33.4,1
499,Communication Skills,FINAL,100.0,82.9,1
499,Data Structures,TEST1,20.0,10.0,1
499,Data Structures,TEST2,20.0,11.7,1
499,Data Structures,MIDTERM,50.0,37.4,1
499,Data Structures,FINAL,100.0,83.6,1
499,Mathematics,TEST1,20.0,10.0,1
499,Mathematics,TEST2,20.0,12.6,1
499,Mathematics,MIDTERM,50.0,36.0,1
499,Mathematics,FINAL,100.0,82.7,1
499,Engineering Fundamentals,TEST1,20.0,8.8,1
499,Engineering Fundamentals,TEST2,20.0,11.6,1
499,Engineering Fundamentals,MIDTERM,50.0,34.1,1
499,Engineering Fundamentals,FINAL,100.0,81.1,1
500,Data Structures,TEST1,20.0,16.2,1
500,Data Structures,TEST2,20.0,13.5,1
500,Data Structures,MIDTERM,50.0,34.4,1
500,Data Structures,FINAL,100.0,56.0,1
500,Mathematics,TEST1,20.0,13.7,1
500,Mathematics,TEST2,20.0,12.4,1
500,Mathematics,MIDTERM,50.0,27.2,1
500,Mathematics,FINAL,100.0,47.0,1
500,Programming,TEST1,20.0,13.9,1
500,Programming,TEST2,20.0,13.5,1
500,Programming,MIDTERM,50.0,32.1,1
500,Programming,FINAL,100.0,55.0,1
500,Communication Skills,TEST1,20.0,13.8,1
500,Communication Skills,TEST2,20.0,14.0,1
500,Communication Skills,MIDTERM,50.0,26.8,1
500,Communication Skills,FINAL,100.0,47.4,1
